ID	gene	h0_r	h0_mu	h0_sigma	h1_r	h1_alpha	h1_sigma	h1_theta	h0	h1	lr	p	signif	q
305	305	30.94969	1.4366753	4.0348773	14.467791	39.591187	16.306517	1.3939759	127.306885	97.02835	60.557068	0.0	True	0.0
321	321	7.8191457	2.8761804	4.153329	1.9282578	47.367016	9.022354	3.3656728	-212.11502	-234.42296	44.615875	0.0	True	0.0
320	320	79.76829	2.6625726	4.490334	148.41316	9.952195	10.305264	2.5005853	-58.100315	-79.46952	42.73841	0.0	True	0.0
319	319	86.81761	3.0437088	4.337325	129.69681	7.6621003	9.166792	3.106823	-177.87364	-195.18237	34.617462	0.0	True	0.0
315	315	33.586426	2.7555406	3.669706	3.2988243	54.325535	8.342776	3.2668786	-141.39293	-164.65851	46.53116	0.0	True	0.0
314	314	77.05083	3.264636	4.4563737	148.41316	5.5990014	8.598949	3.4678495	-296.61612	-313.4235	33.614746	0.0	True	0.0
313	313	43.096523	3.2275982	3.6230955	23.800177	18.193258	10.712743	3.2906053	-154.60626	-181.80296	54.393402	0.0	True	0.0
312	312	22.153238	2.5647197	4.3328986	48.163967	10.789979	11.119067	2.5630715	-54.182392	-79.5297	50.69462	0.0	True	0.0
311	311	5.782113	3.1176152	3.619171	2.0346742	71.75778	11.432315	3.5585465	-260.37564	-286.95523	53.15918	0.0	True	0.0
310	310	35.824574	2.7071404	3.7576792	44.308784	10.635457	9.52746	2.7072036	-73.028015	-94.472015	42.888	0.0	True	0.0
309	309	57.3935	2.3106704	3.4301898	3.352802	42.64123	8.444306	2.251167	55.10308	29.322746	51.56067	0.0	True	0.0
308	308	11.171161	1.7710763	4.1096396	22.429617	10.71245	10.754332	1.4788228	74.07919	49.48282	49.19275	0.0	True	0.0
307	307	15.231168	2.4876378	3.392268	2.763935	62.19136	9.028052	2.2775283	50.131824	21.074947	58.113754	0.0	True	0.0
306	306	20.818775	1.9357263	3.8051002	21.102358	8.783491	9.223878	1.6195031	64.679245	43.715797	41.926895	0.0	True	0.0
324	324	15.509714	1.7112211	4.0257196	21.102797	20.363878	12.714708	1.6878241	82.27607	54.03071	56.490723	0.0	True	0.0
304	304	11.882405	2.4045005	4.105471	14.707059	8.112814	9.738838	2.1249652	-15.165592	-33.554764	36.778343	0.0	True	0.0
303	303	61.023727	3.2106874	4.6901693	101.46605	8.537143	10.338019	3.1550608	-198.36087	-219.65262	42.583496	0.0	True	0.0
302	302	22.354055	1.9667886	3.759302	2.4404976	50.81458	8.83913	2.2437592	38.07404	16.304543	43.538994	0.0	True	0.0
301	301	11.3549595	2.6774852	3.3752375	3.608011	53.600365	9.251915	2.9464576	-66.733025	-100.451454	67.43686	0.0	True	0.0
300	300	9.358591	2.9604359	4.2697496	43.482193	6.3868756	9.814532	2.891971	-166.1261	-187.33914	42.426086	0.0	True	0.0
298	298	8.902068	3.14883	4.511837	16.946257	46.157078	23.280607	3.2820513	-217.64662	-245.09674	54.900238	0.0	True	0.0
297	297	148.41316	1.7721314	4.365143	103.76829	5.1184015	7.94888	1.629233	63.94796	48.41263	31.070663	0.0	True	0.0
296	296	15.040593	3.1692896	4.2835917	12.241845	10.133449	10.211751	3.0490613	-164.30145	-185.90048	43.19806	0.0	True	0.0
294	294	8.695663	3.6272545	3.9666054	2.2027802	60.589096	8.484329	3.9308596	-341.96484	-363.3337	42.737732	0.0	True	0.0
293	293	109.93373	1.2029363	4.033583	42.041782	11.546079	10.022012	1.2005954	129.37712	104.6523	49.449646	0.0	True	0.0
291	291	11.483011	2.7708187	3.665189	2.2287662	54.637005	8.12952	2.835708	-66.783264	-89.30853	45.050537	0.0	True	0.0
289	289	7.280158	2.446689	3.983363	1.9793335	67.818954	11.459289	2.6203356	-50.56671	-76.09877	51.064117	0.0	True	0.0
338	338	14.856116	3.5467918	3.9768941	2.688449	53.92915	8.892027	3.5186024	-211.95828	-240.4727	57.02884	0.0	True	0.0
357	357	39.49633	3.1656778	4.3242435	143.49579	4.2884326	7.624853	3.1541102	-196.29623	-211.76834	30.944214	0.0	True	0.0
356	356	148.41316	2.5821764	4.307151	148.41316	9.290109	9.542452	2.373392	-23.135862	-45.015533	43.759342	0.0	True	0.0
352	352	15.47372	3.1410432	4.165382	3.0365133	52.038677	10.564918	3.5588984	-238.76248	-261.45477	45.384583	0.0	True	0.0
351	351	116.76545	3.4577043	3.8827267	3.5445373	45.91553	8.686971	3.1692274	-126.49313	-147.6977	42.40912	0.0	True	0.0
349	349	122.377235	2.6108143	4.2904086	41.713436	7.8707724	9.060772	2.582496	-69.79599	-86.5208	33.449615	0.0	True	0.0
347	347	17.839108	3.8162606	4.4176054	110.886284	7.4922953	10.801321	3.4038353	-266.87924	-286.65717	39.555847	0.0	True	0.0
346	346	19.023325	3.3886094	3.6326983	3.9753823	85.289764	9.844288	3.5795238	-194.82874	-231.4755	73.29352	0.0	True	0.0
345	345	21.715235	2.4730582	3.9173067	2.5576103	49.94185	8.449508	2.7618964	-50.34288	-74.43692	48.18808	0.0	True	0.0
343	343	11.128487	2.9906936	3.5886662	2.1867971	64.75311	6.1735725	2.8342433	-53.99819	-81.962685	55.928986	0.0	True	0.0
342	342	17.21041	2.9845448	4.452124	16.148594	5.76012	8.356826	3.0171201	-207.72934	-224.4367	33.414734	0.0	True	0.0
341	341	8.045551	2.5716708	3.7461538	1.885375	51.482796	9.286042	2.394084	-3.2145557	-25.231457	44.033802	0.0	True	0.0
340	340	28.081932	2.435892	4.406858	16.031885	12.177493	10.264837	2.3299694	-17.514904	-37.189697	39.349586	0.0	True	0.0
339	339	17.847387	4.0644946	4.453681	19.71432	5.145699	8.660399	3.9174485	-395.03912	-410.53543	30.992615	0.0	True	0.0
288	288	93.036095	3.6026893	4.3477097	93.68959	5.664066	8.124251	3.3409774	-197.15704	-215.97327	37.632446	0.0	True	0.0
337	337	40.71307	2.571103	3.207066	15.714215	34.609707	12.382575	2.8369274	-45.07006	-76.7905	63.440872	0.0	True	0.0
336	336	16.602772	4.3142123	4.7684007	19.24238	6.8452563	9.690146	4.226597	-459.09137	-477.38556	36.58838	0.0	True	0.0
335	335	14.502118	3.049088	4.621879	18.201084	6.512035	9.31338	3.042454	-190.07553	-209.73625	39.32144	0.0	True	0.0
334	334	79.05293	2.777232	3.683021	28.398468	6.250798	6.9319205	2.679725	-56.85391	-73.93057	34.153328	0.0	True	0.0
333	333	32.973766	2.8324075	4.77505	38.98516	7.6047735	9.911583	2.8105087	-119.17088	-141.18704	44.03232	0.0	True	0.0
332	332	70.508286	4.1099324	4.469826	42.235447	8.888482	10.143025	4.1824565	-409.47116	-429.36826	39.79419	0.0	True	0.0
331	331	17.000998	2.520128	4.2372856	21.441124	6.100059	8.165298	2.5590012	-101.17522	-121.33921	40.327988	0.0	True	0.0
330	330	8.795875	3.6312926	4.2472105	1.8897716	63.942043	6.997808	3.735636	-297.18948	-316.23407	38.089172	0.0	True	0.0
329	329	29.587015	2.9078166	4.476503	27.25641	5.9638705	8.640858	3.0565543	-187.0285	-204.84465	35.632294	0.0	True	0.0
328	328	129.90663	1.7663912	3.8320916	148.41316	9.173432	8.419933	1.816588	80.189735	57.152874	46.073723	0.0	True	0.0
327	327	15.037018	2.1942568	4.7765646	60.924263	4.9831896	9.167992	2.336846	-116.716446	-132.87372	32.314545	0.0	True	0.0
325	325	75.92303	2.6896944	5.1819844	57.558075	3.9668992	8.347021	2.8646784	-204.16194	-219.74182	31.15976	0.0	True	0.0
234	234	25.227337	2.5958314	3.4751914	22.824545	6.97243	7.4488993	2.1507537	18.619658	0.061920166	37.115475	0.0	True	0.0
250	250	15.99376	2.9902103	3.5672464	3.525793	48.77961	9.887058	3.0808902	-101.88396	-131.39322	59.018524	0.0	True	0.0
249	249	8.18679	3.306304	4.006771	2.198157	66.56569	6.3551645	3.4188333	-193.47607	-219.236	51.519836	0.0	True	0.0
248	248	9.03694	2.6016557	3.4361405	2.6844275	65.43985	10.02094	2.625895	-11.427267	-43.845238	64.83594	0.0	True	0.0
246	246	123.50543	2.0490587	4.5567837	73.08131	4.898012	7.972621	1.9849861	-3.9993095	-19.97306	31.947502	0.0	True	0.0
245	245	41.04504	2.6564195	4.2218375	34.21042	5.548805	8.134635	2.7539093	-109.24873	-127.26632	36.03517	0.0	True	0.0
244	244	14.169189	2.2638648	3.9358158	10.188401	11.137785	9.281818	2.7216592	-76.2349	-99.105125	45.740448	0.0	True	0.0
243	243	113.5004	2.0037668	3.7691755	59.189396	29.035746	14.483467	2.1636736	34.032333	12.936241	42.192184	0.0	True	0.0
241	241	148.41316	2.6850414	3.9491699	97.53224	10.79259	9.835458	2.8537574	-82.50198	-107.611374	50.21878	0.0	True	0.0
239	239	25.105959	2.649446	4.1391044	26.47321	8.407067	9.169043	2.55158	-69.05766	-89.54956	40.983795	0.0	True	0.0
238	238	37.785496	2.5408435	3.6997962	46.918533	9.826762	8.9706335	2.4583378	-17.20129	-38.420124	42.437668	0.0	True	0.0
237	237	148.41316	2.7131958	4.4274917	129.40932	6.7851796	9.005088	2.8554487	-119.57222	-137.15979	35.17514	0.0	True	0.0
236	236	5.874256	3.9282088	3.4215872	2.9020135	50.818203	12.143422	4.042326	-356.81696	-387.5072	61.380493	0.0	True	0.0
235	235	16.310411	3.0585465	3.8578928	2.5461137	47.464485	8.057015	3.1915543	-140.31766	-164.70172	48.768127	0.0	True	0.0
252	252	13.00834	3.1649573	4.0339746	2.3720145	63.704025	8.35501	3.2342558	-152.4294	-175.68001	46.50122	0.0	True	0.0
233	233	16.270895	2.5826662	4.2105203	18.702564	13.208513	11.580388	2.8155346	-114.07585	-134.12854	40.105377	0.0	True	0.0
232	232	22.793755	1.1886617	4.277523	21.28718	74.58847	24.782757	1.1410238	133.73859	106.691635	54.093903	0.0	True	0.0
231	231	22.837973	2.7934046	3.4350317	3.221225	52.84665	8.083764	2.81751	-40.698254	-70.031334	58.66616	0.0	True	0.0
229	229	85.863495	3.2776031	4.1655736	62.03335	15.484925	10.995038	3.3298783	-177.13492	-207.32588	60.381927	0.0	True	0.0
227	227	12.685008	3.7982814	3.996076	3.251892	59.40638	8.78669	4.3090234	-415.0813	-442.01215	53.861694	0.0	True	0.0
226	226	148.41316	3.5329838	4.358484	131.01013	6.9592257	9.132381	3.2738302	-190.37598	-207.87448	34.99701	0.0	True	0.0
225	225	9.831297	3.378257	4.4191866	2.030093	55.639866	9.322362	3.4436846	-223.71593	-248.09082	48.749786	0.0	True	0.0
224	224	15.38757	3.9922009	5.318192	2.516317	54.202682	9.313532	4.3142023	-433.729	-462.72488	57.99176	0.0	True	0.0
219	219	100.17305	1.9579272	3.6776965	49.280148	29.497738	13.971769	2.0370355	59.560913	36.535336	46.051155	0.0	True	0.0
218	218	10.067204	3.4959645	3.9911146	12.833302	6.45796	8.686952	3.381193	-225.21402	-245.48582	40.54361	0.0	True	0.0
217	217	26.233393	2.3640335	3.8291454	25.1566	6.1032887	7.872033	2.6334925	-96.21749	-114.915085	37.395187	0.0	True	0.0
216	216	6.2001963	2.2561471	4.245605	7.5311866	4.90374	8.194203	1.9241807	-46.972485	-63.203323	32.461678	0.0	True	0.0
268	268	7.1136885	2.2824607	3.4641402	1.8996804	61.205807	8.27881	2.8775203	-87.884544	-110.99986	46.230637	0.0	True	0.0
285	285	14.941364	2.3206074	4.5996575	17.44513	5.1464524	8.422838	2.169533	-66.96414	-84.413925	34.899567	0.0	True	0.0
284	284	45.970028	2.7315862	4.3705206	32.94297	9.909456	10.065135	2.6382048	-61.321007	-84.323975	46.005936	0.0	True	0.0
282	282	16.080938	3.6776872	4.598431	3.4587605	30.724085	10.358531	3.8196337	-299.01987	-325.49814	52.956543	0.0	True	0.0
280	280	35.34591	2.519808	4.291575	23.202166	8.921858	9.355579	2.4870439	-52.76496	-72.2644	38.99887	0.0	True	0.0
279	279	8.242974	4.2741814	4.3139834	2.8327641	64.63333	12.733871	4.848291	-594.4705	-623.38214	57.823242	0.0	True	0.0
278	278	143.94234	4.2106204	4.5799537	110.81651	9.206954	10.255611	4.0331984	-357.08807	-381.39166	48.607178	0.0	True	0.0
277	277	29.114285	3.9560456	4.926795	78.380424	8.089066	11.211882	3.538093	-315.86615	-335.41205	39.091797	0.0	True	0.0
276	276	148.41316	3.01601	3.7689002	148.41316	5.639155	7.1802673	2.8676245	-101.80695	-117.455536	31.297165	0.0	True	0.0
275	275	13.109761	4.2352	3.5672734	3.3161235	65.32811	8.803503	4.0560293	-341.5558	-367.40692	51.70227	0.0	True	0.0
274	274	38.276703	2.4565697	3.5965638	15.756958	14.472082	9.038116	2.452293	-0.5949936	-27.00579	52.821594	0.0	True	0.0
271	271	59.877274	2.5820735	3.2990358	57.601376	5.766183	6.6449313	2.423279	-0.13047314	-18.023628	35.78631	0.0	True	0.0
269	269	17.00844	4.221784	3.8455324	3.6380246	53.98598	10.148881	3.957081	-322.93204	-346.74182	47.619568	0.0	True	0.0
358	358	99.3873	2.8314705	3.865485	50.806973	7.3755493	7.9694347	2.8334239	-79.874855	-99.4067	39.06369	0.0	True	0.0
266	266	11.85805	3.5361557	4.214458	2.3075988	45.010376	9.750831	3.5739942	-248.52222	-273.7566	50.46875	0.0	True	0.0
264	264	12.190818	2.6152024	3.7659214	2.6097894	47.891277	9.262366	2.9051	-77.414185	-106.06349	57.298615	0.0	True	0.0
263	263	148.41316	2.7193654	4.1619654	148.41316	6.3315735	7.955289	2.446653	-17.615143	-35.044094	34.857903	0.0	True	0.0
261	261	120.160965	3.0284271	3.3311982	24.73414	28.640305	12.192171	2.989159	-84.29282	-107.166115	45.746582	0.0	True	0.0
260	260	17.188911	3.363761	4.6586914	6.1955237	17.209908	11.615581	3.1255534	-179.15701	-202.26633	46.218628	0.0	True	0.0
259	259	24.43729	2.9181576	4.1466856	63.909794	6.161403	8.787058	2.7540956	-117.39996	-135.64413	36.488342	0.0	True	0.0
258	258	20.595991	3.4465482	3.8699026	3.417027	46.445625	9.887784	3.7775145	-281.0	-302.0083	42.0166	0.0	True	0.0
257	257	51.57868	3.4198112	4.8308125	148.41316	5.168153	9.124685	3.4668536	-297.11047	-314.44116	34.661377	0.0	True	0.0
256	256	15.141299	3.3296692	3.7389832	2.4328518	68.69518	8.152997	3.3096254	-166.32494	-187.71225	42.774628	0.0	True	0.0
255	255	14.256127	3.0503957	4.2802205	10.917347	9.523022	9.763046	3.0111523	-156.71371	-178.40976	43.39209	0.0	True	0.0
254	254	12.221148	3.5270875	4.240547	2.5434241	51.576218	9.657779	3.6434736	-263.22656	-286.57544	46.697754	0.0	True	0.0
253	253	12.292099	3.8749473	4.18414	10.353683	5.4038005	7.6286755	3.711414	-305.58197	-323.9772	36.790466	0.0	True	0.0
446	446	23.84474	2.230845	3.6586838	2.6899593	56.910133	9.08208	2.5129092	0.3961506	-25.354202	51.500706	0.0	True	0.0
47	47	6.4971843	3.4367573	4.279444	6.614502	7.552085	9.514121	3.163131	-236.86894	-255.47835	37.21881	0.0	True	0.0
46	46	25.617357	3.1616876	4.0261164	32.33428	6.88144	8.479671	2.9656193	-141.03548	-160.09315	38.115356	0.0	True	0.0
43	43	21.33349	3.6062312	3.9822428	3.0160809	67.901566	11.060132	3.4908721	-213.60051	-236.16658	45.13214	0.0	True	0.0
42	42	14.845399	3.6755462	4.2336354	3.5063553	80.74045	14.714646	4.0858836	-355.62366	-383.88394	56.52057	0.0	True	0.0
41	41	17.198692	2.6803923	4.1611757	31.689589	12.2224245	10.861342	2.6544576	-81.114716	-105.81412	49.398804	0.0	True	0.0
40	40	23.442299	2.2395227	4.217832	38.90127	6.299516	8.524076	2.3905106	-59.55781	-79.47423	39.832832	0.0	True	0.0
39	39	27.506325	2.1745625	4.484642	35.998283	4.687314	7.739703	2.3418512	-62.6744	-78.825905	32.30301	0.0	True	0.0
36	36	17.05825	4.9035373	4.6755157	3.263587	56.932304	11.503917	5.082047	-672.8336	-694.43945	43.21167	0.0	True	0.0
35	35	12.449909	3.7129407	4.1570106	2.5414605	65.103	7.0705824	3.655705	-244.77612	-272.2401	54.92798	0.0	True	0.0
34	34	6.466718	2.3823955	3.684198	7.9138474	5.6537204	7.91609	2.4698308	-69.58518	-86.90744	34.644516	0.0	True	0.0
495	495	148.41316	2.8605633	3.8566387	45.673485	15.266168	10.332142	2.9591973	-93.697205	-119.72302	52.051636	0.0	True	0.0
448	448	23.178259	2.6493149	5.036391	23.14953	8.302785	10.12406	3.1952868	-224.24063	-246.24118	44.0011	0.0	True	0.0
447	447	39.722324	3.5304663	3.9030232	4.0044565	47.405663	8.873046	3.7972884	-269.0739	-293.20383	48.259827	0.0	True	0.0
48	48	11.000992	2.437902	4.5614967	20.903038	6.0962143	9.202122	2.42512	-90.11026	-108.60596	36.991394	0.0	True	0.0
445	445	16.536665	1.8916398	4.6244087	21.992844	7.4734774	10.1659355	1.9976853	-14.9389305	-32.47561	35.073357	0.0	True	0.0
444	444	89.190544	3.938222	4.3152204	78.38939	6.2304854	8.694679	3.7817352	-319.8482	-335.88507	32.07373	0.0	True	0.0
443	443	148.41316	2.2375321	3.482519	148.41316	11.534802	8.917948	2.419469	9.617058	-11.5994	42.432915	0.0	True	0.0
442	442	30.157642	2.6244695	3.2825875	3.5971632	45.724945	8.282612	2.788698	-40.61428	-64.01524	46.801926	0.0	True	0.0
441	441	12.009941	3.4568243	5.009071	8.399079	7.030494	9.811996	3.4648516	-305.10266	-322.5266	34.8479	0.0	True	0.0
440	440	24.21402	4.5106015	4.672021	31.456638	4.051892	8.023798	4.3508906	-523.69904	-539.16077	30.923462	0.0	True	0.0
439	439	9.993682	2.5126498	3.817973	2.1342876	64.29321	10.067921	2.850109	-83.88583	-106.04552	44.319366	0.0	True	0.0
438	438	145.96425	2.3207896	4.7606025	148.41316	4.652704	8.23056	2.559711	-101.64068	-119.43517	35.58899	0.0	True	0.0
436	436	15.9375	2.75947	4.2198763	25.573616	18.813305	13.463806	2.614825	-53.089058	-81.82145	57.464783	0.0	True	0.0
435	435	57.62291	2.5140653	4.3272133	65.990654	5.3568625	7.7691054	2.241658	-24.073612	-42.21559	36.28396	0.0	True	0.0
434	434	17.65598	3.3449163	4.0082645	88.523224	18.829626	15.083375	3.3927166	-229.80753	-250.76495	41.914856	0.0	True	0.0
433	433	67.33166	3.847715	4.6891575	131.07318	6.0585256	9.3089905	3.6800125	-298.92487	-318.82306	39.796387	0.0	True	0.0
497	497	47.57124	2.3478937	4.0537705	49.756794	7.476539	8.586878	2.126968	11.471046	-8.8461075	40.634308	0.0	True	0.0
490	490	23.761816	3.0407934	3.2670064	17.079618	20.159164	10.30799	2.8478668	-53.461555	-85.271194	63.619278	0.0	True	0.0
489	489	27.595625	2.7566118	4.8044815	61.93853	6.489625	9.977796	3.126943	-225.37076	-245.83563	40.92975	0.0	True	0.0
488	488	55.056892	2.1846993	3.5038288	16.661663	33.171635	12.945227	2.353341	24.874826	1.0367355	47.67618	0.0	True	0.0
486	486	79.51761	4.31155	4.230436	108.75321	6.0865173	8.496707	3.8620226	-311.43552	-329.9048	36.938538	0.0	True	0.0
483	483	13.182625	4.402635	4.915181	39.595028	14.130353	15.558544	4.6662006	-586.48096	-609.153	45.344116	0.0	True	0.0
482	482	24.835205	3.4032078	5.0617	28.2511	8.420268	11.191354	3.449941	-282.6259	-303.87598	42.500183	0.0	True	0.0
57	57	9.004632	2.7707243	4.071216	16.750494	7.712493	9.829175	2.913218	-159.61935	-178.64716	38.055603	0.0	True	0.0
25	25	13.428669	4.118557	4.4580593	29.3355	8.662175	11.490381	3.9752426	-438.63004	-456.7072	36.154358	0.0	True	0.0
33	33	71.88135	3.465234	4.704303	79.39792	5.619881	8.926412	3.3753676	-232.25235	-248.26512	32.025543	0.0	True	0.0
473	473	148.41316	2.9745774	3.5221128	148.41316	7.7660546	7.7444286	3.0070784	-106.813095	-124.70752	35.78885	0.0	True	0.0
500	500	35.84842	2.899535	4.0150867	41.48739	7.604861	8.676024	2.7343085	-89.266884	-109.050385	39.567	0.0	True	0.0
499	499	25.0397	2.9170172	4.8714395	42.538403	10.01395	11.047047	2.6454618	-97.57155	-121.75022	48.357346	0.0	True	0.0
498	498	7.025438	4.1281815	4.186222	2.3535595	58.350853	10.520697	3.927405	-341.81934	-369.9198	56.200928	0.0	True	0.0
430	430	8.243243	2.6492486	3.5052905	29.564716	81.21539	28.63226	2.8061318	-97.91851	-125.3658	54.894577	0.0	True	0.0
64	64	41.91466	2.3617265	4.457338	99.61029	6.127493	8.785674	2.8098018	-119.683044	-138.80467	38.243256	0.0	True	0.0
63	63	25.8698	2.2263553	4.2816114	35.637497	6.7753897	8.498181	2.1832447	-17.97556	-38.79061	41.630104	0.0	True	0.0
61	61	12.873372	3.2978578	3.881177	18.778702	15.768822	11.774394	3.4713547	-224.40254	-252.49304	56.181	0.0	True	0.0
60	60	16.681213	3.0586228	4.162534	2.784072	82.25953	14.996651	3.0457523	-109.243355	-136.1383	53.7899	0.0	True	0.0
59	59	55.253326	3.5262635	4.165239	43.002754	6.455571	8.284646	3.273902	-185.05714	-203.28127	36.448242	0.0	True	0.0
58	58	16.759527	3.9506402	3.7719061	2.862528	64.16036	8.2030945	3.9140346	-310.90375	-336.34204	50.876587	0.0	True	0.0
492	492	21.868181	2.174807	3.8771455	23.455307	8.4701805	9.522145	1.8071951	32.955154	15.898392	34.113525	0.0	True	0.0
55	55	25.250587	2.6501071	4.4990363	31.069231	12.216944	11.477	2.5712662	-66.664795	-91.997826	50.66606	0.0	True	0.0
53	53	11.832057	3.413261	4.441994	2.2556505	59.656094	7.866993	3.7923555	-289.8864	-317.7788	55.78479	0.0	True	0.0
52	52	117.01698	3.5980892	4.7373624	75.991486	11.084031	11.313963	3.483902	-239.85208	-261.29446	42.884766	0.0	True	0.0
50	50	19.577898	1.8642368	3.9509652	22.656822	8.039304	8.934228	1.8027747	32.91235	17.26358	31.297539	0.0	True	0.0
49	49	20.671555	2.0193548	3.8225105	1.9692041	73.07395	9.5662985	2.0193703	73.748634	47.716618	52.064034	0.0	True	0.0
376	376	22.388735	2.2095613	3.5477974	58.71234	6.4254084	8.036754	2.0476327	24.702164	5.9047623	37.594803	0.0	True	0.0
398	398	18.323853	2.733895	4.3946967	34.262146	7.7298265	10.056786	2.8832152	-143.68683	-162.55133	37.729004	0.0	True	0.0
396	396	26.53653	3.3805597	3.6699347	17.404219	9.188179	8.802001	3.0592723	-157.30284	-176.46565	38.325623	0.0	True	0.0
395	395	69.56134	2.2418103	3.8483717	47.035408	5.5459137	6.7458515	2.2875884	0.41960526	-16.130314	33.09984	0.0	True	0.0
391	391	104.12269	2.7188783	4.2703123	52.991203	9.984391	9.221931	2.7285757	-70.461624	-91.93691	42.950577	0.0	True	0.0
389	389	37.123074	2.6569645	3.755087	29.187687	44.24415	16.957973	2.8451977	-63.41186	-92.9854	59.14707	0.0	True	0.0
388	388	9.099468	2.5816	3.6566794	2.588778	43.45156	10.287973	2.8670473	-87.89764	-107.45863	39.121994	0.0	True	0.0
386	386	90.18469	2.8170679	3.9267125	48.0031	7.983176	8.262403	2.7443407	-65.003586	-85.82063	41.634094	0.0	True	0.0
385	385	88.08838	2.9665606	3.9837844	51.500084	11.754407	9.582716	2.9061186	-87.57591	-109.58336	44.014893	0.0	True	0.0
384	384	84.9419	3.0442462	3.7116613	47.088223	6.996255	7.6659594	2.9943743	-116.87503	-137.18129	40.61252	0.0	True	0.0
382	382	66.37147	2.7646863	4.0473523	68.674484	4.7341313	7.3926144	2.5850248	-56.891865	-72.80667	31.829613	0.0	True	0.0
381	381	31.783314	2.126442	4.323273	29.467455	11.357889	10.868974	1.7909002	34.156143	10.905884	46.50052	0.0	True	0.0
380	380	19.48076	5.0530295	5.012222	15.597826	11.828335	12.28075	5.005617	-684.86926	-709.043	48.347534	0.0	True	0.0
378	378	32.51955	2.5835469	3.8274825	28.591564	5.395787	7.298985	2.919561	-146.1597	-161.69046	31.061523	0.0	True	0.0
399	399	9.016714	3.4412575	5.0149703	10.939374	6.1206546	10.168631	3.706071	-404.67715	-422.43555	35.516785	0.0	True	0.0
375	375	43.162045	2.2359731	4.291841	38.872566	6.5994654	8.348703	2.2558722	-33.916943	-53.127224	38.420563	0.0	True	0.0
374	374	55.5304	2.3542423	4.0085564	120.651	7.388407	8.770799	2.4628756	-38.35825	-60.29651	43.87652	0.0	True	0.0
373	373	5.5668283	2.7075782	3.9238427	2.1931396	51.175713	10.964124	3.2853196	-199.33466	-227.06648	55.463654	0.0	True	0.0
372	372	77.92448	2.0395656	4.4614005	148.41316	6.0511737	8.500731	1.8648343	24.443459	4.8679123	39.151093	0.0	True	0.0
369	369	21.256416	1.4977031	3.668573	12.824538	11.330869	8.525213	1.469763	116.01952	92.06305	47.91295	0.0	True	0.0
368	368	19.383362	2.4522233	3.5816455	25.734324	9.016308	8.5965605	2.4489558	-24.767654	-47.406113	45.276917	0.0	True	0.0
367	367	97.263016	1.6254532	3.5361314	30.790304	11.906616	9.395128	1.6686398	90.4714	71.32509	38.292618	0.0	True	0.0
366	366	84.09853	3.1606183	3.7724721	36.859272	8.484203	8.183502	3.0077085	-107.26444	-129.80351	45.07814	0.0	True	0.0
364	364	148.41316	2.9373384	3.5808544	6.7048874	49.253788	10.96767	3.1490064	-98.92728	-128.53554	59.216522	0.0	True	0.0
362	362	31.549866	2.5231128	3.7909741	2.2675002	62.511242	7.0939636	2.427524	20.651625	-3.3076172	47.918484	0.0	True	0.0
361	361	28.49267	3.452276	3.619048	34.021343	9.483979	9.023161	3.220797	-168.74873	-190.44217	43.38687	0.0	True	0.0
360	360	11.768946	2.3409069	4.6758904	14.689862	8.00782	10.107368	2.3519652	-90.38635	-111.747574	42.722443	0.0	True	0.0
413	413	19.995834	2.7698205	3.9053864	13.110099	7.954023	8.738589	3.017034	-139.3046	-155.3263	32.043396	0.0	True	0.0
429	429	33.791428	2.9986312	4.548352	28.214638	5.763962	8.418658	3.3638637	-240.99426	-257.10242	32.21631	0.0	True	0.0
428	428	14.65246	2.8120391	4.2834563	16.067318	5.843397	8.428154	2.757599	-132.19461	-149.08156	33.773895	0.0	True	0.0
427	427	135.53215	2.6431313	3.5313697	124.673035	6.1949263	7.05003	2.6846592	-49.266365	-65.80545	33.07817	0.0	True	0.0
425	425	148.41316	2.8538585	4.4983287	134.99911	5.7283387	8.257886	2.36927	-33.632225	-51.045166	34.825882	0.0	True	0.0
424	424	37.513638	2.6407259	3.9247015	24.749548	6.0861773	7.592803	2.3886023	-24.154058	-41.70819	35.108265	0.0	True	0.0
423	423	23.442276	2.5145497	3.4200234	24.376312	9.185482	8.41648	2.2109475	21.696148	2.0707245	39.250847	0.0	True	0.0
422	422	12.422829	2.7785947	4.8500776	20.473238	4.6791577	8.928325	3.101573	-253.77963	-269.28958	31.019897	0.0	True	0.0
421	421	88.24633	2.975673	4.5531063	109.93568	6.111317	8.742148	3.2236972	-208.78087	-227.53116	37.50058	0.0	True	0.0
419	419	10.3724165	2.8020575	3.7261803	2.009887	71.57195	6.6329107	3.477438	-225.55174	-241.80461	32.505737	0.0	True	0.0
417	417	8.896643	4.079583	4.300725	2.4096038	57.63363	11.188151	4.192025	-427.3011	-447.9623	41.32245	0.0	True	0.0
416	416	51.502625	2.5710342	3.8121088	18.272429	23.461588	11.59858	2.733506	-42.103508	-70.572174	56.937332	0.0	True	0.0
414	414	6.3533926	3.6034405	3.266472	3.4228275	61.357323	10.907186	3.7565727	-258.39532	-298.69714	80.60364	0.0	True	0.0
251	251	20.86192	3.1273367	4.5565186	25.724669	4.37554	7.758432	3.2932177	-239.97403	-256.54825	33.148438	0.0	True	0.0
412	412	16.349699	2.3004692	3.873636	16.21845	9.739503	8.913853	2.2539003	7.2017307	-18.502861	51.409184	0.0	True	0.0
411	411	99.83953	1.2942364	4.2843075	93.28073	5.8190255	8.228034	1.4066976	82.813065	64.38285	36.860428	0.0	True	0.0
410	410	148.41316	3.7941322	4.401528	148.41316	6.5805964	8.771122	3.7056212	-304.6796	-324.28778	39.21637	0.0	True	0.0
409	409	7.552409	4.6479588	4.51247	2.4510665	48.172005	10.467846	4.7361937	-584.95984	-610.47375	51.027832	0.0	True	0.0
408	408	24.237123	3.5834134	4.104331	25.053183	8.955961	10.005829	3.5419104	-254.94772	-277.73804	45.580627	0.0	True	0.0
407	407	50.108932	2.9710073	3.861155	47.733715	9.31499	9.030074	3.073128	-137.06157	-158.97655	43.829956	0.0	True	0.0
405	405	10.427952	2.9998908	3.8130724	2.3552132	47.561428	9.19955	2.8930213	-88.69023	-113.25409	49.127716	0.0	True	0.0
404	404	143.52727	2.5152426	3.8887248	90.331795	6.1551123	7.371547	2.2982683	-9.911586	-26.144203	32.465233	0.0	True	0.0
403	403	8.72159	2.2594624	4.0780387	15.938856	18.39007	13.123985	1.9084353	40.146393	9.35791	61.576965	0.0	True	0.0
402	402	56.599613	1.5897915	4.001134	98.37997	7.1222143	8.588055	1.6881645	46.610397	29.754406	33.711983	0.0	True	0.0
401	401	29.881668	3.1342516	4.5386972	12.347628	10.708488	9.798299	3.0518637	-152.14095	-174.03249	43.78308	0.0	True	0.0
400	400	12.131649	2.9453409	4.3671656	13.080105	15.155135	12.536819	2.919258	-138.61969	-162.5341	47.828827	0.0	True	0.0
70	70	148.41316	2.2458434	4.0362453	148.41316	5.691623	7.3981924	2.0893738	16.359514	-0.8052559	34.32954	0.0	True	0.0
142	142	148.41316	3.0220628	4.4678226	148.41316	6.5383515	8.620945	2.821983	-116.08385	-135.891	39.61432	0.0	True	0.0
141	141	19.649158	2.0947435	3.438895	16.38051	14.888501	9.677193	2.3895376	0.6213229	-24.768848	50.780342	0.0	True	0.0
140	140	16.794819	3.0472915	4.3654537	59.984127	11.895541	11.933338	3.0556629	-164.11357	-188.20784	48.188538	0.0	True	0.0
32	32	9.0158825	2.6771789	4.097107	1.8170913	61.069897	7.378471	3.115563	-140.17253	-163.93173	47.518402	0.0	True	0.0
66	66	9.020383	2.7299447	4.6139727	6.365895	13.130937	10.752065	2.8004792	-113.457184	-141.12404	55.33371	0.0	True	0.0
68	68	39.499756	1.9798287	4.04304	51.52085	6.2153797	8.537154	2.3400385	-63.537094	-80.69947	34.324753	0.0	True	0.0
69	69	16.687948	2.2545547	4.0258317	49.348385	8.09105	9.424458	2.3895671	-52.80121	-71.475624	37.34883	0.0	True	0.0
137	137	25.587126	3.9885368	4.7886558	26.50285	7.1531777	9.873451	3.7967448	-347.27942	-367.3483	40.137756	0.0	True	0.0
136	136	10.70186	3.192505	3.9658961	2.4888442	64.88017	10.503778	3.6181433	-256.73206	-278.8683	44.27246	0.0	True	0.0
143	143	7.537777	3.1680086	3.7446272	2.0974638	54.39149	7.918734	3.1967723	-149.57489	-176.60092	54.052063	0.0	True	0.0
71	71	22.108133	4.1473603	4.499691	36.33197	5.818715	9.421292	4.031557	-404.8735	-421.42682	33.10663	0.0	True	0.0
135	135	12.2664	4.7704487	5.6598673	26.666513	12.176448	15.357364	4.7214103	-611.64294	-638.49664	53.707397	0.0	True	0.0
134	134	8.455561	2.6310303	3.868473	2.0760524	49.69469	9.132666	2.7745006	-69.06843	-94.76345	51.390045	0.0	True	0.0
72	72	58.98245	1.4154856	4.2819357	105.37109	6.058596	8.407703	1.3825142	78.030075	59.626633	36.806885	0.0	True	0.0
73	73	13.676037	3.0000284	4.194967	7.5825915	9.327826	8.844134	2.8563886	-115.30414	-135.51459	40.4209	0.0	True	0.0
132	132	7.435724	2.6323864	4.0553613	8.818477	6.0186186	8.596765	2.427249	-72.823654	-91.515274	37.38324	0.0	True	0.0
131	131	54.61445	2.8546693	4.267626	148.41316	5.233089	8.430032	3.201563	-233.44733	-249.08331	31.271973	0.0	True	0.0
76	76	148.41316	2.7826142	3.67327	148.41316	7.20165	8.061651	2.7432225	-66.91869	-82.51095	31.18451	0.0	True	0.0
496	496	98.840385	4.12006	4.0183387	21.818047	45.22263	16.289267	4.180749	-361.4987	-392.1266	61.2558	0.0	True	0.0
160	160	66.15468	2.4783924	4.4208965	148.41316	4.7552366	7.865328	2.310331	-73.99146	-90.278656	32.574387	0.0	True	0.0
159	159	6.6704626	3.0655625	4.124029	2.1324189	63.18411	9.74066	3.4009852	-201.91539	-231.32106	58.81134	0.0	True	0.0
22	22	33.24313	3.4464297	4.0512757	27.685802	11.607061	10.441152	3.2084873	-170.5943	-196.58664	51.98468	0.0	True	0.0
157	157	21.29784	3.2032726	3.8151028	3.2336783	65.04745	8.224794	3.6876101	-244.55339	-267.1972	45.28763	0.0	True	0.0
23	23	10.175911	3.0765953	3.938471	2.4868498	67.17269	10.413553	3.4171605	-204.48918	-229.34744	49.716522	0.0	True	0.0
155	155	10.81334	3.2512047	4.062445	14.848624	4.95949	8.1189165	3.2942224	-239.50648	-255.47241	31.931854	0.0	True	0.0
24	24	110.47784	1.9909263	3.632358	148.41316	8.908332	8.422199	2.325806	9.441044	-10.456299	39.794685	0.0	True	0.0
154	154	11.588525	3.0457518	3.8743296	2.6328201	50.586266	8.693243	3.2511492	-150.29651	-178.62177	56.650513	0.0	True	0.0
153	153	13.6049185	2.3017821	3.8987339	10.559922	8.124048	8.088967	1.9521061	26.696537	6.466118	40.46084	0.0	True	0.0
129	129	9.193264	3.1582592	3.814587	10.572799	10.711364	9.945729	2.9044654	-127.03076	-147.7006	41.33969	0.0	True	0.0
151	151	12.175691	2.3722007	3.3908687	2.9977117	42.87918	9.211265	2.5178468	2.957631	-23.380947	52.677155	0.0	True	0.0
150	150	10.508724	2.5148969	4.31775	10.157087	6.7343016	8.5450535	2.5942795	-110.25181	-130.57797	40.65233	0.0	True	0.0
149	149	67.22198	2.0003076	3.9866135	52.53599	4.529826	7.080011	2.0531003	4.8748665	-12.369732	34.489197	0.0	True	0.0
26	26	141.69356	2.6872396	3.6325214	2.9765644	72.24566	8.979277	2.4554062	26.586586	0.5254059	52.12236	0.0	True	0.0
147	147	18.520357	2.6923585	3.3637013	3.1013024	58.826984	9.324762	2.9515543	-82.445076	-104.53444	44.178726	0.0	True	0.0
27	27	28.13124	2.8816576	3.6054246	2.7995155	65.83477	8.463139	2.8178294	-49.29872	-73.599335	48.601227	0.0	True	0.0
28	28	16.783823	3.1479056	4.7412386	27.605133	5.457211	9.183488	3.359819	-295.90387	-314.7223	37.63684	0.0	True	0.0
29	29	6.1600785	3.515373	4.214191	2.0221212	42.902832	10.238794	3.5143418	-254.23947	-280.03195	51.58496	0.0	True	0.0
106	106	41.745758	3.6670158	4.230017	52.51941	8.410166	9.4210005	3.3992705	-216.59642	-239.08603	44.979218	0.0	True	0.0
87	87	8.056634	2.9429598	3.895436	2.2251828	63.13487	5.8443947	3.3674803	-169.43822	-201.5964	64.316376	0.0	True	0.0
90	90	17.641874	2.8685176	4.1594806	38.59013	4.9234667	8.101456	2.977118	-159.17786	-175.84583	33.335938	0.0	True	0.0
91	91	12.962603	3.3508277	3.3750691	3.5078046	42.73999	9.0055275	3.0265493	-85.4303	-115.76448	60.668365	0.0	True	0.0
92	92	148.41316	2.163903	3.9961944	148.41316	5.2262993	7.4188046	2.3576303	-32.784042	-48.291023	31.013962	0.0	True	0.0
110	110	17.316765	1.494782	3.1993372	18.576874	27.71937	12.021601	1.3947188	146.34494	115.24533	62.19922	0.0	True	0.0
109	109	14.199755	2.6688116	4.1719313	32.93976	30.104425	17.66574	2.8953357	-112.85649	-141.50552	57.298065	0.0	True	0.0
215	215	11.190803	2.2077222	4.265371	16.82592	5.368972	8.074616	1.8922002	3.8077164	-12.412041	32.439514	0.0	True	0.0
93	93	6.3821306	3.033276	4.0500755	6.442685	8.267964	9.325828	2.941968	-190.21329	-207.16107	33.89557	0.0	True	0.0
94	94	37.311455	3.830182	3.7205381	28.725767	13.685643	9.695518	3.8242075	-279.47925	-306.64142	54.32434	0.0	True	0.0
112	112	12.611118	3.9260054	3.714488	3.5551293	47.38614	10.569817	3.9388661	-325.3777	-352.25812	53.760864	0.0	True	0.0
105	105	16.804867	3.585957	4.332338	17.95039	6.1136637	8.623512	3.8736548	-340.92197	-358.94186	36.039795	0.0	True	0.0
95	95	148.41316	1.659578	4.2452955	148.41316	6.4760537	7.9175224	1.9054548	33.418446	13.329239	40.178413	0.0	True	0.0
104	104	11.963121	3.289016	3.9422908	2.6898727	68.09072	8.702058	3.683631	-257.802	-280.96066	46.31732	0.0	True	0.0
96	96	29.37925	4.2723904	5.0578775	38.518787	5.151865	9.189528	3.9429197	-390.07578	-406.46503	32.778503	0.0	True	0.0
97	97	12.179517	2.7325678	4.296432	16.855854	5.7096744	8.338307	2.788411	-125.4761	-144.30247	37.652756	0.0	True	0.0
99	99	64.118614	3.3027744	3.6399677	33.19243	8.863923	8.512334	3.1598372	-158.51828	-178.4747	39.91284	0.0	True	0.0
101	101	18.06283	2.2811706	3.5254686	30.352793	6.004897	7.7605543	1.9906565	6.4050617	-11.345863	35.50185	0.0	True	0.0
100	100	32.19924	2.4353013	4.59485	25.194445	7.9603934	10.194556	2.5469022	-92.04259	-110.165855	36.246536	0.0	True	0.0
120	120	5.6388736	2.9978583	3.5302997	2.1122358	55.15214	8.364066	3.0775194	-111.45174	-146.98973	71.07599	0.0	True	0.0
78	78	32.911594	2.863263	4.8594213	59.78832	6.1629233	9.565589	2.2424896	-39.372063	-57.986	37.227875	0.0	True	0.0
79	79	28.679035	3.1785505	3.8412273	2.9815037	63.877285	8.427797	3.1746442	-121.50606	-147.63255	52.25299	0.0	True	0.0
126	126	13.670706	3.6415503	4.4488935	2.3281178	58.549156	8.11434	3.763703	-280.43668	-305.97534	51.07733	0.0	True	0.0
125	125	12.432123	2.743151	3.3907204	2.5273526	89.4437	6.260541	2.966441	-69.10706	-99.97484	61.73555	0.0	True	0.0
124	124	16.438217	1.8338846	4.1638837	31.529417	5.880368	8.475266	2.0586889	-36.363525	-53.596176	34.4653	0.0	True	0.0
123	123	148.41316	3.0125651	4.2211995	123.09223	5.3424873	8.08914	2.9476702	-134.10234	-151.02464	33.844604	0.0	True	0.0
122	122	36.792736	2.3420444	3.6981015	79.665016	9.218806	9.087169	2.0653534	26.704784	7.548668	38.312233	0.0	True	0.0
80	80	84.33434	4.2823095	4.161412	97.65807	7.7547956	8.872447	4.2194104	-404.6005	-425.66138	42.121765	0.0	True	0.0
18	18	36.041054	2.0296712	3.540798	3.2130277	45.82224	8.347462	2.2725081	50.086937	24.887114	50.399647	0.0	True	0.0
119	119	18.783855	3.8048415	4.1297307	12.208527	11.682977	9.996715	3.5839422	-260.97482	-284.63504	47.320435	0.0	True	0.0
118	118	15.965127	2.8876014	3.6010406	2.9161232	62.938976	8.880952	3.3120291	-158.48065	-183.6576	50.35388	0.0	True	0.0
117	117	22.45913	2.7674668	3.8172925	20.20389	7.128039	8.362731	2.80373	-110.17057	-130.66222	40.98329	0.0	True	0.0
82	82	13.352968	2.475869	3.8717694	35.265305	10.813775	10.798828	2.7746346	-110.20973	-132.74231	45.065155	0.0	True	0.0
83	83	30.608969	2.6001904	4.203995	19.427114	11.295336	9.9377575	2.6802301	-72.35021	-96.1031	47.505783	0.0	True	0.0
84	84	34.510162	2.9761288	3.9078991	20.644348	11.6606245	9.587604	2.745245	-67.20888	-92.00754	49.59732	0.0	True	0.0
114	114	11.520333	2.6401644	3.2008142	3.0629234	50.312157	10.085564	2.973889	-91.5634	-116.163704	49.200607	0.0	True	0.0
85	85	20.478617	3.5766146	3.4737427	3.5701776	67.20886	6.7046294	3.6509073	-217.83679	-249.6517	63.62982	0.0	True	0.0
469	469	8.415781	4.0004506	3.8916404	16.342352	27.718529	16.829027	3.9432564	-344.3462	-377.8824	67.07239	0.0	True	0.0
199	199	18.270447	2.4717176	4.2690573	24.17309	7.6963816	9.466165	2.3713143	-56.88737	-76.118576	38.46241	0.0	True	0.0
197	197	13.451121	2.4461799	5.1341643	14.396345	9.806859	11.476437	2.5295098	-112.81897	-136.32599	47.014038	0.0	True	0.0
466	466	15.060013	2.9260044	4.4290814	14.019582	5.463193	8.056656	2.892982	-139.82642	-156.81688	33.980927	0.0	True	0.0
196	196	148.41316	2.5381165	4.4297123	148.41316	7.3070827	9.259634	2.4831598	-72.810135	-88.29897	30.977676	0.0	True	0.0
468	468	16.71907	3.5637493	4.453155	13.176336	15.166473	12.290419	3.8372285	-335.72046	-358.83722	46.23352	0.0	True	0.0
195	195	96.08825	2.488172	4.283745	43.610443	6.07909	7.982119	2.5671105	-68.88138	-87.07065	36.37854	0.0	True	0.0
194	194	97.84098	3.8341892	4.050222	58.865147	29.865635	15.298451	3.7101433	-253.50182	-282.38193	57.760223	0.0	True	0.0
193	193	148.41316	2.2141726	3.9242125	148.41316	8.722492	9.002492	2.0879989	27.084806	5.9704666	42.22868	0.0	True	0.0
192	192	24.09401	3.312387	4.466277	20.655031	9.511964	9.788878	3.2663987	-198.07634	-220.35481	44.556946	0.0	True	0.0
200	200	8.704231	2.113006	4.116423	8.617426	5.1065145	7.726592	2.2609446	-84.44775	-101.14351	33.391525	0.0	True	0.0
191	191	22.486057	3.9844277	3.4846272	6.0166955	32.847485	10.313702	4.128098	-351.4384	-380.32895	57.781128	0.0	True	0.0
190	190	45.122845	3.219283	4.219305	30.72939	8.684611	9.33692	3.329307	-193.94928	-215.62595	43.353333	0.0	True	0.0
471	471	129.25829	2.821632	4.018488	79.326324	5.684935	7.466669	2.60572	-40.664436	-56.140697	30.952522	0.0	True	0.0
188	188	8.484831	2.6724784	4.0302405	14.206735	9.157065	9.9002495	2.8228807	-143.84636	-167.43085	47.168976	0.0	True	0.0
17	17	16.405325	2.43495	4.3581123	28.150906	10.599378	10.761457	2.6519077	-81.982574	-103.96913	43.973114	0.0	True	0.0
186	186	16.578411	2.1631756	3.9373033	13.893116	10.009565	9.173327	2.0387294	24.278141	2.023018	44.510246	0.0	True	0.0
185	185	31.461657	1.8285718	3.8232262	21.230953	13.85383	10.47795	1.8105516	62.388332	40.55533	43.666008	0.0	True	0.0
477	477	14.440872	3.274674	3.598798	3.7829854	49.0691	10.214857	3.1254382	-102.77933	-135.47693	65.3952	0.0	True	0.0
207	207	82.7961	1.9313486	4.4655657	118.92022	10.825011	10.712657	1.9814569	41.36696	16.270279	50.19336	0.0	True	0.0
450	450	135.47069	2.311451	5.347381	65.30814	6.1685047	9.784423	2.554959	-107.00681	-124.329605	34.645584	0.0	True	0.0
212	212	34.543846	4.062779	5.379213	49.759506	10.288225	12.845497	3.693953	-345.74902	-369.55212	47.6062	0.0	True	0.0
211	211	17.16807	1.9014441	4.214245	14.638971	14.239285	11.461269	1.8698188	48.17843	26.971481	42.413895	0.0	True	0.0
453	453	22.965223	3.6963584	4.3547115	11.913704	7.0894666	8.430339	3.5067422	-263.43842	-281.497	36.117188	0.0	True	0.0
456	456	148.41316	2.1084762	3.3109095	72.72994	9.958336	7.7255263	2.5016139	-6.8666387	-24.826607	35.919937	0.0	True	0.0
460	460	76.03708	2.838913	3.8326445	77.50975	7.347462	8.115084	2.8400013	-108.698616	-129.51907	41.640915	0.0	True	0.0
209	209	12.704512	2.6248188	3.878772	21.084013	7.0948462	8.976777	2.8264577	-139.47562	-157.59236	36.23349	0.0	True	0.0
208	208	29.582268	2.9989989	4.637556	56.653236	5.7949753	8.895246	2.8569202	-150.09819	-168.73528	37.27417	0.0	True	0.0
476	476	11.54073	4.0808134	4.3458834	21.690514	10.101063	11.226709	3.90303	-352.60098	-377.2267	49.251465	0.0	True	0.0
462	462	12.324457	2.9066045	4.093426	18.829998	18.56479	13.853266	2.714563	-93.348694	-119.05257	51.407745	0.0	True	0.0
463	463	27.459108	3.4348867	5.0930514	128.73016	8.414396	11.144116	3.2820275	-240.31369	-265.39282	50.158264	0.0	True	0.0
465	465	69.01491	2.945744	4.0784783	50.20319	5.6310472	7.6078978	3.1491132	-171.66579	-190.18665	37.041718	0.0	True	0.0
205	205	29.495861	2.5130572	3.936856	108.00891	9.072401	9.719563	2.5476892	-64.01897	-85.569	43.100067	0.0	True	0.0
204	204	23.40295	2.3393285	3.962702	17.067785	12.299698	9.597529	2.63398	-52.923504	-74.56933	43.29165	0.0	True	0.0
203	203	16.695154	2.9365761	4.6267447	22.88641	5.6345725	9.010254	3.1349256	-267.3265	-284.0345	33.415955	0.0	True	0.0
202	202	12.097344	3.4245296	3.4723728	3.4167151	61.150932	10.430192	3.49178	-199.738	-228.76717	58.05832	0.0	True	0.0
201	201	27.046364	3.0627022	3.4663453	4.559538	60.486073	10.157355	3.360137	-147.94193	-177.48575	59.087646	0.0	True	0.0
7	7	21.418158	2.3931236	3.8726413	24.626013	12.2010565	10.452451	2.4785647	-44.144753	-67.44955	46.60959	0.0	True	0.0
2	2	95.25969	3.389748	4.057187	74.38141	5.9574823	7.8300686	3.2632542	-189.37585	-207.44751	36.14331	0.0	True	0.0
3	3	111.84068	2.0139782	3.5434687	18.061234	20.06452	9.47989	2.1855686	50.798653	30.298653	41.0	0.0	True	0.0
172	172	13.901304	3.3051207	4.234509	11.416551	12.503911	10.9202385	2.961743	-134.71828	-157.91321	46.389862	0.0	True	0.0
171	171	13.146944	1.6997298	3.4639373	15.240442	6.264973	7.6399713	1.6976421	38.366333	22.650898	31.43087	0.0	True	0.0
170	170	97.294556	2.9981713	3.8462067	34.564655	15.30994	10.945342	3.087231	-119.862724	-143.93976	48.154068	0.0	True	0.0
168	168	143.38751	3.0400956	3.5836668	86.3678	5.997615	7.13284	2.9097877	-104.42396	-120.42386	31.999802	0.0	True	0.0
4	4	22.22029	3.7354512	3.4299626	3.9940915	71.03297	7.5922594	3.979433	-305.3048	-331.75235	52.89508	0.0	True	0.0
6	6	122.53601	1.6475272	3.2084584	39.6942	31.336481	12.6264925	1.6643362	113.345634	93.85263	38.986008	0.0	True	0.0
182	182	22.446177	2.5337172	3.8785996	109.025185	9.9861765	10.032428	2.1568213	3.6335697	-18.39029	44.047718	0.0	True	0.0
165	165	118.89459	2.495095	3.830072	110.78999	10.959063	9.988089	2.380971	-13.205854	-33.953884	41.49606	0.0	True	0.0
8	8	124.9962	3.2862444	3.4020534	46.893974	14.987892	9.314081	3.1927478	-126.02724	-152.13611	52.217743	0.0	True	0.0
9	9	39.195164	2.661539	3.92866	39.715992	16.396843	12.126824	2.5477297	-45.89141	-69.32627	46.86972	0.0	True	0.0
10	10	148.41316	3.0788174	4.173521	41.903355	7.9817123	8.733954	3.1075547	-154.1865	-173.6083	38.843628	0.0	True	0.0
11	11	18.633093	2.3866568	4.050225	35.539368	4.598158	7.563948	2.2362154	-49.879646	-65.53846	31.317627	0.0	True	0.0
14	14	7.833129	2.8308873	4.343599	17.54648	6.6662927	9.977984	2.7862453	-165.82954	-184.89836	38.137634	0.0	True	0.0
161	161	106.34003	3.119626	3.9793437	111.52754	8.862754	8.47747	2.989901	-106.25827	-132.48808	52.459625	0.0	True	0.0
178	178	16.53531	2.799418	4.177513	32.872585	8.583541	10.382649	2.804526	-159.68222	-176.96124	34.558044	0.0	True	0.0
183	183	13.473955	2.4689953	4.309141	18.119486	4.6792574	7.794381	2.51278	-91.74735	-108.58731	33.679916	0.0	True	0.0
181	181	88.942986	3.3408566	4.2226534	81.57892	6.1997123	8.3204365	3.4105566	-224.12712	-242.37794	36.501648	0.0	True	0.0
180	180	127.53765	2.438143	4.1924386	93.85825	5.3852553	7.7688274	2.2661645	-25.951653	-43.53672	35.170135	0.0	True	0.0
179	179	37.609383	2.6862848	3.7355185	14.146874	26.565226	12.120365	2.8046744	-58.929817	-84.070335	50.281036	0.0	True	0.0
173	173	12.943511	3.5459003	4.1803713	30.200922	24.157162	16.140097	3.670588	-280.3058	-310.4391	60.2666	0.0	True	0.0
176	176	27.39293	2.4339633	4.2389097	35.71971	103.0729	28.111053	2.601813	-29.415865	-62.138073	65.44441	0.0	True	0.0
480	480	10.302327	2.7490363	4.980388	24.238817	14.059568	14.01049	2.8422143	-151.82951	-176.32193	48.984833	0.0	True	0.0
175	175	28.341293	4.3363924	4.813921	16.215658	6.7893987	9.209719	4.1332517	-431.39514	-449.1401	35.48993	0.0	True	0.0
493	493	14.491899	2.6175392	3.571627	11.977908	20.10742	11.217081	2.6101866	-30.784275	-59.61622	57.663887	0.0	True	0.0
174	174	126.93815	3.0446763	4.452209	148.41316	6.0435658	8.963462	3.0856674	-189.17911	-208.8031	39.247986	0.0	True	0.0
62	62	119.16817	2.488896	4.1338916	97.2735	4.3833838	7.211107	2.1420927	-23.079891	-37.449398	28.739014	5.9604645e-08	True	7.801655075312909e-08
38	38	10.579201	2.4305477	5.1636	10.746767	4.74404	8.828806	2.5490034	-183.1849	-198.48445	30.59909	5.9604645e-08	True	7.801655075312909e-08
451	451	11.001412	1.8918687	3.9053671	24.517532	5.035263	8.156424	2.1032958	-59.632526	-74.73955	30.214043	5.9604645e-08	True	7.801655075312909e-08
108	108	12.388959	1.1624556	3.8483794	12.420803	4.4342484	6.6897388	1.4846501	54.993526	40.46916	29.048737	5.9604645e-08	True	7.801655075312909e-08
15	15	110.99309	2.6548026	4.282424	139.3899	4.020908	7.3350616	2.6872425	-127.01616	-141.94049	29.848663	5.9604645e-08	True	7.801655075312909e-08
437	437	87.818	2.9024577	3.909391	110.37763	4.6821513	6.995283	2.7100177	-59.592697	-74.32095	29.456512	5.9604645e-08	True	7.801655075312909e-08
484	484	69.720604	2.817005	4.644299	35.50526	5.023234	8.322857	2.804147	-133.28748	-148.13266	29.690369	5.9604645e-08	True	7.801655075312909e-08
1	1	10.0781765	2.28705	4.107673	21.411533	5.3919797	8.893162	2.2442756	-105.947495	-120.917816	29.940643	5.9604645e-08	True	7.801655075312909e-08
393	393	25.604694	3.3065355	4.7317176	46.042336	3.77104	8.08795	3.4775553	-339.43704	-354.156	29.437927	5.9604645e-08	True	7.801655075312909e-08
475	475	50.08685	3.4038222	4.2619333	53.169147	4.471548	7.4294086	3.762668	-312.4055	-327.0388	29.266602	5.9604645e-08	True	7.801655075312909e-08
478	478	12.045638	1.8153684	4.6822133	41.854298	4.1402335	8.521395	1.6949073	-24.704945	-40.054962	30.700035	5.9604645e-08	True	7.801655075312909e-08
45	45	29.948511	2.992367	3.877211	42.568737	3.7131872	6.654336	2.8805125	-123.85105	-138.21324	28.72438	5.9604645e-08	True	7.801655075312909e-08
44	44	40.461773	2.0143542	4.195091	79.19589	5.855565	8.4409485	2.09528	-22.314018	-37.09539	29.562744	5.9604645e-08	True	7.801655075312909e-08
390	390	25.754677	2.4524503	4.608665	61.39841	3.8188498	7.9235115	2.8288884	-204.94574	-219.37071	28.849945	5.9604645e-08	True	7.801655075312909e-08
30	30	30.943052	3.2515347	3.442985	35.306976	4.372627	6.844855	3.2713702	-238.74837	-253.96373	30.430725	5.9604645e-08	True	7.801655075312909e-08
152	152	89.8444	3.5771258	4.3322096	33.344925	8.431904	9.104288	3.5907662	-248.87263	-264.00552	30.265778	5.9604645e-08	True	7.801655075312909e-08
167	167	97.44257	2.7379575	3.6007512	103.082726	4.4506426	6.488836	2.4344647	-25.978178	-40.274185	28.592014	5.9604645e-08	True	7.801655075312909e-08
111	111	15.721721	2.6627927	4.5179353	56.678177	4.3909974	8.395645	2.674186	-137.77705	-153.00871	30.463318	5.9604645e-08	True	7.801655075312909e-08
344	344	13.666774	2.505104	4.3543143	30.768385	5.7634234	9.15509	2.3462796	-92.351	-107.6911	30.680206	5.9604645e-08	True	7.801655075312909e-08
158	158	14.854786	3.9310493	4.396744	20.917751	4.754719	8.443447	3.8966658	-366.38278	-381.52347	30.281372	5.9604645e-08	True	7.801655075312909e-08
230	230	148.41316	2.6012142	3.8939338	148.41316	4.9607906	7.017632	2.313143	-2.4276075	-17.768597	30.681978	5.9604645e-08	True	7.801655075312909e-08
127	127	67.36903	1.955658	3.6765342	62.254322	6.747627	7.8736105	2.1534472	14.348374	-0.48745728	29.671663	5.9604645e-08	True	7.801655075312909e-08
156	156	65.498665	2.1873531	3.595183	24.893644	5.1058702	6.558136	2.32503	3.2383757	-11.138721	28.754194	5.9604645e-08	True	7.801655075312909e-08
262	262	70.86651	4.342174	4.2368917	96.22264	3.7823334	7.4204063	4.7103825	-549.7852	-564.2424	28.914307	5.9604645e-08	True	7.801655075312909e-08
184	184	74.08139	3.3969119	4.474637	148.41316	5.4261813	9.028039	3.4617069	-257.2044	-272.31766	30.226501	5.9604645e-08	True	7.801655075312909e-08
139	139	12.656432	2.2949247	4.1492057	17.141468	4.8884125	7.903419	2.557552	-115.151955	-129.50049	28.697067	5.9604645e-08	True	7.801655075312909e-08
247	247	12.452919	3.798856	4.6972213	18.45519	4.4099746	8.757621	3.3545394	-323.6387	-338.6338	29.990173	5.9604645e-08	True	7.801655075312909e-08
102	102	148.41316	2.0908694	4.122211	148.41316	4.9593544	7.1342273	1.713201	72.45235	57.60135	29.701996	5.9604645e-08	True	7.801655075312909e-08
481	481	19.861216	3.4899445	3.8295274	13.716806	5.2657137	7.3575387	3.4024937	-245.48326	-259.5688	28.171051	1.1920929e-07	True	1.512808243030219e-07
77	77	148.41316	3.5805013	4.0646925	85.86137	3.8436794	6.8157225	3.6646779	-329.10986	-343.06036	27.901001	1.1920929e-07	True	1.512808243030219e-07
458	458	11.625707	2.466618	3.513477	14.699151	4.3587136	6.4594254	2.4131553	-64.20901	-78.31743	28.216843	1.1920929e-07	True	1.512808243030219e-07
418	418	114.677864	2.8991427	3.8482466	148.41316	3.9471407	6.690783	3.008629	-166.38425	-180.27899	27.78949	1.1920929e-07	True	1.512808243030219e-07
431	431	100.99117	3.240237	4.545616	46.363876	3.5861967	7.22437	3.132919	-216.62808	-230.61206	27.967957	1.1920929e-07	True	1.512808243030219e-07
318	318	65.0584	2.575179	4.5288925	132.70596	4.7206836	8.29276	2.563804	-117.3331	-131.59715	28.528107	1.1920929e-07	True	1.512808243030219e-07
5	5	55.93837	2.530953	3.958286	54.575554	4.2719927	6.849166	2.6817143	-83.32764	-97.418015	28.180756	1.1920929e-07	True	1.512808243030219e-07
415	415	25.303959	3.1389997	4.0821548	23.610588	4.896914	7.538516	2.958485	-174.42842	-188.32079	27.784729	1.1920929e-07	True	1.512808243030219e-07
240	240	22.743141	3.3523085	4.126401	26.011518	4.6442833	7.675063	3.0763526	-181.68588	-195.55505	27.738342	1.1920929e-07	True	1.512808243030219e-07
37	37	19.318825	2.2411215	4.1101904	19.15712	4.9877768	7.7424707	2.5333269	-100.27782	-114.48182	28.408005	1.1920929e-07	True	1.512808243030219e-07
359	359	148.41316	3.2767084	4.6206136	148.41316	4.3204856	8.115045	3.1148052	-207.00378	-220.86078	27.71399	1.1920929e-07	True	1.512808243030219e-07
485	485	7.560727	2.2719064	3.526493	9.426362	6.342044	8.0746155	2.2327392	-45.869904	-59.962143	28.184479	1.1920929e-07	True	1.512808243030219e-07
355	355	148.41316	2.7029388	4.372	148.41316	3.673954	7.305157	2.7123551	-131.34325	-145.07089	27.455292	1.7881393e-07	True	2.2021420483518702e-07
56	56	148.41316	2.394893	4.104379	148.41316	4.201863	6.9145975	2.4178028	-42.810757	-56.604317	27.58712	1.7881393e-07	True	2.2021420483518702e-07
138	138	49.440037	2.3670967	3.7793403	105.6602	3.945657	6.7291026	2.254032	-38.061974	-51.68219	27.240433	1.7881393e-07	True	2.2021420483518702e-07
322	322	15.421345	2.6230261	4.4076023	16.994295	4.458147	7.5540056	2.7826807	-171.68857	-185.2883	27.199463	1.7881393e-07	True	2.2021420483518702e-07
452	452	9.397444	2.5834413	4.313845	16.825165	3.8928175	7.7603927	2.277463	-73.676094	-87.31505	27.277908	1.7881393e-07	True	2.2021420483518702e-07
377	377	48.11334	1.7933894	4.0757174	148.41316	3.6909943	6.998788	1.8778472	26.966833	13.195309	27.543049	1.7881393e-07	True	2.2021420483518702e-07
75	75	20.427216	3.1207974	4.4142113	48.264194	3.4208193	7.582834	3.2784731	-223.99738	-237.58813	27.181519	1.7881393e-07	True	2.2021420483518702e-07
354	354	144.44847	3.1001139	3.611539	123.68035	4.1825275	6.045225	2.9335115	-118.25154	-132.04929	27.59549	1.7881393e-07	True	2.2021420483518702e-07
272	272	12.285686	3.36039	3.7319512	11.443211	4.4778214	6.907056	3.470178	-304.36935	-317.90518	27.071655	1.7881393e-07	True	2.2021420483518702e-07
273	273	45.936886	2.520852	4.1354294	40.976734	4.7315154	7.4316044	2.4927423	-51.867577	-65.5439	27.352646	1.7881393e-07	True	2.2021420483518702e-07
16	16	107.790764	2.5093625	3.989138	148.41316	4.038734	6.8598247	2.2349846	-4.6690025	-18.377499	27.416992	1.7881393e-07	True	2.2021420483518702e-07
166	166	7.895975	2.1691186	3.516337	8.035531	4.145813	6.5200167	2.1299658	-23.173904	-36.704597	27.061386	1.7881393e-07	True	2.2021420483518702e-07
86	86	11.274089	3.30061	4.3773065	14.877274	3.444257	7.615572	3.4661014	-406.50266	-419.76904	26.532776	2.3841858e-07	True	2.8934293580286714e-07
162	162	148.41316	2.147579	4.2822623	108.368645	4.456887	7.1633115	2.2267303	-27.288431	-40.613327	26.649792	2.3841858e-07	True	2.8934293580286714e-07
31	31	137.88818	2.6813817	4.5262675	148.41316	4.17186	7.4916973	3.085663	-202.74138	-216.0684	26.654053	2.3841858e-07	True	2.8934293580286714e-07
187	187	74.935585	2.6806412	4.009002	83.2318	3.9870296	6.730024	2.7776668	-137.02586	-150.33011	26.60849	2.3841858e-07	True	2.8934293580286714e-07
13	13	31.908829	2.626954	4.214149	27.23941	4.114861	7.2269797	2.4574604	-79.1488	-92.579285	26.860962	2.3841858e-07	True	2.8934293580286714e-07
461	461	19.397245	2.5594628	3.980077	18.163855	4.049685	6.748958	2.4754066	-53.277695	-66.74779	26.940186	2.3841858e-07	True	2.8934293580286714e-07
426	426	148.41316	1.7375066	4.432729	148.41316	3.8841536	7.5362854	1.4283262	43.981907	30.833786	26.296242	2.9802322e-07	True	3.573419950562987e-07
470	470	16.760853	3.1863751	4.0459323	21.157614	3.7314394	7.1000304	3.2772238	-247.50423	-260.66022	26.311981	2.9802322e-07	True	3.573419950562987e-07
116	116	126.297745	2.652387	4.0358624	148.41316	3.2740705	6.492888	2.5801966	-91.70184	-104.76321	26.122726	2.9802322e-07	True	3.573419950562987e-07
455	455	22.478168	2.5240293	4.4883213	26.796007	3.3082092	7.1477003	2.5941784	-142.5284	-155.67737	26.297943	2.9802322e-07	True	3.573419950562987e-07
130	130	83.086945	2.261335	4.7521214	104.53953	4.545938	8.27567	2.4641337	-89.2365	-102.38202	26.29103	2.9802322e-07	True	3.573419950562987e-07
107	107	14.5138855	2.5104651	4.369472	37.276184	3.0010433	7.2860417	2.501145	-118.6485	-131.64867	26.000336	3.5762787e-07	True	4.267635664109114e-07
449	449	109.840576	1.5517164	4.201483	68.33558	4.330224	7.3993435	1.5625541	48.48242	35.5915	25.781845	3.5762787e-07	True	4.267635664109114e-07
242	242	48.315758	2.2148023	4.645775	53.00139	3.2835505	7.3631077	2.0562272	-57.058197	-69.90811	25.69983	4.172325e-07	True	4.943513192271735e-07
323	323	18.389536	3.0468862	3.95544	21.87578	3.7711675	7.0361533	2.9568741	-191.62048	-204.43767	25.634369	4.172325e-07	True	4.943513192271735e-07
292	292	20.894386	2.8666074	4.2092977	29.417414	3.9044967	7.229423	2.4631286	-90.46763	-103.33725	25.739243	4.172325e-07	True	4.943513192271735e-07
164	164	148.41316	2.6317034	3.9736617	123.52051	3.5883656	6.6905594	2.3546374	-38.41156	-51.109966	25.396812	4.7683716e-07	True	5.623079695791569e-07
387	387	148.41316	2.5453255	3.400591	148.41316	4.755286	6.377248	2.3754168	4.4271603	-8.292778	25.439877	4.7683716e-07	True	5.623079695791569e-07
406	406	12.782147	2.3895545	4.364428	13.637654	4.337061	7.719715	2.8886216	-217.59175	-230.2021	25.220703	5.364418e-07	True	6.223222772372571e-07
12	12	30.516615	3.8350377	3.9653957	25.030228	3.8576138	6.834554	3.85778	-385.77856	-398.38544	25.213745	5.364418e-07	True	6.223222772372571e-07
20	20	35.13764	2.1027546	4.021248	83.22258	3.779614	6.896674	2.1377387	-52.798134	-65.33653	25.076797	5.364418e-07	True	6.223222772372571e-07
21	21	28.431587	3.4698014	3.7121096	20.276274	4.4930778	6.738936	3.3030334	-226.40068	-238.96962	25.137878	5.364418e-07	True	6.223222772372571e-07
454	454	8.999837	2.6960452	5.183365	9.321997	3.5213253	8.114016	2.8906195	-287.37473	-299.90732	25.065186	5.364418e-07	True	6.223222772372571e-07
51	51	148.41316	2.4318676	4.32145	58.654613	3.6573465	6.974374	2.5005805	-105.610306	-118.14111	25.061615	5.364418e-07	True	6.223222772372571e-07
67	67	32.33184	2.3051531	4.5184736	79.234795	2.7886608	7.0300136	2.1701035	-96.0558	-108.67243	25.233261	5.364418e-07	True	6.223222772372571e-07
228	228	28.23984	2.2815979	4.080922	46.75493	3.7788408	7.12771	2.3292122	-93.83202	-106.34123	25.018417	5.9604645e-07	True	6.882753438266816e-07
145	145	132.26135	3.0620725	4.0557528	148.41316	4.05986	7.2409163	2.9957752	-163.17334	-175.65536	24.96405	5.9604645e-07	True	6.882753438266816e-07
74	74	12.912506	2.955666	4.3651867	19.524908	3.8585427	7.9385896	2.9792178	-210.62	-222.93137	24.622742	7.1525574e-07	True	8.24027347125216e-07
169	169	7.8696723	3.0934641	4.188437	8.5179825	3.7710814	7.256231	2.5535996	-100.160034	-112.30951	24.29895	8.34465e-07	True	9.547654769513373e-07
133	133	72.641975	1.6412979	3.9914978	148.41316	3.134979	6.4032245	1.3195459	73.88815	61.747368	24.28157	8.34465e-07	True	9.547654769513373e-07
287	287	17.099665	3.5869462	5.480293	17.170702	3.0817637	8.122376	3.5247822	-350.4338	-362.5658	24.263977	8.34465e-07	True	9.547654769513373e-07
317	317	31.269014	3.0154827	4.088822	25.800407	4.079572	6.9732194	3.0607393	-174.30498	-186.31874	24.027527	9.536743e-07	True	1.0861894264308086e-06
479	479	148.41316	1.7965212	3.7439444	148.41316	3.4033167	6.112294	1.9189223	3.881565	-8.138115	24.03936	9.536743e-07	True	1.0861894264308086e-06
472	472	14.722667	3.6667378	3.9786522	15.274997	3.3578293	6.6701355	3.3181973	-250.53569	-262.37808	23.684784	1.1324883e-06	True	1.2869184667413884e-06
350	350	7.751068	2.1629412	4.063	9.187061	3.384849	6.9364963	1.9435096	-24.122446	-35.939774	23.634655	1.1920929e-06	True	1.3515792466074971e-06
144	144	104.81065	2.7075295	3.389649	148.41316	3.3988411	5.762123	2.9420493	-121.8147	-133.52852	23.427643	1.3113022e-06	True	1.4800250395695188e-06
213	213	25.97576	1.9728924	3.9919508	31.222954	3.5000474	6.6332746	1.8453513	3.967886	-7.7251663	23.386105	1.3113022e-06	True	1.4800250395695188e-06
316	316	60.084633	2.3755276	3.9076238	32.239216	4.336754	6.632038	2.5843818	-78.01557	-89.64008	23.249023	1.4305115e-06	True	1.6073162636060392e-06
474	474	83.32833	3.2201602	5.112127	78.86314	3.4487944	8.1225815	3.631129	-412.2829	-423.88712	23.208435	1.4305115e-06	True	1.6073162636060392e-06
270	270	148.41316	2.0388248	3.5733657	137.84999	3.438322	6.0109787	1.7991875	56.78616	45.19051	23.1913	1.4901161e-06	True	1.6705337661264188e-06
81	81	148.41316	2.820535	3.6816509	148.41316	2.988084	5.9200783	2.8660567	-162.52411	-173.91623	22.78424	1.7881393e-06	True	2.0001558649459943e-06
223	223	11.664211	3.5568326	4.0274773	17.360493	3.3421538	7.150349	3.0961072	-239.13206	-250.46066	22.657196	1.9073486e-06	True	2.128737313406808e-06
348	348	113.26548	2.6809928	4.505654	131.09811	2.793276	6.8729076	2.6822307	-177.92041	-189.2362	22.631592	1.9669533e-06	True	2.1903711331713705e-06
394	394	132.33377	2.6720474	4.0975895	148.41316	2.9883695	6.3442473	2.4971883	-77.16165	-88.36757	22.411835	2.2053719e-06	True	2.450413174099392e-06
189	189	38.004105	2.8285398	3.313011	40.06261	4.437978	6.281083	3.2629383	-229.10236	-240.10762	22.010529	2.682209e-06	True	2.9736241850250313e-06
19	19	13.726051	2.7634456	4.6239815	23.50358	2.7780046	7.255698	2.522071	-151.54395	-162.53029	21.972687	2.7418137e-06	True	3.032979712022089e-06
128	128	41.357807	3.2792706	4.866141	45.51166	2.766582	7.269192	3.0122914	-209.61229	-220.50412	21.78366	3.0398369e-06	True	3.347837977472381e-06
98	98	20.407696	3.3322854	3.5387237	26.805143	3.1791503	6.12517	2.9707072	-125.34671	-136.24564	21.797852	3.0398369e-06	True	3.347837977472381e-06
103	103	33.526104	2.6278384	4.0092826	55.187656	3.2968473	6.6390796	2.8178415	-139.09264	-149.96219	21.739105	3.0994415e-06	True	3.4059797014508926e-06
286	286	32.3078	2.402627	3.7935486	73.20693	3.099625	6.1821256	2.505112	-112.19286	-123.03745	21.689178	3.2186508e-06	True	3.52922238801655e-06
222	222	104.370026	2.1176555	3.8339868	114.812515	3.3734107	6.5564246	1.8619325	49.223892	38.449677	21.548431	3.4570694e-06	True	3.7823516378256634e-06
420	420	17.751272	1.707451	3.7316883	23.680159	3.0401678	6.100446	1.9426525	-31.900139	-42.65201	21.503746	3.516674e-06	True	3.839163801034986e-06
121	121	22.38068	3.6123543	5.11937	22.981249	3.5153406	8.352048	3.4247854	-344.87448	-355.5792	21.409424	3.695488e-06	True	4.016834756602411e-06
113	113	63.56314	2.3381236	3.702068	119.8599	2.822124	5.884582	2.402425	-72.78594	-83.492325	21.412766	3.695488e-06	True	4.016834756602411e-06
370	370	43.252316	2.0737543	4.1278124	61.813526	2.8214018	6.3307366	1.9927158	-36.267418	-46.95118	21.367523	3.8146973e-06	True	4.137415689398048e-06
299	299	134.60187	2.0341687	4.4189363	148.41316	2.488424	6.5265207	1.9063076	-49.433365	-59.970085	21.07344	4.4107437e-06	True	4.7735321573364785e-06
146	146	62.658993	3.3949397	4.6550336	106.572716	2.6317425	7.0601206	3.307532	-291.8973	-302.4198	21.044983	4.4703484e-06	True	4.827590019605072e-06
65	65	148.41316	1.8007311	3.7366498	148.41316	2.782922	5.8174043	1.6766145	68.65225	58.138443	21.027618	4.529953e-06	True	4.870917207451277e-06
115	115	22.434479	3.258887	4.2001963	28.592718	3.386586	7.1846232	2.9321477	-197.95154	-208.46388	21.024689	4.529953e-06	True	4.870917207451277e-06
464	464	148.41316	3.0207543	4.765801	148.41316	3.174179	7.551949	2.7080696	-127.08591	-137.3751	20.5784	5.722046e-06	True	6.1395342257913086e-06
295	295	6.075451	2.6275697	3.6180344	6.2945075	2.7286675	6.013251	2.7225106	-252.80756	-263.0843	20.553467	5.7816505e-06	True	6.19020400772258e-06
432	432	132.51512	2.7977219	4.229332	101.2447	3.2800615	6.785583	2.8788607	-151.9437	-162.19788	20.508362	5.9604645e-06	True	6.3680176042083995e-06
353	353	148.41316	2.6464703	4.1227407	148.41316	3.293697	6.586791	2.6843638	-105.31554	-115.470924	20.310776	6.556511e-06	True	6.989883715664146e-06
283	283	148.41316	2.343853	3.8810596	148.41316	2.7986097	6.1304016	2.670114	-141.77515	-151.92076	20.29123	6.67572e-06	True	7.101830015791224e-06
459	459	78.931946	5.4642887	4.4736395	148.41316	3.538141	7.485846	4.9682403	-626.0365	-636.139	20.204956	6.9737434e-06	True	7.403124669554887e-06
379	379	148.41316	4.2698	4.8870363	148.41316	2.9092338	7.681922	4.355291	-565.8229	-575.8798	20.113892	7.2717667e-06	True	7.703142651056839e-06
371	371	44.476593	2.1659977	4.3310385	42.338013	3.2031004	7.0038857	1.8290486	-41.538074	-51.47682	19.877495	8.285046e-06	True	8.757976346489743e-06
397	397	127.33852	2.6216276	4.1815934	148.41316	2.948626	6.354711	2.6626225	-81.541824	-91.38403	19.684418	9.119511e-06	True	9.599484895405017e-06
326	326	13.090341	3.4086235	4.052297	15.280045	2.882908	6.531237	3.2407496	-241.73854	-251.58183	19.686584	9.119511e-06	True	9.599484895405017e-06
89	89	19.210178	2.5998816	4.0433083	29.159412	2.750819	6.402442	2.7101183	-177.54437	-187.34502	19.601288	9.536743e-06	True	1.0017587357208508e-05
491	491	35.625698	1.7915661	4.4330163	40.545383	2.6582186	6.448383	1.9495461	-68.48773	-78.24419	19.512909	1.001358e-05	True	1.049641543214426e-05
198	198	40.21949	2.636617	3.6099997	65.74172	2.4627726	5.702535	2.5595913	-151.58691	-161.30193	19.430023	1.0430813e-05	True	1.0910892087545355e-05
206	206	15.324278	1.7088503	4.1824484	23.023802	3.0075774	6.8625607	1.5542494	40.669395	30.985703	19.367386	1.0788441e-05	True	1.126142035944228e-05
265	265	141.2103	2.008792	3.5586264	111.88111	2.4763086	5.4808702	2.2422311	-59.652588	-69.097595	18.890015	1.3828278e-05	True	1.4404455820719402e-05
148	148	81.55604	3.6338158	4.74306	131.49686	2.422681	6.894108	3.747464	-383.99448	-393.43875	18.88855	1.3887882e-05	True	1.4436468017324342e-05
363	363	15.611805	2.6297393	4.0506105	25.949785	2.826429	6.5959353	2.2875254	-54.322006	-63.74829	18.85257	1.4126301e-05	True	1.465383901635641e-05
163	163	148.41316	3.7930548	4.7039146	148.41316	2.7410216	7.0534854	3.980215	-470.63766	-480.01935	18.763367	1.4781952e-05	True	1.5302227644199664e-05
487	487	7.480972	1.98933	4.7191353	7.7879825	3.379159	7.8072834	1.7728347	-118.94446	-128.17747	18.466034	1.7285347e-05	True	1.785676341411496e-05
214	214	42.48982	3.5211427	4.348263	39.38982	2.9119143	6.845884	3.094962	-195.81235	-204.99217	18.35965	1.8298626e-05	True	1.8864562830974146e-05
220	220	32.091316	3.130852	4.5183244	40.01887	2.6814642	7.038046	3.1324248	-295.51837	-304.5887	18.140686	2.0503998e-05	True	2.1094647945199975e-05
54	54	8.93171	3.95467	4.0669007	8.810003	2.5618973	6.4281034	4.070794	-483.47726	-492.45175	17.948975	2.270937e-05	True	2.331557459899777e-05
221	221	68.714516	2.921065	3.9418654	52.2132	2.9740114	6.130813	2.847984	-155.89043	-164.8173	17.85376	2.3841858e-05	True	2.442813310466829e-05
457	457	46.01466	0.961025	3.2707295	76.073814	3.0079308	5.4774365	1.1489449	102.50806	93.64298	17.730148	2.5451183e-05	True	2.6023704825247237e-05
177	177	117.61258	3.2341979	4.730779	75.318794	2.5400426	7.055783	3.1832633	-249.16342	-257.95987	17.592896	2.7358532e-05	True	2.7916869338677856e-05
467	467	14.580499	2.2014463	4.125435	20.55372	2.365262	6.401104	2.329347	-154.49503	-163.24768	17.50531	2.8669834e-05	True	2.9195350444972396e-05
383	383	20.985786	2.0139527	3.4599264	30.933956	2.1473489	5.2399507	2.0540059	-23.410002	-32.071335	17.322666	3.1530857e-05	True	3.204355394937159e-05
290	290	33.679684	2.7229054	4.4421387	38.117714	2.510374	6.6792455	2.9308012	-268.85556	-277.08606	16.460999	4.965067e-05	True	5.035564817231277e-05
210	210	15.95238	2.9721446	3.7751899	20.578655	2.107745	5.819004	2.685852	-158.22838	-166.29694	16.137115	5.888939e-05	True	5.9604644775390625e-05
392	392	66.85465	3.3443959	3.742666	79.094215	2.3100295	5.5197825	3.1865938	-202.66736	-210.72195	16.109192	5.978346e-05	True	6.038733203001697e-05
88	88	31.186937	2.5521896	4.927308	62.127842	2.196066	7.200464	2.7156432	-206.04506	-213.9946	15.899078	6.681681e-05	True	6.735565200928719e-05
494	494	73.78835	2.2214825	4.2423177	148.41316	1.9320301	6.167561	2.0669835	-119.679344	-126.83202	14.305359	0.00015544891	True	0.00015638723699619593
365	365	5.196802	2.0745323	3.5018413	1.3545768	66.20712	10.610382	2.361779	-45.57777	-52.36583	13.576118	0.00022906065	True	0.00022998057216046806
267	267	30.006447	2.865808	4.077817	23.579597	2.323871	5.909283	2.7068706	-132.6558	-139.23718	13.16275	0.00028556585	True	0.0002861381293776518
281	281	78.89413	2.637047	4.202855	132.19295	2.0131693	5.9591036	2.4416504	-136.50333	-142.99066	12.97467	0.0003157258	True	0.00031572580337524414
