ID	gene	h0_r	h0_lambda	h0_mu	h0_sigma	h1_r	h1_lambda	h1_mu	h1_sigma	h0	h1	lr	p	signif	q
1	1	148.41316	0.0	1.4595426	2.6004205	148.41316	0.59707755	1.7791435	2.5942688	27.879494	1.1307983	53.49739	0.0	True	0.0
3	3	148.41316	0.0	0.32199803	2.2129068	148.41316	0.42242178	0.377386	2.2098296	138.86722	122.87053	31.993378	0.0	True	0.0
4	4	138.66623	0.0	2.300877	0.54280746	144.37871	0.6740848	1.4172853	2.8000605	-12.512482	-29.551357	34.07775	0.0	True	0.0
492	492	148.41316	0.0	0.68633956	2.4537177	148.41316	0.6409549	0.8778066	2.4372108	96.71654	58.099903	77.23327	0.0	True	0.0
489	489	20.616198	0.0	2.149994	0.84594876	20.828169	0.5982756	1.6346972	2.3821685	2.0678673	-13.381989	30.899712	0.0	True	0.0
490	490	148.41316	0.0	2.323087	2.5037498	148.41316	0.680383	2.1605163	2.7184331	-77.442444	-108.05356	61.22223	0.0	True	0.0
59	59	148.41316	0.0	1.7251252	0.7555142	70.27698	0.54436153	1.2383206	1.822946	80.01053	48.82366	62.373734	0.0	True	0.0
41	41	12.326624	0.0	1.4142883	0.5661172	11.759483	0.6152419	0.75410026	2.557647	82.6762	60.22046	44.911484	0.0	True	0.0
58	58	49.14237	0.0	0.8441529	0.826804	54.939743	0.55819535	0.20532751	2.027464	146.7858	131.22122	31.12915	0.0	True	0.0
50	50	93.43845	0.0	2.1093462	0.4483041	66.18594	0.6360026	1.7956015	2.3829625	28.655777	3.248661	50.81423	0.0	True	0.0
71	71	148.41316	0.0	0.9136441	2.400123	148.41316	0.69465053	0.5701633	2.8010643	94.01093	72.25234	43.51718	0.0	True	0.0
426	426	97.23269	0.0	1.2745979	2.3004217	88.883934	0.49624455	1.028332	2.405242	64.01317	44.572388	38.88156	0.0	True	0.0
69	69	50.019558	0.0	2.2150536	0.65542823	69.08152	0.6214796	1.3807395	2.5760074	1.154396	-14.823479	31.95575	0.0	True	0.0
67	67	148.41316	0.0	0.6239754	2.1211143	148.41316	0.63997257	0.7286947	2.4053104	127.91725	106.13007	43.574356	0.0	True	0.0
64	64	45.48372	0.0	1.3767234	2.2386682	46.843388	0.5908726	1.2771928	2.466544	60.21958	42.498577	35.44201	0.0	True	0.0
63	63	148.41316	0.0	1.3827664	2.9076827	148.41316	0.5383047	1.4414225	2.891388	8.654312	-14.832275	46.973175	0.0	True	0.0
454	454	148.41316	0.0	1.7544452	2.0023153	148.41316	0.61175877	1.4030328	2.3716304	40.557915	21.699306	37.717216	0.0	True	0.0
437	437	136.27017	0.0	1.1583338	2.6263185	77.65495	0.78868985	0.76487124	3.5851614	16.657318	-10.017166	53.34897	0.0	True	0.0
445	445	19.722692	0.0	1.5003206	0.46008888	20.045696	0.59139615	0.591857	2.510745	84.461754	61.269974	46.38356	0.0	True	0.0
449	449	148.41316	0.0	1.578288	2.932482	148.41316	0.6093103	0.8650379	3.1370804	-23.974487	-43.47625	39.003525	0.0	True	0.0
394	394	18.649857	0.0	1.4499611	2.416177	20.643894	0.7248219	1.0735914	2.940687	15.602142	-11.826332	54.85695	0.0	True	0.0
456	456	148.41316	0.0	1.2685356	0.75307804	148.41316	0.531804	0.6676333	1.8055921	132.03268	112.509964	39.04544	0.0	True	0.0
427	427	11.083257	0.0	1.3753915	0.7507223	10.947498	0.6209054	0.8968417	2.290604	75.34836	44.017967	62.66078	0.0	True	0.0
436	436	19.494673	0.0	1.5840957	2.5422873	19.53739	0.45647463	1.7539542	2.474954	19.82508	0.71575165	38.21866	0.0	True	0.0
395	395	21.959137	0.0	1.7630428	0.5753315	21.967844	0.6415875	1.5687935	2.3908825	71.47758	53.77194	35.411278	0.0	True	0.0
416	416	148.41316	0.0	0.5061309	1.936577	148.41316	0.48567417	0.56553745	2.0612578	145.80444	129.63208	32.344727	0.0	True	0.0
73	73	148.41316	0.0	0.46350816	2.2990594	148.41316	0.6307624	0.10548995	2.482694	127.744736	108.34083	38.807816	0.0	True	0.0
417	417	8.260566	0.0	1.272237	0.7488509	8.440764	0.60241175	0.73366946	2.3774967	99.52236	80.79771	37.44931	0.0	True	0.0
409	409	11.424741	0.0	2.4335644	1.0007381	11.468316	0.6970885	2.185747	2.7251046	-101.50501	-131.80562	60.60121	0.0	True	0.0
410	410	23.489113	0.0	0.98462844	0.6839405	22.80908	0.5984311	-0.030262295	2.6301234	103.430916	80.5789	45.704025	0.0	True	0.0
401	401	148.41316	0.0	0.74079186	2.415956	148.41316	0.6102217	0.6859386	2.7035308	106.5056	87.566025	37.87915	0.0	True	0.0
398	398	148.41316	0.0	1.5158397	2.5267417	148.41316	0.57110614	0.9277153	2.830247	21.55001	4.09803	34.90396	0.0	True	0.0
386	386	148.41316	0.0	0.93548113	2.0735984	148.41316	0.62643105	0.86313367	2.3249917	119.88173	98.17759	43.40828	0.0	True	0.0
361	361	148.41316	0.0	-0.44269055	2.7400014	148.41316	0.61441565	-0.3952459	2.779284	122.93226	101.098495	43.667526	0.0	True	0.0
387	387	148.41316	0.0	0.74361986	3.0479224	148.41316	0.7669318	0.3972786	3.2288926	39.628906	0.5532913	78.15123	0.0	True	0.0
97	97	148.41316	0.0	0.81147957	2.0326505	148.41316	0.60483456	0.88598555	2.315003	125.535706	109.55771	31.955994	0.0	True	0.0
95	95	148.41316	0.0	1.7870123	1.9023097	148.41316	0.62936664	1.5760707	2.2398999	50.584343	31.865238	37.43821	0.0	True	0.0
92	92	70.98536	0.0	1.4963791	0.58824766	52.159252	0.60321873	0.41505972	2.9440238	65.90626	47.74565	36.321213	0.0	True	0.0
90	90	148.41316	0.0	0.9556814	2.5406735	148.41316	0.65954155	0.56055313	2.690011	67.20385	39.405533	55.596634	0.0	True	0.0
104	104	97.27656	0.0	0.9617495	0.9322444	67.44213	0.5254212	0.60583997	1.7728382	144.45346	125.97436	36.958206	0.0	True	0.0
100	100	148.41316	0.0	1.2932856	2.272954	148.41316	0.5367177	1.2514312	2.4562235	72.89509	54.111626	37.566925	0.0	True	0.0
99	99	148.41316	0.0	1.88967	2.5892026	148.41316	0.7456533	1.6719904	3.2416687	-23.472641	-42.463135	37.980988	0.0	True	0.0
98	98	41.763916	0.0	1.8514212	2.9411855	46.95084	0.60755235	1.6861686	2.9437654	-70.28914	-102.74837	64.91846	0.0	True	0.0
89	89	148.41316	0.0	0.5875757	2.3001847	148.41316	0.713359	0.68958825	2.7763822	121.116104	105.7224	30.787415	0.0	True	0.0
158	158	148.41316	0.0	1.4162178	2.166406	148.41316	0.68289524	1.0146621	2.5580568	69.25862	46.539368	45.438507	0.0	True	0.0
265	265	32.62989	0.0	2.1489081	0.5071213	32.497036	0.6294614	1.8059887	2.545427	19.580444	2.8812294	33.39843	0.0	True	0.0
315	315	148.41316	0.0	1.2262577	0.6395562	148.41316	0.70950234	0.5731068	2.6591816	106.73388	83.04898	47.369797	0.0	True	0.0
320	320	148.41316	0.0	0.7763205	2.0715163	148.41316	0.64834845	0.7291054	2.4862525	120.654785	102.00282	37.303925	0.0	True	0.0
116	116	148.41316	0.0	0.51762754	2.4218688	148.41316	0.58950245	0.5152266	2.5928874	114.64117	95.88214	37.51805	0.0	True	0.0
118	118	16.40243	0.0	1.0218693	0.9729629	17.360928	0.68112254	-0.04085893	2.5690687	118.60344	92.35632	52.494232	0.0	True	0.0
298	298	23.296463	0.0	0.735329	2.5205486	22.796576	0.6907999	0.34489757	2.900057	81.066086	52.910545	56.31108	0.0	True	0.0
136	136	7.456779	0.0	1.3105631	0.89704156	7.281791	0.6242865	0.3654187	2.6186864	67.78151	48.890625	37.78177	0.0	True	0.0
306	306	148.41316	0.0	0.9126454	2.1209261	148.41316	0.6301667	0.8929391	2.3645627	117.298584	96.318535	41.9601	0.0	True	0.0
321	321	10.483202	0.0	2.0703764	0.6138217	10.883637	0.6342503	1.5409685	2.6369817	11.185585	-6.5749817	35.521133	0.0	True	0.0
109	109	25.35542	0.0	0.99148285	0.75262403	24.862005	0.6461624	0.4975138	2.41913	131.9349	114.08263	35.70456	0.0	True	0.0
112	112	69.42843	0.0	1.6147437	2.303833	66.64827	0.5787035	1.0512143	2.5906355	31.737991	14.249367	34.97725	0.0	True	0.0
344	344	148.41316	0.0	2.5685499	0.79748887	146.98474	0.67536956	1.9136435	2.6471345	-53.120865	-71.89412	37.54651	0.0	True	0.0
352	352	148.41316	0.0	-0.24648404	2.3061936	148.41316	0.6016604	-0.21792391	2.455513	154.20947	137.8928	32.63333	0.0	True	0.0
358	358	148.41316	0.0	1.6749333	0.6187641	148.41316	0.72435015	0.81799245	2.8525085	38.48131	3.8422852	69.27805	0.0	True	0.0
343	343	148.41316	0.0	1.2008659	2.5365374	148.41316	0.62166846	1.3384515	2.7105532	58.008606	33.204155	49.608902	0.0	True	0.0
335	335	148.41316	0.0	1.2604307	1.768316	148.41316	0.59872466	1.2022655	1.928219	121.95126	105.41993	33.062668	0.0	True	0.0
331	331	96.64642	0.0	1.2790582	2.4770103	108.617325	0.67098993	1.1523575	2.9315994	47.607796	31.380753	32.454086	0.0	True	0.0
392	392	148.41316	0.0	-0.37327412	2.9080215	148.41316	0.62852114	-0.19998206	2.850891	107.18741	77.74565	58.883514	0.0	True	0.0
388	388	148.41316	0.0	1.4059942	2.4529164	148.41316	0.66654736	1.4985751	2.8524554	53.971504	36.39377	35.15547	0.0	True	0.0
242	242	148.41316	0.0	1.9387901	2.5129128	148.41316	0.5375039	2.0130615	2.6432593	-11.363655	-26.915047	31.102783	0.0	True	0.0
237	237	148.41316	0.0	0.9361061	2.4778762	148.41316	0.5521413	1.3209975	2.61256	91.45601	75.720245	31.471527	0.0	True	0.0
236	236	148.41316	0.0	1.5696038	3.0211208	148.41316	0.67291605	1.3950353	3.197276	-39.209824	-68.89929	59.378937	0.0	True	0.0
163	163	148.41316	0.0	0.36236447	2.4102452	148.41316	0.619682	0.39538226	2.4444773	124.61599	97.53273	54.16652	0.0	True	0.0
155	155	148.41316	0.0	1.0734808	2.4999309	148.41316	0.58131796	0.87308234	2.560598	79.55069	56.355194	46.39099	0.0	True	0.0
159	159	148.41316	0.0	1.3424422	2.4351032	148.41316	0.59791416	1.3712469	2.5254483	61.466835	43.05171	36.830254	0.0	True	0.0
152	152	148.41316	0.0	1.4914476	0.82066655	107.89304	0.64262176	0.7733927	2.1169782	108.76172	86.39522	44.733	0.0	True	0.0
142	142	148.41316	0.0	1.1640116	0.7839755	148.41316	0.610244	0.6421331	2.3335402	120.78382	98.20743	45.152786	0.0	True	0.0
289	289	148.41316	0.0	1.6126862	1.9609572	148.41316	0.466801	1.6286829	1.9324013	79.26571	62.56617	33.39908	0.0	True	0.0
291	291	148.41316	0.0	1.3160101	2.6327455	148.41316	0.63986325	1.358522	2.9282584	41.637634	21.664871	39.945526	0.0	True	0.0
149	149	137.23932	0.0	1.3512514	2.768048	146.06416	0.6270073	1.3713522	2.7686498	19.353615	-11.341286	61.3898	0.0	True	0.0
282	282	148.41316	0.0	1.7178868	2.6152258	148.41316	0.74148756	1.5067092	2.974335	-5.2010574	-33.038322	55.67453	0.0	True	0.0
280	280	12.637918	0.0	2.18387	0.91248375	12.190583	0.7700458	1.2872708	2.806176	-9.607056	-26.634743	34.055374	0.0	True	0.0
276	276	25.259085	0.0	1.810771	0.8170731	24.983622	0.5130974	1.4571038	1.9890288	66.53639	50.01044	33.051903	0.0	True	0.0
269	269	148.41316	0.0	2.0001504	2.0575206	148.41316	0.6857081	1.6479715	2.3702226	11.757431	-12.153973	47.822807	0.0	True	0.0
266	266	148.41316	0.0	1.0358044	2.3498375	148.41316	0.5818183	1.1692029	2.519734	84.94417	65.03849	39.811356	0.0	True	0.0
160	160	148.41316	0.0	1.1760789	0.66184294	148.41316	0.6982259	0.5821562	2.424039	130.30807	108.66634	43.283463	0.0	True	0.0
161	161	148.41316	0.0	1.1345035	2.1592433	148.41316	0.6619393	0.7793209	2.476763	104.610916	84.55453	40.112778	0.0	True	0.0
167	167	148.41316	0.0	1.4768548	2.2150822	148.41316	0.53068376	1.4115589	2.4199355	54.41255	36.69682	35.431465	0.0	True	0.0
178	178	113.44612	0.0	2.9809582	2.5922182	109.44135	0.6738046	2.488031	3.0479133	-197.19006	-215.62306	36.865997	0.0	True	0.0
188	188	148.41316	0.0	-0.7294733	2.32848	148.41316	0.5412742	-0.8264604	2.3192844	148.47571	126.13741	44.67659	0.0	True	0.0
215	215	19.398762	0.0	2.2674503	0.97695994	22.183134	0.67518955	1.775193	2.5485268	-23.156237	-43.630512	40.94855	0.0	True	0.0
216	216	74.45134	0.0	1.5928084	0.66988117	74.52324	0.5887652	1.1788067	2.175018	90.60556	67.97248	45.26616	0.0	True	0.0
221	221	148.41316	0.0	-0.21078762	3.1209383	148.41316	0.70817095	-0.11997671	3.0777361	81.66898	42.377747	78.58247	0.0	True	0.0
207	207	148.41316	0.0	1.2011001	2.2548292	148.41316	0.7016729	1.0515497	2.6477883	83.03952	63.427887	39.223267	0.0	True	0.0
209	209	148.41316	0.0	-0.07288567	1.9386911	148.41316	0.6450773	-0.41110918	2.2268004	165.75812	147.75742	36.001404	0.0	True	0.0
214	214	9.265929	0.0	1.4337962	0.64983934	9.144008	0.6136197	0.8085752	2.6359503	80.01361	64.6517	30.723816	0.0	True	0.0
479	479	148.41316	0.0	0.25177535	2.2334597	148.41316	0.61944056	0.41978824	2.530391	135.64186	118.42953	34.424667	0.0	True	0.0
475	475	18.30154	0.0	1.7538778	0.76686364	18.47816	0.615717	1.2794325	2.375405	56.704494	33.78125	45.84649	0.0	True	0.0
478	478	148.41316	0.0	0.35928196	2.6292927	148.41316	0.6921647	0.15649572	2.979193	108.34471	88.474236	39.74095	0.0	True	0.0
484	484	148.41316	0.0	0.33828172	2.6128464	148.41316	0.60754687	0.54984486	2.7666383	118.61685	97.257904	42.717896	0.0	True	0.0
482	482	148.41316	0.0	0.97626525	2.2126718	148.41316	0.6079717	1.0441997	2.492566	97.36209	77.16244	40.399307	0.0	True	0.0
9	9	148.41316	0.0	0.4362247	2.1062155	148.41316	0.52695394	0.21083528	2.2662606	145.58015	129.59018	31.97995	0.0	True	0.0
15	15	148.41316	0.0	1.4024944	2.2021916	148.41316	0.52917296	1.3169802	2.1831462	67.915565	43.294163	49.242805	0.0	True	0.0
17	17	45.80606	0.0	1.6374955	3.046172	48.207817	0.65423316	1.4211546	3.0579786	-44.464012	-73.73981	58.55159	0.0	True	0.0
26	26	148.41316	0.0	2.3049366	2.1136189	148.41316	0.6229925	1.9943484	2.332233	-40.888298	-67.49054	53.204483	0.0	True	0.0
30	30	148.41316	0.0	1.2703167	2.2552207	50.97707	0.72488135	0.66721344	2.7949605	59.6839	32.12476	55.11828	0.0	True	0.0
470	470	77.72171	0.0	1.5427822	0.6772743	54.198624	0.666196	0.31561276	2.9613705	23.826744	-8.28125	64.21599	0.0	True	0.0
469	469	148.41316	0.0	0.8301168	2.4557657	148.41316	0.5616791	0.46060407	2.5586932	97.5948	76.76172	41.66617	0.0	True	0.0
464	464	148.41316	0.0	1.8650386	1.9669147	148.41316	0.6501277	1.8291177	2.3171744	40.157616	22.196632	35.921967	0.0	True	0.0
477	477	148.41316	0.0	0.29949006	2.485845	148.41316	0.63265806	0.115186565	2.723766	106.8945	80.851585	52.08583	0.0	True	0.0
476	476	148.41316	0.0	-0.11787796	1.8712044	148.41316	0.64101285	-0.57803875	2.2068133	164.1425	146.85223	34.580536	0.0	True	0.0
187	187	148.41316	0.0	1.3351601	2.4858038	148.41316	0.6325586	1.3451346	2.7122586	47.08867	25.87082	42.4357	0.0	True	0.0
186	186	148.41316	0.0	0.9890942	2.1440728	148.41316	0.6435318	0.4335984	2.5359154	106.5719	83.29408	46.555634	0.0	True	0.0
184	184	148.41316	0.0	0.2805029	2.3940532	148.41316	0.7111303	0.28737512	2.7494328	134.52869	112.25993	44.537506	0.0	True	0.0
197	197	148.41316	0.0	0.53193843	2.734544	148.41316	0.6596082	0.3760989	3.1573186	87.607155	69.45518	36.303955	0.0	True	0.0
196	196	148.41316	0.0	1.3464631	2.130771	148.41316	0.65246034	1.3021201	2.2447784	82.38806	55.676537	53.42305	0.0	True	0.0
195	195	148.41316	0.0	0.904379	2.662286	148.41316	0.6388118	1.0105135	2.8234255	76.738304	54.045944	45.38472	0.0	True	0.0
228	228	108.9089	0.0	1.0757889	2.5285583	87.0676	0.5611495	0.5738591	2.6855237	52.851234	24.3041	57.09427	0.0	True	0.0
230	230	13.339082	0.0	1.888841	0.72350574	13.152003	0.69022626	1.0588046	2.803885	33.386208	16.478737	33.81494	0.0	True	0.0
174	174	148.41316	0.0	1.7961473	1.995672	148.41316	0.62064564	1.4395199	2.2147095	53.060623	36.51879	33.083664	0.0	True	0.0
204	204	148.41316	0.0	1.2191029	2.3447564	148.41316	0.6685334	1.1939217	2.797791	74.124466	57.892418	32.464096	0.0	True	0.0
252	252	64.40024	0.0	1.3149403	2.7735827	64.32873	0.6156873	1.1663573	2.8807752	5.4192963	-21.05272	52.94403	0.0	True	0.0
260	260	148.41316	0.0	1.3048213	2.319836	148.41316	0.49208787	1.5216662	2.5789409	50.285927	32.182877	36.2061	0.0	True	0.0
247	247	32.412777	0.0	1.8988525	0.41787001	32.541466	0.59318244	1.4132341	2.6208339	44.53015	28.815025	31.430252	0.0	True	0.0
246	246	148.41316	0.0	0.95987266	2.178715	148.41316	0.719208	0.8246566	2.659695	106.69634	86.856575	39.679535	0.0	True	0.0
317	317	148.41316	0.0	0.6227747	2.5298474	148.41316	0.6986977	0.92664886	3.0013306	104.589676	90.25972	28.659912	5.9604645e-08	True	2.191347234389361e-07
319	319	6.376661	0.0	0.5322903	1.0566761	6.360547	0.5394799	-0.063551836	2.0401545	134.0882	119.35133	29.473724	5.9604645e-08	True	2.191347234389361e-07
391	391	148.41316	0.0	1.6721581	2.6222794	148.41316	0.65567136	1.5361153	2.9802563	8.04567	-6.3938828	28.879105	5.9604645e-08	True	2.191347234389361e-07
62	62	25.393888	0.0	1.4944284	0.83925194	26.569519	0.619821	0.6566867	2.5676506	82.136856	67.61925	29.035217	5.9604645e-08	True	2.191347234389361e-07
396	396	148.41316	0.0	0.050778538	2.652418	148.41316	0.56359625	-0.07818926	2.9047005	113.95119	98.72607	30.450241	5.9604645e-08	True	2.191347234389361e-07
46	46	148.41316	0.0	0.8109054	0.8104885	148.41316	0.6406759	0.44777912	2.7646375	119.593636	104.296326	30.59462	5.9604645e-08	True	2.191347234389361e-07
494	494	37.758045	0.0	1.0983292	2.4733822	37.68707	0.57116973	0.65426916	2.7685592	61.089645	46.19525	29.788788	5.9604645e-08	True	2.191347234389361e-07
241	241	148.41316	0.0	1.198044	2.3122954	148.41316	0.6747123	1.1689752	2.7072797	79.54137	64.719055	29.644623	5.9604645e-08	True	2.191347234389361e-07
379	379	18.723854	0.0	1.0006487	2.4350863	18.214264	0.6438936	0.85669285	3.0430937	59.622406	44.73208	29.780655	5.9604645e-08	True	2.191347234389361e-07
103	103	85.884834	0.0	1.7585926	0.856886	47.481857	0.57671833	1.5711937	2.4112065	62.125874	46.94067	30.370407	5.9604645e-08	True	2.191347234389361e-07
82	82	83.8484	0.0	1.1150366	1.9601682	86.85599	0.59558827	0.91247797	2.266281	111.10785	96.3653	29.485092	5.9604645e-08	True	2.191347234389361e-07
83	83	148.41316	0.0	1.7584096	2.1480403	148.41316	0.6252609	1.7839292	2.574957	27.688911	13.004227	29.36937	5.9604645e-08	True	2.191347234389361e-07
309	309	148.41316	0.0	0.93740064	1.9247026	148.41316	0.64204943	0.7166493	2.2957387	133.62672	118.35701	30.539429	5.9604645e-08	True	2.191347234389361e-07
150	150	148.41316	0.0	1.9035068	2.5753984	148.41316	0.5908375	2.1607025	2.8176577	-16.655228	-31.521378	29.7323	5.9604645e-08	True	2.191347234389361e-07
267	267	148.41316	0.0	1.5468189	1.854651	148.41316	0.61214507	1.3790154	2.3023112	78.93854	64.0773	29.722473	5.9604645e-08	True	2.191347234389361e-07
294	294	148.41316	0.0	0.39320892	1.7424877	148.41316	0.4953735	-0.073392935	1.9544847	162.8383	147.918	29.840607	5.9604645e-08	True	2.191347234389361e-07
367	367	148.41316	0.0	1.3235681	2.1687324	148.41316	0.64211625	1.2608759	2.8833313	55.855392	41.782944	28.144897	1.1920929e-07	True	4.197510195450044e-07
249	249	148.41316	0.0	1.4568256	2.4710333	148.41316	0.5369591	1.3636769	2.6102397	46.420914	32.468063	27.9057	1.1920929e-07	True	4.197510195450044e-07
332	332	148.41316	0.0	-0.24708036	2.2860878	148.41316	0.47646904	-0.57007766	2.3750215	153.52083	139.32559	28.390472	1.1920929e-07	True	4.197510195450044e-07
110	110	148.41316	0.0	0.6493103	0.99407166	148.41316	0.6660832	-0.04585854	2.533799	131.1408	117.02043	28.240723	1.1920929e-07	True	4.197510195450044e-07
212	212	148.41316	0.0	0.72109216	2.1992705	148.41316	0.4987551	0.6753355	2.26703	130.57008	116.30647	28.527222	1.1920929e-07	True	4.197510195450044e-07
39	39	148.41316	0.0	0.70594347	1.2963805	148.41316	0.59282047	0.67848504	1.8456177	166.42967	152.62572	27.60791	1.1920929e-07	True	4.197510195450044e-07
244	244	148.41316	0.0	1.1050721	2.300625	148.41316	0.631793	1.289311	2.684537	92.31647	78.59664	27.439651	1.7881393e-07	True	6.123764874183969e-07
153	153	148.41316	0.0	1.2249151	1.9541976	148.41316	0.6810749	1.0642194	2.36554	114.591675	101.00519	27.172974	1.7881393e-07	True	6.123764874183969e-07
56	56	148.41316	0.0	1.4432741	2.481126	147.73512	0.5390297	1.1798015	2.8059	30.058647	16.396965	27.323364	1.7881393e-07	True	6.123764874183969e-07
408	408	148.41316	0.0	1.6941286	1.7645756	148.41316	0.5694643	1.5257722	2.0966103	75.18308	61.706497	26.95317	1.7881393e-07	True	6.123764874183969e-07
415	415	13.208126	0.0	1.8899881	0.7849329	13.144242	0.561194	1.3712338	2.1807945	51.1094	37.86672	26.485367	2.3841858e-07	True	7.64162112505008e-07
311	311	148.41316	0.0	1.5847805	2.3387954	148.41316	0.6256232	1.0514635	2.8108678	31.157768	17.725601	26.864334	2.3841858e-07	True	7.64162112505008e-07
281	281	148.41316	0.0	0.6426374	2.1305072	148.41316	0.6227116	0.47178674	2.49758	132.96844	119.66494	26.60701	2.3841858e-07	True	7.64162112505008e-07
44	44	148.41316	0.0	0.8381143	0.99572486	148.41316	0.6615081	0.16037652	2.6090152	137.3078	123.96325	26.689102	2.3841858e-07	True	7.64162112505008e-07
119	119	15.803313	0.0	0.9282643	2.4233837	16.510666	0.49268693	0.98064613	2.6158235	79.84868	66.55871	26.57994	2.3841858e-07	True	7.64162112505008e-07
239	239	148.41316	0.0	0.76438934	2.2936556	148.41316	0.5941019	0.7271723	2.6952534	106.056946	92.65326	26.807373	2.3841858e-07	True	7.64162112505008e-07
34	34	148.41316	0.0	1.0450932	2.3306882	148.41316	0.69032586	1.1937219	2.9642	83.05355	69.81323	26.480637	2.3841858e-07	True	7.64162112505008e-07
38	38	10.451737	0.0	1.4618428	0.6794488	10.351938	0.62278473	0.49459472	2.7577837	74.68312	61.402443	26.561356	2.3841858e-07	True	7.64162112505008e-07
226	226	70.327934	0.0	1.5934857	0.7676523	66.33736	0.46274877	1.1535599	1.9339767	107.7854	94.441284	26.688232	2.3841858e-07	True	7.64162112505008e-07
147	147	148.41316	0.0	0.25766087	2.6735673	148.41316	0.58789754	0.31980744	2.9113474	110.816795	97.56189	26.509811	2.3841858e-07	True	7.64162112505008e-07
362	362	8.786718	0.0	1.2610341	0.95726955	9.297941	0.5759397	0.81979346	2.1485202	105.110374	92.20706	25.806625	3.5762787e-07	True	1.1175870895385742e-06
420	420	6.007228	0.0	3.0788577	1.1339905	5.848428	0.651251	2.6505616	2.3948607	-203.78589	-216.6883	25.80481	3.5762787e-07	True	1.1175870895385742e-06
288	288	148.41316	0.0	0.60009414	2.0832515	148.41316	0.6436068	0.6040178	2.4570916	143.20119	130.257	25.888367	3.5762787e-07	True	1.1175870895385742e-06
250	250	148.41316	0.0	0.87694573	2.4251533	148.41316	0.54436135	0.5660189	2.6804185	93.05681	80.10063	25.912354	3.5762787e-07	True	1.1175870895385742e-06
255	255	148.41316	0.0	0.898123	0.86449623	148.41316	0.59190995	0.41964573	1.9318098	154.3494	141.54018	25.618439	4.172325e-07	True	1.2877546710732541e-06
414	414	148.41316	0.0	-0.1461413	2.1442003	148.41316	0.5662706	-0.14644146	2.3612175	157.57329	144.71927	25.708038	4.172325e-07	True	1.2877546710732541e-06
115	115	148.41316	0.0	0.054918304	2.0232813	148.41316	0.5930338	-0.19650818	2.3889005	151.74023	139.11691	25.246643	4.7683716e-07	True	1.4449610854640151e-06
6	6	148.41316	0.0	0.42889327	1.9784027	148.41316	0.7004454	0.26610392	2.5846689	143.44936	130.76111	25.376495	4.7683716e-07	True	1.4449610854640151e-06
169	169	8.5412245	0.0	2.3743968	0.69728374	8.442556	0.50559473	1.9533384	2.3318295	-36.694412	-49.426315	25.463806	4.7683716e-07	True	1.4449610854640151e-06
171	171	148.41316	0.0	0.5027726	2.9043036	148.41316	0.64099276	0.21751563	3.3243294	71.5234	59.055573	24.935654	5.9604645e-07	True	1.7530777875114889e-06
232	232	7.735123	0.0	2.2239854	0.945149	7.45874	0.5153596	2.0731683	1.9881434	-6.371519	-18.832596	24.922153	5.9604645e-07	True	1.7530777875114889e-06
405	405	58.193333	0.0	1.5540524	2.2287939	57.505676	0.5535433	1.3079691	2.561054	44.96827	32.502274	24.931992	5.9604645e-07	True	1.7530777875114889e-06
45	45	25.470877	0.0	1.833287	2.7091916	25.66287	0.60409963	1.5141876	3.130102	-37.66017	-50.145493	24.970642	5.9604645e-07	True	1.7530777875114889e-06
224	224	35.9006	0.0	1.7427608	0.6513056	36.05292	0.6129285	1.6352099	2.0731843	91.77028	79.28863	24.963303	5.9604645e-07	True	1.7530777875114889e-06
278	278	15.202684	0.0	1.7797414	0.73424447	15.378435	0.44698533	1.1165967	2.410417	57.078636	44.69374	24.76979	6.556511e-07	True	1.894945354130916e-06
198	198	148.41316	0.0	1.7103046	2.956786	148.41316	0.55807656	1.9307112	3.270056	-36.590874	-48.951492	24.721237	6.556511e-07	True	1.894945354130916e-06
131	131	148.41316	0.0	1.3183576	2.015888	148.41316	0.50040317	1.0156797	2.3300428	82.02643	69.65642	24.74002	6.556511e-07	True	1.894945354130916e-06
347	347	148.41316	0.0	1.0367677	2.3928282	148.41316	0.5497219	1.1402096	2.661568	91.12024	78.83502	24.570435	7.1525574e-07	True	2.055332578461746e-06
342	342	10.627166	0.0	2.5119183	0.6002168	10.187891	0.5005701	1.8869785	2.5101762	-61.667717	-73.84543	24.355423	7.748604e-07	True	2.201307903636586e-06
143	143	148.41316	0.0	1.0842797	2.0154488	148.41316	0.6190575	1.1226177	2.385612	120.29938	108.11699	24.364777	7.748604e-07	True	2.201307903636586e-06
322	322	148.41316	0.0	1.3126105	1.9979993	148.41316	0.5651471	1.1852094	2.2914512	93.31561	81.20088	24.229462	8.34465e-07	True	2.330907896244326e-06
74	74	30.360573	0.0	1.718211	0.5699399	35.04924	0.67683953	0.9951749	2.9035966	56.170166	44.018097	24.304138	8.34465e-07	True	2.330907896244326e-06
18	18	12.715876	0.0	1.2944504	0.5755912	13.023251	0.52048796	0.29102632	2.8691053	82.04863	69.941734	24.21379	8.34465e-07	True	2.330907896244326e-06
435	435	23.724209	0.0	1.4435798	1.0452906	26.610783	0.5364692	0.95095825	1.9201349	111.2846	99.20842	24.152359	8.940697e-07	True	2.4698057227371807e-06
33	33	9.678487	0.0	1.158568	0.7782011	9.18289	0.57845163	0.34332192	2.491278	104.57483	92.495964	24.15773	8.940697e-07	True	2.4698057227371807e-06
498	498	148.41316	0.0	0.82385457	2.0160694	148.41316	0.51380324	0.65230185	2.2229037	130.83939	119.00366	23.671448	1.1324883e-06	True	3.111231458056104e-06
21	21	148.41316	0.0	0.36875916	2.073746	148.41316	0.523959	0.08358144	2.3893132	140.20279	128.42847	23.548645	1.1920929e-06	True	3.2393828682277515e-06
262	262	148.41316	0.0	0.9732779	2.4692261	148.41316	0.6277934	0.4574784	2.8527844	89.115425	77.33424	23.562363	1.1920929e-06	True	3.2393828682277515e-06
135	135	148.41316	0.0	1.8038852	1.7501309	148.41316	0.5578639	1.443804	2.1722322	62.269966	50.579384	23.381165	1.3113022e-06	True	3.487505811326047e-06
353	353	18.343567	0.0	1.1515217	2.358537	20.618483	0.47366506	0.82431656	2.5676515	69.348305	57.62645	23.44371	1.3113022e-06	True	3.487505811326047e-06
364	364	13.72705	0.0	0.6368357	1.993766	14.55133	0.606912	0.38577458	2.6270566	116.69058	104.98108	23.419006	1.3113022e-06	True	3.487505811326047e-06
162	162	14.071614	0.0	2.2538211	0.8567717	14.010933	0.6915564	1.9221168	2.6947215	-15.677162	-27.394264	23.434204	1.3113022e-06	True	3.487505811326047e-06
192	192	9.663237	0.0	2.4079423	0.6160608	9.713773	0.5327035	1.8201995	2.5776794	-42.234474	-53.850616	23.232285	1.4305115e-06	True	3.784421890500992e-06
355	355	148.41316	0.0	1.5339173	2.4318206	148.41316	0.61538374	1.3582273	2.8414652	33.669533	22.071991	23.195084	1.4901161e-06	True	3.900827537656454e-06
102	102	19.397148	0.0	1.5392121	0.80037826	19.302073	0.6407265	0.8757353	2.3679194	91.18646	79.599945	23.173035	1.4901161e-06	True	3.900827537656454e-06
49	49	148.41316	0.0	0.97719824	1.8913803	148.41316	0.6549129	0.77771163	2.4970493	120.33297	108.92012	22.825699	1.7881393e-06	True	4.656612873077393e-06
208	208	148.41316	0.0	0.20235687	2.5693147	148.41316	0.54260266	-0.16341004	2.8407888	122.51011	111.178154	22.66391	1.9073486e-06	True	4.941317701586787e-06
399	399	148.41316	0.0	2.1149364	2.7673352	148.41316	0.5410273	1.7819519	3.0764155	-70.621635	-81.943375	22.643478	1.9669533e-06	True	5.069467210278069e-06
497	497	7.576139	0.0	2.3667183	0.93220353	7.0505085	0.5787814	1.7509358	2.3198173	-43.05211	-54.255287	22.406357	2.2053719e-06	True	5.654799632537059e-06
80	80	148.41316	0.0	2.20331	0.5899845	148.41316	0.60977286	1.5652344	2.5583782	17.263535	6.0945854	22.337898	2.2649765e-06	True	5.77800127924705e-06
412	412	22.386274	0.0	1.8060838	0.67940086	21.715986	0.53714365	1.115855	2.5166643	49.499725	38.373398	22.252655	2.3841858e-06	True	6.0206711894333965e-06
431	431	148.41316	0.0	1.7643864	2.2810676	148.41316	0.7122383	1.4727426	2.8179653	30.677002	19.549622	22.25476	2.3841858e-06	True	6.0206711894333965e-06
25	25	148.41316	0.0	0.10528943	2.0822334	148.41316	0.65618175	0.14941646	2.525175	154.43445	143.34349	22.181915	2.503395e-06	True	6.258487701416016e-06
377	377	11.275549	0.0	0.48615548	0.7449077	11.20958	0.6315278	-0.5344682	2.7044764	131.65999	120.56691	22.186157	2.503395e-06	True	6.258487701416016e-06
47	47	6.065701	0.0	1.4168057	1.0961784	6.043117	0.7321394	0.61663973	2.9417944	48.64431	37.622505	22.04361	2.682209e-06	True	6.672161728588503e-06
28	28	148.41316	0.0	0.76809734	2.0056353	148.41316	0.59198487	0.6625661	2.4290104	130.19499	119.20001	21.98996	2.7418137e-06	True	6.753235614945736e-06
368	368	19.044744	0.0	0.3499552	2.1239367	19.495235	0.6383482	0.3252313	2.7892692	126.85518	115.85574	21.99887	2.7418137e-06	True	6.753235614945736e-06
201	201	8.267246	0.0	1.4330449	0.8960786	8.11512	0.5801061	0.6836167	2.3655105	85.94523	74.98074	21.92897	2.8014183e-06	True	6.866221334419999e-06
452	452	148.41316	0.0	0.78233343	2.2576118	148.41316	0.48035976	0.6515996	2.4415572	107.63136	96.70221	21.858307	2.9206276e-06	True	7.123481936571075e-06
404	404	148.41316	0.0	1.4780436	0.6017081	148.41316	0.51452714	1.0385226	2.0040042	118.32193	107.4404	21.763062	3.0994415e-06	True	7.522916330874546e-06
245	245	148.41316	0.0	1.2807033	2.0601163	148.41316	0.5917829	1.0050931	2.2844942	99.643555	88.791534	21.70404	3.1590462e-06	True	7.630546311825371e-06
166	166	11.260675	0.0	1.7684418	0.8843677	11.214702	0.5348654	0.9075011	2.3645186	56.277763	45.438885	21.677757	3.2186508e-06	True	7.737141389113207e-06
346	346	148.41316	0.0	1.2253623	1.7376429	148.41316	0.52172244	1.3096178	2.05263	120.08754	109.27195	21.63118	3.2782555e-06	True	7.842716417814557e-06
91	91	12.356398	0.0	2.115328	0.7711684	12.542445	0.45302403	1.762244	2.016441	27.737686	16.934875	21.605621	3.33786e-06	True	7.947285970052084e-06
433	433	148.41316	0.0	1.2026051	2.374111	148.41316	0.5341438	1.0492663	2.698298	68.85891	58.09652	21.52478	3.516674e-06	True	8.333350809829495e-06
179	179	148.41316	0.0	1.3288	1.0166042	109.051384	0.5126199	0.6248346	2.2198026	117.01314	106.40575	21.214783	4.1127205e-06	True	9.654273449535101e-06
334	334	148.41316	0.0	0.1843554	2.1522267	148.41316	0.5935039	0.5116517	2.4768014	146.87642	136.26474	21.223358	4.1127205e-06	True	9.654273449535101e-06
202	202	148.41316	0.0	0.19551735	1.8676361	148.41316	0.4519656	-0.030907145	2.0556672	161.85187	151.28836	21.127014	4.2915344e-06	True	1.0026949588383469e-05
2	2	148.41316	0.0	1.566706	2.2102976	148.41316	0.6395922	1.6939613	2.7998917	41.117004	30.642166	20.949677	4.708767e-06	True	1.0950620784315952e-05
134	134	20.830757	0.0	1.3915786	2.1080933	20.43253	0.5998077	1.2026451	2.5777624	71.503235	61.11303	20.78041	5.1259995e-06	True	1.1865739469174986e-05
480	480	148.41316	0.0	1.7347575	2.4772718	148.41316	0.60610235	1.6445445	2.8638082	13.934746	3.5998077	20.669876	5.4836273e-06	True	1.2635085989253312e-05
238	238	148.41316	0.0	0.9191363	2.388735	148.41316	0.6681838	0.81861264	2.875167	101.45554	91.18619	20.538712	5.841255e-06	True	1.3397374284376793e-05
360	360	148.41316	0.0	0.31241828	2.5191326	148.41316	0.5501588	0.03995445	2.8134034	126.05293	115.93631	20.233246	6.854534e-06	True	1.564962134513681e-05
87	87	148.41316	0.0	0.19042577	2.6542668	148.41316	0.5978565	0.099624425	3.0463374	119.01958	108.91731	20.204529	6.9737434e-06	True	1.5849416906183418e-05
231	231	148.41316	0.0	1.3062642	1.7490003	148.41316	0.5797392	1.2445762	2.160445	109.455536	99.364716	20.18164	7.033348e-06	True	1.5912552225104284e-05
129	129	27.74292	0.0	0.99530023	2.3243978	25.770414	0.52999127	0.95512384	2.718354	83.72281	73.63779	20.170044	7.0929527e-06	True	1.597511875736821e-05
305	305	148.41316	0.0	0.33867374	1.6687365	148.41316	0.5577856	0.3448125	1.9759321	167.12784	157.11856	20.018555	7.688999e-06	True	1.723990846642464e-05
11	11	148.41316	0.0	0.46318352	2.2822464	148.41316	0.6487882	0.48065552	2.8138304	132.49521	122.58605	19.818314	8.523464e-06	True	1.9025589738573346e-05
175	175	38.94444	0.0	1.410669	2.644098	38.05116	0.49270847	1.5164623	2.934945	22.644905	12.902306	19.485199	1.013279e-05	True	2.2517310248480902e-05
14	14	148.41316	0.0	0.274286	2.3331683	148.41316	0.54934865	0.14976868	2.679015	135.8873	126.2323	19.309998	1.1086464e-05	True	2.4527575062439505e-05
350	350	148.41316	0.0	0.3023624	1.9865041	148.41316	0.5186022	0.23106077	2.276548	151.43771	141.79874	19.277954	1.13248825e-05	True	2.49446751262648e-05
389	389	148.41316	0.0	1.4562746	1.7136208	148.41316	0.54910535	1.1612437	2.3150895	89.01762	79.4305	19.17424	1.1920929e-05	True	2.614238805938185e-05
117	117	148.41316	0.0	1.0696353	2.3445814	148.41316	0.62559223	1.0363526	2.8033397	83.68806	74.15648	19.063156	1.2636185e-05	True	2.7589922909132777e-05
453	453	148.41316	0.0	1.530211	2.2299464	148.41316	0.6318667	1.7969645	2.619738	54.642212	45.12483	19.034767	1.2814999e-05	True	2.785869266675866e-05
137	137	148.41316	0.0	1.8339086	2.4615943	148.41316	0.5830084	1.5885688	2.823205	3.499771	-6.0075684	19.014679	1.2993813e-05	True	2.8125135413496008e-05
500	500	148.41316	0.0	0.8060724	1.9005622	148.41316	0.6197223	0.6635657	2.2849598	141.25247	131.93372	18.637512	1.579523e-05	True	3.4041445830772665e-05
130	130	148.41316	0.0	0.8402968	2.0486908	148.41316	0.6042569	0.5671367	2.4661887	126.91623	117.64964	18.533173	1.66893e-05	True	3.58139496504493e-05
181	181	148.41316	0.0	-0.2255993	1.9364955	148.41316	0.6261231	-0.2770901	2.6302707	146.52386	137.27274	18.502258	1.6987324e-05	True	3.614324204465177e-05
193	193	17.96305	0.0	1.0139496	2.1188936	19.271742	0.48211753	0.6755189	2.4057515	98.26278	89.01178	18.501999	1.6987324e-05	True	3.614324204465177e-05
316	316	10.258605	0.0	0.859886	0.7208239	12.755263	0.56035197	0.25681296	2.4682033	137.0169	127.77344	18.486938	1.7106533e-05	True	3.62426547680871e-05
259	259	148.41316	0.0	0.8780881	2.0178583	148.41316	0.4716186	0.85824466	2.2818499	123.422195	114.23883	18.36673	1.8239021e-05	True	3.8317271641322547e-05
35	35	148.41316	0.0	0.76341254	2.1603563	148.41316	0.4829965	0.6976495	2.497749	114.59508	105.40921	18.371735	1.8179417e-05	True	3.8317271641322547e-05
27	27	148.41316	0.0	0.47039348	2.4726512	148.41316	0.63358533	0.1138923	2.8969727	118.967575	109.91316	18.108826	2.0861626e-05	True	4.364356835018142e-05
13	13	148.41316	0.0	0.84472585	1.9376398	148.41316	0.38169655	0.6037422	2.1180513	129.6326	120.663345	17.938507	2.2828579e-05	True	4.755953947703044e-05
185	185	148.41316	0.0	0.8651256	1.6282101	148.41316	0.44745687	0.8697808	1.8529246	149.57257	140.61389	17.917358	2.3066998e-05	True	4.785684134455637e-05
122	122	15.3523035	0.0	2.630719	0.82586616	15.421727	0.6484911	2.0274355	2.5490973	-68.9696	-77.83458	17.729965	2.5451183e-05	True	5.258508950225578e-05
164	164	5.5427494	0.0	0.4537013	1.0665	5.254997	0.42144617	0.05000261	2.1796753	131.7876	122.9911	17.593002	2.7358532e-05	True	5.629327562120226e-05
5	5	148.41316	0.0	1.3458841	0.7435448	148.41316	0.64205873	0.85232145	2.4210858	119.92868	111.18316	17.491043	2.8848648e-05	True	5.911608211329726e-05
146	146	148.41316	0.0	1.3924875	1.8883606	148.41316	0.5342878	1.4291182	2.243208	97.77635	89.04452	17.463669	2.926588e-05	True	5.97262869075853e-05
274	274	72.253265	0.0	2.3274806	0.46414712	68.874695	0.5153791	1.8776098	2.2543356	8.859863	0.18700409	17.345718	3.117323e-05	True	6.336022198684816e-05
383	383	148.41316	0.0	1.2567346	1.8966478	148.41316	0.47399694	1.0291513	2.0998597	117.161606	108.5217	17.279816	3.2246113e-05	True	6.527553203134884e-05
168	168	148.41316	0.0	1.2045256	2.0022204	148.41316	0.5210339	1.0752505	2.2846494	102.92776	94.300026	17.255463	3.2663345e-05	True	6.585351882442351e-05
284	284	11.738102	0.0	1.1976284	0.8595798	15.684272	0.43560135	0.677585	2.11467	118.43233	109.846466	17.171722	3.415346e-05	True	6.858124790421452e-05
263	263	23.531654	0.0	0.79374367	2.0438895	24.936562	0.45293853	0.6014848	2.3219385	120.66934	112.0981	17.142487	3.4689903e-05	True	6.937980651855469e-05
393	393	20.114553	0.0	1.8837998	0.7232446	19.60597	0.5787336	1.3545932	2.2691824	63.063786	54.53366	17.06025	3.6239624e-05	True	7.190401591951884e-05
356	356	37.75724	0.0	1.4393528	0.6311607	40.466404	0.5382158	0.6025855	2.4951687	103.285416	94.75587	17.059097	3.6239624e-05	True	7.190401591951884e-05
422	422	73.897896	0.0	1.8750837	2.341379	72.29869	0.400271	1.7767755	2.5038657	6.0313263	-2.4697723	17.002197	3.7312508e-05	True	7.344981816809947e-05
138	138	10.726294	0.0	1.2946913	0.83925414	11.155995	0.6599691	1.0655732	2.7148046	95.13081	86.629715	17.002197	3.7312508e-05	True	7.344981816809947e-05
446	446	148.41316	0.0	2.515479	2.172534	148.41316	0.53773206	2.3301647	2.469132	-61.94706	-70.42711	16.960098	3.8146973e-05	True	7.47979856004902e-05
493	493	22.596853	0.0	0.75747615	0.7998693	22.411701	0.5879078	0.4748575	2.1709824	154.06131	145.61607	16.890472	3.9577484e-05	True	7.729977369308472e-05
77	77	148.41316	0.0	0.8432271	2.0292926	148.41316	0.57791406	0.4340883	2.4273093	125.197784	116.75569	16.884186	3.9756298e-05	True	7.734688339530262e-05
36	36	21.371489	0.0	1.2514821	0.8333747	21.604286	0.3810376	1.0504378	1.5915867	139.01599	130.61627	16.799438	4.1544437e-05	True	8.051247559776602e-05
264	264	7.8027444	0.0	0.8397118	0.9824344	7.917495	0.7364413	0.41959947	3.0281136	101.139305	92.75726	16.764084	4.2319298e-05	True	8.169748608209912e-05
124	124	148.41316	0.0	0.76926637	2.274227	148.41316	0.6278793	1.0561073	2.7555382	109.041824	100.73908	16.605484	4.6014786e-05	True	8.815093058735932e-05
337	337	148.41316	0.0	0.48828965	1.9582709	148.41316	0.47025448	0.2136724	2.178033	150.68309	142.37997	16.606232	4.6014786e-05	True	8.815093058735932e-05
234	234	61.390564	0.0	0.87760305	2.4052298	63.545868	0.51477784	0.62092406	2.6671498	92.26695	83.97481	16.58429	4.6551228e-05	True	8.883822055263374e-05
481	481	38.307743	0.0	2.0515606	0.5302144	54.80196	0.5496825	1.5315863	2.374185	42.806946	34.541985	16.529922	4.786253e-05	True	9.099340257535868e-05
40	40	148.41316	0.0	1.0672565	2.3054354	148.41316	0.48980436	0.99042434	2.5496707	92.43373	84.183655	16.500153	4.863739e-05	True	9.211626919833095e-05
329	329	7.4166007	0.0	1.243758	0.9447671	7.4874725	0.54860884	0.4673182	2.3768985	92.83507	84.67322	16.3237	5.340576e-05	True	0.0001007655881485849
93	93	7.1198974	0.0	1.276119	0.74472195	7.356911	0.527949	0.68944174	2.4578047	100.661896	92.57222	16.179352	5.763769e-05	True	0.00010834152537180964
292	292	33.88714	0.0	2.0635664	0.6217084	33.323578	0.54352057	1.5614938	2.3594928	39.927544	31.856964	16.14116	5.877018e-05	True	0.00011005651638302463
499	499	148.41316	0.0	1.49746	1.0417907	148.41316	0.5454311	1.0796229	1.8341416	118.51583	110.53657	15.958527	6.4730644e-05	True	0.00012076612728745189
211	211	148.41316	0.0	1.1867304	1.7780066	148.41316	0.37102243	1.0893053	1.9035224	124.59664	116.766815	15.659653	7.581711e-05	True	0.00014092399285185292
468	468	148.41316	0.0	0.9972483	2.3511782	148.41316	0.59612095	0.8729458	2.865327	79.03566	71.22453	15.622253	7.736683e-05	True	0.00014327190540455004
107	107	148.41316	0.0	1.8697132	1.998126	148.41316	0.44003892	1.5700603	2.1337388	43.99496	36.188004	15.6139145	7.766485e-05	True	0.00014329308513345753
457	457	148.41316	0.0	1.4904766	1.685621	148.41316	0.52713215	1.5011698	2.1787717	94.262695	86.46486	15.595673	7.843971e-05	True	0.00014419064802281996
376	376	148.41316	0.0	1.240123	1.9643102	148.41316	0.64293844	1.2604688	2.487954	107.431076	99.76547	15.331207	9.024143e-05	True	0.000165277348333226
443	443	148.41316	0.0	1.0039809	2.0457947	148.41316	0.5654005	1.033599	2.3329084	122.10077	114.45283	15.295883	9.191036e-05	True	0.00016771963913075243
225	225	8.816738	0.0	1.8522102	0.733614	9.216118	0.5288307	1.2111877	2.3934324	47.749733	40.138786	15.221893	9.560585e-05	True	0.000173828818581321
463	463	148.41316	0.0	0.6859167	2.129114	148.41316	0.4121312	0.7036836	2.2752857	131.13658	123.54287	15.187424	9.7334385e-05	True	0.000175693835592442
10	10	148.41316	0.0	0.84227115	2.1998508	148.41316	0.48769662	0.69807905	2.4461436	120.689384	113.09481	15.189148	9.727478e-05	True	0.000175693835592442
279	279	13.393748	0.0	1.5730104	0.83486736	13.467063	0.5674367	1.4264925	1.9830035	103.67616	96.09686	15.1586	9.88245e-05	True	0.00017774190834100295
471	471	28.89138	0.0	1.0060654	0.8551723	30.584465	0.5879337	0.3632041	2.2852614	136.97404	129.40399	15.140106	9.983778e-05	True	0.0001789207526859844
31	31	12.782529	0.0	0.8774639	0.91120887	10.801672	0.60091716	0.3596846	2.26505	137.05081	129.53072	15.040192	0.0001052618	True	0.00018729858126928796
72	72	148.41316	0.0	0.9595637	2.2655413	148.41316	0.4907562	0.85310316	2.5396676	100.93406	93.4135	15.041122	0.0001052022	True	0.00018729858126928796
429	429	21.156454	0.0	1.3665696	0.6661917	27.063593	0.41326326	0.8120695	1.9184655	127.185165	119.686356	14.99762	0.00010764599	True	0.0001902925673306199
148	148	148.41316	0.0	1.4148539	2.0839944	148.41316	0.39241248	1.3215657	2.306964	75.65489	68.15648	14.996826	0.00010770559	True	0.0001902925673306199
458	458	148.41316	0.0	1.2903966	1.9246422	148.41316	0.5503301	1.4634763	2.2747154	103.49837	96.02936	14.938019	0.00011110306	True	0.00019560397510797207
61	61	148.41316	0.0	0.81190914	0.7145354	148.41316	0.46093735	0.46523365	1.8397056	164.68983	157.26086	14.857941	0.000115931034	True	0.00020338777910199084
495	495	148.41316	0.0	0.86881185	2.0584395	148.41316	0.4734469	0.578864	2.2656398	130.08914	122.68418	14.809921	0.000118911266	True	0.0002078868292428397
233	233	148.41316	0.0	0.8761179	2.3070836	148.41316	0.5203437	0.753522	2.5283241	109.7577	102.36649	14.78241	0.0001206398	True	0.00021017386938221365
450	450	110.94388	0.0	1.9412464	2.243128	117.24816	0.37904182	1.972334	2.4274485	5.3331146	-2.0318756	14.72998	0.00012403727	True	0.00021459734563596523
213	213	9.665251	0.0	0.38396358	0.8055559	7.415333	0.4630666	-0.22302586	2.131803	151.70547	144.33893	14.733093	0.00012385845	True	0.00021459734563596523
210	210	148.41316	0.0	0.93419737	1.86839	148.41316	0.5769147	0.7898423	2.2112684	139.5556	132.22046	14.670288	0.00012803078	True	0.0002207427189267915
54	54	5.3011985	0.0	1.6305834	0.9871854	5.2536335	0.5647657	1.1927463	2.4666653	46.569733	39.257355	14.624756	0.00013118982	True	0.00022372015479470598
299	299	148.41316	0.0	1.2050054	2.3620608	148.41316	0.5551188	1.052572	2.7166646	82.16005	74.85027	14.619553	0.00013154745	True	0.00022372015479470598
81	81	148.41316	0.0	1.4076774	2.226584	148.41316	0.5577802	1.560361	2.5548298	71.35295	64.04041	14.625076	0.00013113022	True	0.00022372015479470598
23	23	148.41316	0.0	0.87746876	2.1036422	148.41316	0.57629424	0.50382507	2.631404	109.205666	101.896065	14.619202	0.00013154745	True	0.00022372015479470598
218	218	148.41316	0.0	2.0113792	2.158448	148.41316	0.5059265	1.8944553	2.5441077	-5.1570663	-12.4390335	14.563934	0.00013548136	True	0.00022962941961773373
421	421	148.41316	0.0	1.4712613	2.119144	148.41316	0.6803841	1.2092297	2.78351	67.28379	60.067436	14.432709	0.00014525652	True	0.0002453657420905861
400	400	148.41316	0.0	1.313808	1.9795252	132.17567	0.38638732	1.2329354	2.1982358	92.82564	85.651764	14.347748	0.00015193224	True	0.00025577818103109546
173	173	148.41316	0.0	1.8714608	2.5845394	148.41316	0.6436189	1.5884916	3.2151842	-22.00888	-29.177422	14.337082	0.00015282631	True	0.00025641998188607643
85	85	148.41316	0.0	1.6179596	0.6634473	148.41316	0.670503	1.3686113	2.1391988	114.74783	107.63485	14.225967	0.00016212463	True	0.0002711114277409072
78	78	25.10637	0.0	1.0054911	0.6708074	25.00506	0.4439608	0.43334877	2.5264904	115.663284	108.58046	14.165649	0.00016736984	True	0.0002789497375488281
330	330	43.63239	0.0	1.5657295	2.2117362	50.625088	0.45384157	1.415421	2.47594	49.577255	42.62265	13.90921	0.00019186735	True	0.00031871653078402397
120	120	13.048975	0.0	1.7009386	0.6718445	13.419723	0.612577	1.0902277	2.678265	61.73042	54.785027	13.890785	0.0001937747	True	0.0003208190400079386
447	447	148.41316	0.0	0.93426466	2.2332327	120.782524	0.5893888	0.74611133	2.7448287	96.99174	90.05266	13.878159	0.0001950264	True	0.00032182573878725764
487	487	148.41316	0.0	1.4188415	1.5260794	148.41316	0.45969933	1.4065623	1.8392568	119.86138	113.12933	13.464096	0.00024318695	True	0.0003986671322681865
348	348	148.41316	0.0	1.3093511	0.4736304	148.41316	0.477671	0.71998435	2.0123465	135.49677	128.76247	13.468597	0.0002425909	True	0.0003986671322681865
312	312	7.103893	0.0	2.2407699	0.86507094	7.3429976	0.5082785	1.9048342	2.1948125	-4.14093	-10.784725	13.28759	0.00026714802	True	0.0004365163690903608
273	273	11.677033	0.0	2.4511156	0.8561331	11.754011	0.58119714	2.0770748	2.3753567	-32.520973	-39.124157	13.2063675	0.00027900934	True	0.00045441260943583634
371	371	19.35371	0.0	1.4669456	0.5786006	17.912619	0.5137056	1.023921	2.2149985	111.26884	104.713455	13.110764	0.00029361248	True	0.0004766436366291789
154	154	57.862537	0.0	0.7547388	0.86898	51.992706	0.5426299	0.5237379	2.2304947	148.62338	142.08893	13.068909	0.0003002286	True	0.0004858067892130139
176	176	17.471786	0.0	2.7320752	0.6457767	17.730543	0.47836262	2.3162508	2.3707764	-80.06592	-86.57048	13.009125	0.00031000376	True	0.0004984941513208715
438	438	148.41316	0.0	1.6176169	1.6262465	148.41316	0.26750335	1.6010827	1.8186862	90.55375	84.04936	13.008774	0.00031006336	True	0.0004984941513208715
194	194	10.259716	0.0	1.5537173	0.6671932	11.174587	0.46581382	1.0734472	2.2114978	91.977486	85.49932	12.956329	0.00031882524	True	0.000510937892473661
52	52	86.90968	0.0	1.5519793	0.8962599	81.38507	0.5259561	1.2142428	2.1927571	104.91673	98.57828	12.67691	0.00037020445	True	0.0005894975297769923
51	51	148.41316	0.0	1.4175158	0.5784208	148.41316	0.3429172	1.3254871	1.6901	137.12851	130.78952	12.6779785	0.00036996603	True	0.0005894975297769923
189	189	148.41316	0.0	0.73800594	2.1237288	148.41316	0.48899537	0.72396535	2.3613074	127.43921	121.1051	12.668213	0.00037193298	True	0.0005903698149181548
310	310	13.565271	0.0	0.8493772	1.0399748	13.50332	0.48172173	0.31080353	2.061136	144.84633	138.58047	12.531708	0.00040012598	True	0.0006331107284449324
295	295	8.450733	0.0	1.4753673	0.81048334	8.489406	0.5443589	0.94753456	2.526014	73.78015	67.530014	12.500275	0.0004069209	True	0.000641831088141312
271	271	148.41316	0.0	1.0261637	1.4953378	148.41316	0.4357953	0.93625623	1.705575	153.82019	147.5889	12.462585	0.00041520596	True	0.0006528395526814011
145	145	20.688559	0.0	1.5920624	0.62286234	29.304968	0.3658249	1.0926288	1.9795256	106.20326	99.97726	12.452011	0.00041753054	True	0.0006544365778238422
369	369	33.186836	0.0	0.89576	2.0614243	32.68479	0.44871402	0.80440575	2.2885258	120.02434	113.83376	12.381149	0.0004336834	True	0.0006776303052902222
339	339	148.41316	0.0	0.64643073	2.2951307	148.41316	0.4829218	0.50888145	2.6089015	120.242836	114.13241	12.220856	0.00047260523	True	0.0007361452156138197
111	111	148.41316	0.0	0.74238014	1.8107072	148.41316	0.51387805	0.48348936	2.0874152	153.07158	146.97885	12.185455	0.00048166513	True	0.0007479272273756703
133	133	93.71966	0.0	0.8632726	1.9813504	44.707245	0.36466977	0.78437066	2.2576928	118.2242	112.15289	12.142609	0.0004928112	True	0.0007628656393234205
425	425	17.704054	0.0	1.640023	0.706359	17.320389	0.5567496	1.1662349	2.3446798	88.487465	82.48549	12.003952	0.0005308986	True	0.0008167670323298527
430	430	4.868566	0.0	1.159741	1.0338874	5.83768	0.59147483	0.99464625	2.1705837	101.58338	95.578964	12.008835	0.00052946806	True	0.0008167670323298527
323	323	148.41316	0.0	0.8444984	2.32176	148.41316	0.4202877	0.5902669	2.4563262	114.178986	108.18414	11.989685	0.0005349517	True	0.0008204780473299553
351	351	12.072672	0.0	1.8302785	0.6980564	12.024602	0.40408862	1.4895501	2.019002	69.80661	63.8658	11.881622	0.0005668998	True	0.0008668192300592358
203	203	148.41316	0.0	0.93469614	2.0387776	148.41316	0.4492859	1.1242675	2.2841363	122.41192	116.4813	11.861237	0.00057315826	True	0.0008722387910976236
336	336	148.41316	0.0	1.2872579	1.9960787	148.41316	0.35991988	1.4002033	2.0877187	104.62175	98.69238	11.858734	0.0005739331	True	0.0008722387910976236
277	277	148.41316	0.0	1.3766026	2.2165468	148.41316	0.37534913	1.3360231	2.4188743	71.73067	65.80588	11.849579	0.00057673454	True	0.0008738402164343631
313	313	148.41316	0.0	0.92166847	1.6724436	148.41316	0.39793947	0.83265555	1.818181	147.41766	141.57759	11.680145	0.00063169	True	0.0009542145397727943
257	257	148.41316	0.0	0.6619753	1.9555184	148.41316	0.49237606	0.7214737	2.3507855	135.83789	130.07027	11.535248	0.0006828904	True	0.001028449420469353
459	459	52.492046	0.0	0.835736	0.7634803	69.384674	0.49553895	0.40317315	1.9278872	162.12836	156.45776	11.341187	0.0007580519	True	0.0011382160244045314
243	243	148.41316	0.0	1.2816678	2.1212058	148.41316	0.54248995	1.0383769	2.4934773	91.76498	86.21277	11.104416	0.0008612275	True	0.001289262743053322
296	296	7.9863496	0.0	1.054887	0.92563105	8.477545	0.51225233	0.8446809	2.0157502	132.52248	126.98296	11.079025	0.00087308884	True	0.0013031176666715252
126	126	92.446175	0.0	0.100147136	1.9511635	92.93696	0.5075036	-0.45661244	2.4151056	153.4577	147.956	11.003418	0.00090944767	True	0.0013533447469983781
8	8	148.41316	0.0	1.8128788	1.6513152	148.41316	0.29525203	1.6308063	1.8918253	68.641396	63.16668	10.949432	0.00093632936	True	0.0013888940303283328
275	275	10.999914	0.0	1.9337636	0.9146137	11.181974	0.6008192	1.4847287	2.203389	44.820633	39.348473	10.944321	0.00093889236	True	0.0013888940303283328
68	68	5.173411	0.0	0.7655014	1.016079	5.173992	0.45650977	0.46649665	2.1815143	129.84671	124.43303	10.827362	0.0010001063	True	0.0014750830895077865
106	106	23.821129	0.0	1.5312799	0.76099825	23.586739	0.43971848	1.2376937	2.0566437	106.88997	101.481384	10.817169	0.0010056496	True	0.0014788964215446919
272	272	148.41316	0.0	0.30930242	1.4447858	148.41316	0.45998144	0.06035557	2.1125016	162.46924	157.1963	10.545868	0.001164496	True	0.001707472060083294
366	366	9.848953	0.0	3.264809	0.8670725	9.94392	0.53717095	2.8367367	2.4774022	-208.4273	-213.689	10.523376	0.0011787415	True	0.0017233062208744517
434	434	10.201654	0.0	1.9450895	0.7116468	10.195545	0.4072012	1.4028357	2.3899913	35.616833	30.361038	10.511589	0.0011863112	True	0.0017293166836218651
113	113	148.41316	0.0	-0.41375116	2.093395	148.41316	0.4542154	-0.29136443	2.2932124	163.2799	158.03569	10.488434	0.0012012124	True	0.001745948264765185
253	253	99.68679	0.0	1.3068267	2.0461688	118.41187	0.58428586	1.0638951	2.6228685	88.65505	83.46068	10.388748	0.0012678504	True	0.0018374643464019334
380	380	148.41316	0.0	0.42557892	1.9531238	148.41316	0.47307587	0.14054538	2.2708867	149.8599	144.69302	10.33374	0.0013061762	True	0.0018875378404738588
308	308	148.41316	0.0	0.4724815	1.8507687	148.41316	0.54959464	0.57537216	2.2277834	156.41302	151.27847	10.269104	0.001352787	True	0.0019492608325969247
418	418	148.41316	0.0	1.2561637	1.4635706	148.41316	0.4931645	1.1626198	1.7527434	139.99864	134.87013	10.257019	0.0013616681	True	0.0019564196981232745
222	222	148.41316	0.0	2.2845209	1.8401427	148.41316	0.5595273	2.1665788	2.3899238	-9.027306	-14.147556	10.240501	0.0013738871	True	0.001963973045349121
248	248	5.3691936	0.0	1.5724626	0.95592344	5.361643	0.5400507	1.0692194	2.283073	63.248425	58.12876	10.2393265	0.0013747811	True	0.001963973045349121
128	128	148.41316	0.0	1.5568482	1.8132045	148.41316	0.38498828	1.5431268	2.185931	77.79329	72.70634	10.173904	0.0014244318	True	0.002029105129404965
304	304	148.41316	0.0	2.073609	2.30508	148.41316	0.53409857	2.2094178	2.6509476	-8.393524	-13.47599	10.164932	0.0014313459	True	0.002033161846074191
270	270	17.300987	0.0	1.7051011	1.0041558	17.015072	0.39429933	1.3423713	1.9077746	91.883705	86.84629	10.074829	0.0015031099	True	0.0021290508951073667
384	384	88.00324	0.0	1.2784706	1.5461439	84.745605	0.44916427	1.0573952	2.0316353	120.02459	114.99562	10.057938	0.0015169382	True	0.002142568092561711
79	79	6.874454	0.0	1.5630006	0.64478207	6.8622622	0.41416016	0.80641097	2.285643	77.164825	72.189575	9.9505005	0.0016080737	True	0.002264892551260935
407	407	30.185905	0.0	0.45543218	0.89648044	22.434473	0.35809875	-0.24692969	2.1154346	151.36124	146.39732	9.927826	0.0016279817	True	0.0022864910993683207
372	372	148.41316	0.0	1.253091	1.835762	148.41316	0.46267354	1.1933522	2.1785562	109.02239	104.09448	9.85582	0.0016929507	True	0.0023710794475566106
485	485	148.41316	0.0	1.021079	2.2375813	148.41316	0.50811523	0.86450577	2.6197748	98.58484	93.673416	9.822845	0.0017235875	True	0.002407245129846328
140	140	16.407751	0.0	1.2135496	2.4418843	15.331864	0.41553771	1.2325753	2.745715	53.89427	49.019485	9.749573	0.001793623	True	0.0024980821317284884
286	286	73.531105	0.0	1.5171847	0.5462447	76.53141	0.4670139	1.046862	2.2008746	110.14175	105.270676	9.742142	0.0018008947	True	0.002501242690616184
303	303	148.41316	0.0	2.2249277	2.180135	148.41316	0.37436113	2.0853937	2.3792057	-23.900124	-28.760254	9.720261	0.0018224716	True	0.00252419891780103
301	301	15.089985	0.0	2.9612463	0.7572748	15.003317	0.5297618	2.7584794	2.3212795	-120.754364	-125.60503	9.701324	0.0018413663	True	0.002535653638315725
86	86	13.092841	0.0	1.7645553	0.61189157	13.032149	0.41015851	1.3981017	2.3406494	64.7472	59.894714	9.704971	0.0018377304	True	0.002535653638315725
397	397	148.41316	0.0	2.405981	1.8680505	148.41316	0.5967312	2.2535586	2.4632764	-29.49356	-34.34193	9.696739	0.0018459558	True	0.002535653638315725
290	290	45.453896	0.0	1.1530595	1.5682756	45.179943	0.46156365	0.8748141	2.0044174	129.56139	124.83385	9.455078	0.0021056533	True	0.002884456556137294
374	374	10.262801	0.0	1.9115835	0.9334318	11.993115	0.54497325	1.3895879	2.3794901	48.11267	43.413303	9.398735	0.0021713376	True	0.0029663082028998705
333	333	26.90021	0.0	1.4690565	0.79650366	27.281618	0.47430223	1.0464777	2.0973854	108.40483	103.70973	9.390198	0.0021814704	True	0.0029720305097200566
268	268	5.7587595	0.0	1.2742882	1.0619996	5.640919	0.37862548	1.012759	1.7048172	111.24626	106.65317	9.186188	0.0024384856	True	0.0033041810601707397
156	156	148.41316	0.0	0.2739156	1.5983785	148.41316	0.37418467	0.206251	1.7887465	172.33418	167.73926	9.18985	0.002433598	True	0.0033041810601707397
172	172	34.05109	0.0	0.9071187	1.9448164	32.081593	0.36898398	0.79052526	2.187149	123.81324	119.32683	8.972824	0.002740264	True	0.0037030593768970386
363	363	5.7851353	0.0	1.3977613	0.8448144	5.788972	0.38508624	0.8469872	2.216644	84.72269	80.32045	8.804474	0.0030049086	True	0.004049741996909087
182	182	148.41316	0.0	1.134419	1.4586388	148.41316	0.47834086	1.0009803	1.8870565	139.86139	135.4679	8.786987	0.0030338764	True	0.004077790885843257
125	125	148.41316	0.0	1.9995699	2.236293	148.41316	0.49561962	1.9762738	2.646815	-0.2710266	-4.640579	8.739105	0.003114581	True	0.004175041699856919
144	144	148.41316	0.0	1.3894906	1.6285002	148.41316	0.4514069	1.3369693	1.9513657	114.459175	110.21162	8.495117	0.00356102	True	0.004760721788049382
20	20	148.41316	0.0	1.4349518	2.2311654	148.41316	0.43356937	1.1944258	2.4789767	72.475204	68.333626	8.283157	0.0040014386	True	0.005335251490275065
338	338	12.6486225	0.0	-0.13936585	1.8559445	13.086514	0.42852145	-0.54471785	2.473595	146.14386	142.035	8.217712	0.004148364	True	0.005516441578560687
466	466	148.41316	0.0	0.8938592	1.7632991	148.41316	0.33879983	0.82614934	2.0024357	139.57736	135.49843	8.157867	0.0042874813	True	0.005686314732073473
496	496	12.725276	0.0	1.9753611	0.7986843	12.6716175	0.36092493	1.723023	1.9566983	52.556683	48.50325	8.106865	0.00440979	True	0.005833055607225529
424	424	7.457652	0.0	1.1071125	0.91212344	7.4950776	0.57333046	0.6660979	2.2807758	117.2194	113.18661	8.065582	0.004511416	True	0.00595173609288198
60	60	7.1237903	0.0	1.9527234	0.7261615	6.7927375	0.38457462	1.6081599	2.0625782	41.496597	37.50581	7.981575	0.0047255754	True	0.006217862430371736
94	94	148.41316	0.0	1.2350076	1.8076534	148.41316	0.30795398	1.0776001	2.0005982	118.066696	114.11537	7.902649	0.0049362183	True	0.006477976721415682
340	340	148.41316	0.0	0.51402116	1.8253602	148.41316	0.4038959	0.541972	1.9853725	159.06023	155.12062	7.8792114	0.005000651	True	0.006545354558535272
183	183	148.41316	0.0	1.0048416	2.0222805	148.41316	0.424016	0.9381825	2.3209689	115.32244	111.500435	7.6440125	0.005696118	True	0.007436185219269197
441	441	148.41316	0.0	0.864013	1.5012779	148.41316	0.39096996	0.7314432	1.8121299	157.4823	153.66791	7.628784	0.0057443976	True	0.007479684427380562
419	419	11.52339	0.0	1.8872778	0.8152663	11.660553	0.4995166	1.4550674	2.0454996	66.289375	62.50808	7.5625916	0.005959213	True	0.007739237376621791
24	24	23.70046	0.0	1.7842106	0.6791643	23.400188	0.4820589	1.371756	2.1180713	82.720055	79.007645	7.42482	0.00643301	True	0.008332914639013419
442	442	19.119219	0.0	1.5619922	0.903264	19.495415	0.35678807	1.3410375	1.8911225	108.62124	104.91431	7.413864	0.0064722896	True	0.008362131217345402
486	486	25.26118	0.0	0.51270145	2.0418293	24.686909	0.49471843	0.49173185	2.5026531	132.83246	129.12859	7.4077454	0.0064943433	True	0.00836899907318587
121	121	16.300747	0.0	0.66098785	2.1520472	16.444603	0.47465038	0.50365376	2.524028	119.348175	115.7628	7.170746	0.0074101686	True	0.009524638364737935
307	307	148.41316	0.0	0.98505473	1.6204501	148.41316	0.5199574	0.68586457	1.9373252	149.52783	145.96968	7.1163025	0.0076386333	True	0.009793119552807929
88	88	148.41316	0.0	0.36680618	1.6954927	148.41316	0.46240073	0.35066104	2.0132818	168.74625	165.2172	7.0581055	0.007890761	True	0.01009048708259602
261	261	20.09586	0.0	0.6598841	1.702475	19.828522	0.36479723	0.42848068	2.0793839	145.4293	142.10617	6.6462708	0.009936333	True	0.01267389375336316
318	318	5.1649356	0.0	0.9535636	0.84061706	5.2009053	0.33706588	0.29990286	2.2580917	111.99451	108.69217	6.6046753	0.010171115	True	0.01294035037965265
283	283	27.664545	0.0	1.2593964	1.7062678	26.651617	0.2666446	1.1515045	1.9123119	115.914764	112.82901	6.171509	0.0129823685	True	0.016475086889896295
101	101	148.41316	0.0	0.30160987	1.6071646	148.41316	0.3620376	0.35195017	1.7882141	174.01347	170.93661	6.153717	0.013113618	True	0.016599516325359102
483	483	16.101494	0.0	2.1713698	0.6069217	15.921048	0.35221046	1.8215959	2.091455	30.736343	27.677952	6.116783	0.013390422	True	0.016907098317387126
385	385	148.41316	0.0	0.74427104	2.0708203	148.41316	0.34998676	0.8881343	2.2404888	134.00337	130.94878	6.109192	0.01344806	True	0.01693710271897784
413	413	148.41316	0.0	2.0492985	1.8671799	148.41316	0.37458703	2.0325804	2.0330634	32.244095	29.199738	6.0887146	0.01360482	True	0.01709148212892925
70	70	63.593185	0.0	1.1041886	1.9683105	78.04146	0.4588664	1.0481813	2.4388375	105.86527	102.84903	6.032486	0.0140449405	True	0.01760017602963555
22	22	148.41316	0.0	0.7979591	2.043189	148.41316	0.24591032	0.680325	2.1819906	127.33066	124.347534	5.9662476	0.014582276	True	0.018193537457625468
349	349	5.081623	0.0	1.6412092	0.85969263	5.1126623	0.39306688	1.2100484	2.118053	63.77179	60.789207	5.965164	0.014591217	True	0.018193537457625468
37	37	17.981651	0.0	0.81248677	0.82610065	17.840607	0.30703723	0.49021918	1.7474976	158.49368	155.53214	5.9230957	0.014943659	True	0.018586640927328993
440	440	9.824605	0.0	1.949735	0.8076142	10.016226	0.38416895	1.6380394	1.9006158	59.207993	56.386078	5.6438293	0.017516911	True	0.021733140235503316
423	423	17.15206	0.0	0.7193025	1.0218129	17.118832	0.49771777	0.4184215	2.2876892	144.54266	141.77376	5.5378113	0.018609822	True	0.02297508863755214
373	373	148.41316	0.0	1.4237016	1.762964	148.41316	0.2386086	1.3263446	1.8651366	104.96677	102.196846	5.5398407	0.018588305	True	0.02297508863755214
460	460	148.41316	0.0	0.7747225	1.2432423	148.41316	0.4072926	0.47429007	1.5975221	171.70212	168.95287	5.4985046	0.019032717	True	0.023439306343717527
217	217	148.41316	0.0	1.5695133	1.3786497	148.41316	0.33979365	1.4419049	1.7240413	109.51073	106.7792	5.4630585	0.01942259	True	0.023860676575644304
402	402	14.404618	0.0	0.9158308	1.0612586	14.174772	0.4352378	0.76373506	1.873114	148.80301	146.1182	5.369629	0.020490348	True	0.025110721003775503
227	227	148.41316	0.0	0.5340844	1.569722	148.41316	0.30397144	0.32297578	1.7986026	165.86517	163.24258	5.245178	0.022007644	True	0.026904210484698234
200	200	148.41316	0.0	0.873811	1.670715	148.41316	0.41583484	0.7089195	2.068121	145.625	143.00797	5.23407	0.022148669	True	0.027010571665880157
16	16	148.41316	0.0	0.065545164	1.6451417	148.41316	0.29382753	-0.041765198	1.8147503	173.50269	170.90738	5.190613	0.02270919	True	0.027626752853393555
105	105	5.910497	0.0	1.81965	0.7717253	5.474563	0.34809113	1.5437046	1.8815637	62.0929	59.60163	4.9825363	0.025604427	True	0.03107333356894336
132	132	9.4088125	0.0	1.4674181	0.8164972	9.360889	0.35240692	1.2371389	1.589592	120.54818	118.11829	4.8597717	0.02748996	True	0.03328082347897583
223	223	148.41316	0.0	1.0084403	1.6373576	148.41316	0.3336966	0.97704136	1.8658605	143.91531	141.58174	4.667145	0.03074497	True	0.0371316060927755
205	205	23.943922	0.0	1.272967	2.0485682	25.136904	0.3401133	1.1942086	2.459719	77.24351	74.92133	4.644348	0.031155944	True	0.03753728177174028
48	48	5.7480383	0.0	1.022435	0.87481785	5.6831756	0.4091716	0.63141245	1.9337777	131.48283	129.23955	4.4865723	0.034162104	True	0.04106022130984527
455	455	30.835234	0.0	1.456098	1.8869497	19.208397	0.26036686	1.4046775	2.0315764	85.156456	83.08214	4.148636	0.041668057	True	0.049961699570397394
76	76	6.5640845	0.0	3.2203143	0.86217904	6.61411	0.346796	2.9745092	1.9956814	-183.64897	-185.62263	3.9473267	0.04694587	False	0.056155346797413803
66	66	16.2598	0.0	0.98460037	0.8510905	15.967087	0.45831624	0.622582	1.9563276	148.99092	147.03198	3.9178772	0.04777515	False	0.05701091807326725
474	474	4.817827	0.0	1.5022495	0.8647686	5.1889706	0.31241882	1.0466061	1.7994654	96.63014	94.67757	3.9051514	0.04813826	False	0.05730745338258289
139	139	148.41316	0.0	1.5243732	2.7306547	148.41316	0.23844203	1.489048	2.816549	16.439194	14.517853	3.842682	0.049963534	False	0.059339113869746336
177	177	148.41316	0.0	2.076778	2.3132417	148.41316	0.36582738	1.8028075	2.5075557	-5.9654083	-7.7870865	3.6433563	0.05629331	False	0.0666982330982154
357	357	148.41316	0.0	0.68799305	2.1210463	148.41316	0.50031066	0.37556452	2.611885	124.225266	122.471054	3.5084229	0.061057508	False	0.07217199526216403
84	84	148.41316	0.0	0.03045782	1.5704721	125.17167	0.37212026	-0.14211625	1.9899861	168.99985	167.2675	3.4646912	0.062692225	False	0.07392951058891585
29	29	148.41316	0.0	1.6274124	2.0598526	148.41316	0.29100645	1.4850397	2.215087	65.35252	63.81445	3.076149	0.07944846	False	0.09346877827363856
378	378	8.253573	0.0	1.5859367	0.836878	9.084296	0.40912592	1.4767568	1.7783687	103.77423	102.5998	2.3488617	0.12537456	False	0.14715323425794433
287	287	5.477813	0.0	0.65869445	0.87664974	5.682419	0.23039448	0.40314344	1.4700238	162.90494	161.78809	2.2337036	0.13502985	False	0.15811458125326616
293	293	148.41316	0.0	0.5480299	1.5929095	148.41316	0.2719385	0.4797617	1.7481427	167.68024	166.6368	2.0868835	0.14856881	False	0.17356169279490677
370	370	4.6339555	0.0	1.8584374	0.75895923	4.5959578	0.18428259	1.6296875	1.5530945	67.42601	66.40523	2.041565	0.15305215	False	0.17838246060973836
165	165	3.8044906	0.0	2.717394	1.0115162	3.8051813	0.32865864	2.5409868	1.85532	-104.38656	-105.36354	1.9539642	0.1621604	False	0.1885586006696834
327	327	59.828186	0.0	1.2666947	2.0382643	44.971344	0.5136065	1.2311184	2.4400747	96.19586	95.2485	1.8947296	0.16866952	False	0.1956722990819307
240	240	148.41316	0.0	0.6932314	1.9027205	148.41316	0.3909035	0.7417513	2.2006607	143.14368	142.22052	1.8463135	0.17421275	False	0.20163513168140695
127	127	148.41316	0.0	1.2929245	1.9910485	148.41316	0.24609885	1.3088629	2.1206102	101.65929	100.77357	1.7714386	0.18320405	False	0.21155202636542553
235	235	148.41316	0.0	0.5585261	1.9582472	148.41316	0.21247603	0.59972346	2.135935	143.50119	142.7225	1.557373	0.21205026	False	0.24429753354068176
151	151	7.083877	0.0	1.7088287	0.91830933	7.255653	0.2656652	1.5510304	1.6534003	90.10728	89.41951	1.375534	0.24086332	False	0.27685439449617233
390	390	3.8305898	0.0	1.9324439	0.9630206	3.806378	0.2200909	1.7362294	1.5316995	48.610603	48.11367	0.99386597	0.31879926	False	0.3655954785303238
108	108	22.858004	0.0	0.8468069	2.405863	21.164017	0.31337705	0.714451	2.6365232	96.59849	96.17663	0.8437195	0.3583352	False	0.40999450454450037
461	461	148.41316	0.0	0.6766251	1.1856349	148.41316	0.008321407	0.6369389	1.2917911	178.20853	177.93144	0.5541687	0.45661944	False	0.5212550702160352
53	53	148.41316	0.0	0.45983267	1.5954176	148.41316	0.21122673	0.38761282	1.7938259	166.02737	165.80249	0.44976807	0.50244516	False	0.5722610038070852
206	206	1.3984375	0.0	1.8948956	0.4676698	1.4768745	0.012504253	1.8717005	0.73725384	59.104317	58.8994	0.40983582	0.5220529	False	0.5926706082696547
359	359	2.1287904	0.0	1.9744022	0.67347395	2.4326153	0.019774536	1.9394435	0.9473657	63.348083	63.143837	0.40849304	0.5227355	False	0.5926706082696547
326	326	0.9783238	0.0	1.6702541	0.5315782	1.0100632	0.008553367	1.6559066	0.68340534	63.207855	63.01085	0.39401245	0.53019774	False	0.5997711986438181
375	375	1.3085687	0.0	2.4152408	0.62067676	1.3694257	0.010472648	2.406639	0.745461	-38.707764	-38.889862	0.36419678	0.54618466	False	0.6164612404110739
432	432	3.5777628	0.0	0.9378182	0.8792975	3.6789804	0.10080069	0.84722567	1.2831835	151.82277	151.64655	0.3524475	0.5527309	False	0.6224447273993278
439	439	1.0849193	0.0	1.6034265	0.5183127	1.3156841	0.011327091	1.5762044	0.76958513	88.92045	88.75045	0.33999634	0.5598313	False	0.6290239564488443
220	220	2.3402874	0.0	1.7498106	0.614311	2.9385939	0.01050271	1.7285156	0.79421526	104.39114	104.229385	0.32351685	0.56950176	False	0.6384548852261941
467	467	1.2827263	0.0	1.4128295	0.75121695	1.4103328	0.0064281607	1.4213129	0.6684281	115.73517	115.58243	0.30548096	0.5804666	False	0.6492915302848389
406	406	1.6824598	0.0	1.0196381	0.8412531	1.7122341	0.0050163637	1.0135877	0.8722236	141.71477	141.57175	0.28604126	0.59276867	False	0.6615721753665379
285	285	0.9844803	0.0	1.7720636	0.53944236	1.0984657	0.0128126955	1.7439402	0.78258777	54.384155	54.251465	0.26538086	0.60644734	False	0.6753311125366619
297	297	1.3389019	0.0	0.43500754	0.88899523	1.5261532	0.006781226	0.4345515	0.889304	164.38405	164.25407	0.25994873	0.61015546	False	0.6779505146874322
12	12	1.0116405	0.0	1.4983394	0.632608	1.0924487	0.009785784	1.4740275	0.7941119	87.19028	87.06778	0.24499512	0.62062144	False	0.6880503800385807
191	191	1.8053617	0.0	2.097469	0.7780104	1.8797903	0.010913986	2.0835643	0.8992446	29.102137	28.984158	0.2359581	0.62714076	False	0.6937397792276028
465	465	0.9698416	0.0	1.3764261	0.6768055	1.0654238	0.009794784	1.3551854	0.8117097	95.42532	95.30943	0.231781	0.63020635	False	0.6955919939424291
251	251	2.1067097	0.0	2.9450908	0.6137556	2.197466	0.003221259	2.9459052	0.6254105	-109.2491	-109.36	0.22180176	0.6376705	False	0.7022803050305875
219	219	0.89639086	0.0	0.7822775	0.6053498	0.90826476	0.007753944	0.76140624	0.70007235	142.45035	142.34775	0.2052002	0.65055585	False	0.7133287818808305
472	472	2.2242157	0.0	2.1047883	0.90190315	2.1668134	0.0048932103	2.1048632	0.89597875	25.961473	25.858316	0.20631409	0.64967185	False	0.7133287818808305
7	7	1.0337651	0.0	1.2121052	0.45600855	1.1052412	0.0065127546	1.1910577	0.62833905	126.14691	126.05603	0.1817627	0.6698628	False	0.7321500752170013
365	365	1.2855676	0.0	1.9073617	0.8741234	1.412648	0.0131981885	1.888032	0.97238606	31.059895	30.969473	0.18084335	0.67064947	False	0.7321500752170013
254	254	2.0045547	0.0	0.56435674	1.3205969	2.0103102	0.0010320427	0.7831733	0.59015036	173.67345	173.5864	0.17410278	0.67649096	False	0.7369182598097391
57	57	0.7696811	0.0	0.88656664	0.5694905	0.9007909	0.017398035	0.8279899	0.83892775	131.00008	130.92079	0.15856934	0.69047713	False	0.7505186226056969
324	324	0.7340729	0.0	1.0999383	0.49644014	0.72963136	0.0028744885	1.0974857	0.5032083	111.05777	110.98117	0.15319824	0.6954976	False	0.7543357618460169
473	473	148.41316	0.0	-0.38685685	0.9554883	148.41316	0.0026959057	-0.4191235	1.0223453	173.81693	173.74138	0.15109253	0.69749343	False	0.7548630237579346
42	42	1.687931	0.0	1.5266739	0.799707	1.719276	0.0008010505	1.5272813	0.78624856	104.3635	104.293274	0.14045715	0.707827	False	0.7600097635828708
314	314	1.3774384	0.0	2.81795	0.5436311	1.4395232	0.0030920387	2.8185437	0.53225946	-111.36969	-111.43902	0.13865662	0.70962024	False	0.7600097635828708
403	403	1.2581067	0.0	1.2221385	0.5766959	1.4137268	0.012820321	1.185615	0.81515706	128.58507	128.51447	0.14120483	0.70708615	False	0.7600097635828708
448	448	2.5436404	0.0	2.6547942	0.5790208	2.6598897	0.0027923842	2.65834	0.45454466	-33.802124	-33.871338	0.13842773	0.7098491	False	0.7600097635828708
462	462	1.7546092	0.0	2.2273176	0.41392708	1.8896542	0.006080781	2.2173443	0.6108996	26.281189	26.211426	0.13952637	0.70875233	False	0.7600097635828708
141	141	2.1639864	0.0	2.351525	1.0628103	2.1387923	0.0029924735	2.3684225	0.8228267	-7.3043556	-7.3636475	0.11858368	0.73057574	False	0.7805296371125767
75	75	148.41316	0.0	0.16897276	1.726291	148.41316	0.0013979026	0.15135197	1.758507	170.06535	170.01074	0.10922241	0.74103117	False	0.7900119081997414
491	491	0.92045003	0.0	1.2172415	0.5443558	0.9839029	0.007798237	1.1931674	0.709072	115.52508	115.474045	0.10206604	0.74936426	False	0.797196017934921
32	32	1.8229711	0.0	1.230385	0.744674	2.2442718	0.016245356	1.1792326	0.9830338	137.87973	137.83319	0.09307861	0.76029927	False	0.80711174669286
55	55	2.134628	0.0	1.7372454	0.92648226	2.1076984	0.006016392	1.7382678	0.9057528	79.12436	79.0814	0.08592224	0.76942664	False	0.8150705972970542
444	444	0.962551	0.0	0.71552515	0.80869883	0.9330989	0.0023585486	0.717865	0.8016348	138.71393	138.67352	0.08081055	0.776202	False	0.8198224039520393
170	170	2.509823	0.0	3.8733099	0.8323679	2.5905333	0.008005648	3.870582	0.9820649	-341.6304	-341.67044	0.080078125	0.77719164	False	0.8198224039520393
300	300	2.009462	0.0	2.516149	0.43530652	2.1626983	0.0071070804	2.5081494	0.65358806	-19.308594	-19.34298	0.06877136	0.79313415	False	0.8348780556728965
229	229	1.7505449	0.0	2.344111	0.57906425	1.8689169	0.014801969	2.3162503	0.8695355	-6.237358	-6.2699356	0.06515503	0.7985263	False	0.8387881166794722
157	157	1.2675904	0.0	2.1867597	0.65351385	1.2924691	0.005108017	2.1849306	0.6719838	-1.728363	-1.7570114	0.057296753	0.81082076	False	0.8499169374661876
19	19	1.0700594	0.0	1.9398385	0.42508134	1.1374687	0.008665259	1.9263641	0.6386359	36.91237	36.888634	0.047470093	0.8275255	False	0.8656124440197167
256	256	1.3324882	0.0	1.7321938	0.4528179	1.4263805	0.014132056	1.7025282	0.7425862	79.97068	79.95274	0.035873413	0.84977716	False	0.8870325282620488
488	488	2.3767452	0.0	3.153275	0.92851365	2.5524085	0.037497554	3.141368	1.1321195	-173.65242	-173.66661	0.028381348	0.8662154	False	0.9023077165087064
190	190	1.5075675	0.0	1.7787274	0.7617428	1.7708141	0.012301639	1.7481993	0.97122794	69.81097	69.79995	0.022033691	0.8819975	False	0.9168373447941643
123	123	1.0618244	0.0	1.9855943	0.700103	1.0788054	0.004327572	1.9943278	0.44488207	28.674385	28.818268	-0.2877655	1.0	False	1.0
114	114	1.2327763	0.0	2.219218	0.7017435	1.2481942	0.0037528956	2.224622	0.6182849	-9.013573	-8.8576355	-0.3118744	1.0	False	1.0
328	328	1.663571	0.0	1.743642	0.7634122	1.6519206	0.002940923	1.7512047	0.70296955	81.57948	81.587685	-0.016403198	1.0	False	1.0
325	325	1.4113594	0.0	2.1808267	0.6867277	1.4664845	0.008879979	2.1706011	0.775519	6.5191574	6.667038	-0.2957611	1.0	False	1.0
345	345	1.4266684	0.0	2.347809	0.885379	1.5025954	0.012163556	2.3321524	1.0329015	-45.95111	-45.906628	-0.08896637	1.0	False	1.0
258	258	1.4237756	0.0	3.037468	0.628008	1.4895589	0.0055960724	3.0372663	0.61144733	-159.93063	-159.86552	-0.1302185	1.0	False	1.0
96	96	1.7195115	0.0	2.0753932	0.68875015	1.7270098	0.004418951	2.0693266	0.72404146	37.21709	37.359722	-0.28526306	1.0	False	1.0
411	411	1.0634727	0.0	1.5115786	0.5403366	1.1240948	0.004036716	1.5050709	0.6156558	94.41135	94.43913	-0.05557251	1.0	False	1.0
381	381	1.2875432	0.0	2.0416484	0.6686512	1.3393061	0.005654176	2.0430474	0.63469326	28.619995	28.677284	-0.11457825	1.0	False	1.0
341	341	1.1150874	0.0	1.5894382	0.7371945	1.160333	0.0027664588	1.5879364	0.7309609	77.41867	77.48212	-0.12689209	1.0	False	1.0
382	382	1.6664277	0.0	1.5102824	0.54914343	1.8414278	0.009949581	1.4886812	0.7286621	117.395134	117.41505	-0.03982544	1.0	False	1.0
302	302	1.369155	0.0	1.7902886	0.5061283	1.3959093	0.0037998487	1.7878557	0.5404315	75.25076	75.37833	-0.25512695	1.0	False	1.0
43	43	2.5907197	0.0	2.455623	0.6057873	2.7662146	0.004160211	2.4527566	0.66428393	-0.13201141	-0.0090789795	-0.24586487	1.0	False	1.0
354	354	1.6610162	0.0	0.8879366	0.6347449	1.7839473	0.00397779	0.8827907	0.6574776	164.25095	164.25386	-0.0058288574	1.0	False	1.0
65	65	1.5862811	0.0	0.98740125	0.84846807	1.7945393	0.01774352	0.93943036	1.0423812	138.21344	138.23517	-0.04345703	1.0	False	1.0
428	428	1.8969873	0.0	0.97897625	0.8684536	1.9780703	0.0028005503	0.99918574	0.7689494	156.10596	156.10793	-0.0039367676	1.0	False	1.0
451	451	8.256974	0.0	-0.103284046	1.5874667	8.616555	0.007457336	-0.06039075	1.5153086	172.63264	172.67839	-0.0914917	1.0	False	1.0
180	180	1.3072504	0.0	1.5553482	0.61455905	1.3316838	0.009886604	1.5419295	0.720167	94.57337	94.66892	-0.19110107	1.0	False	1.0
199	199	14.019842	0.0	2.0495427	1.9656878	13.215352	0.005054806	2.0648506	1.8979106	15.212929	15.436367	-0.44687653	1.0	False	1.0
