leaf_id	clone_id	Cell.BC	pattern	pattern.v1	pattern.v2	Cell.type	sample	clone_size	dominant_cell_type	dominant_fraction	cell_type_counts	fp_regime	rep_cell	rep_cell_total	library_size	library_factor
E15_rep1_clone00305	E15_rep1_clone00305	AGTCTCCTCCTAGAGT-1_1	E15_rep1-NA-4I+17CTG_2D+44_NONE_NONE_55D+124_55D+124_55D+124_3D+204		4I+17CTG_2D+44_NONE_NONE_55D+124_55D+124_55D+124_3D+204	DA	E15_rep1	6	DA	1	DA:6	FP_DA	TTCTGTAAGAGAGCAA-1_1	26391	26391	1.91725390483109
E15_rep1_clone00364	E15_rep1_clone00364	AGACCATAGCCTCTGG-1_1	E15_rep1-NA-NONE_NONE_NONE_NONE_NONE_NONE_NONE_113D+205		NONE_NONE_NONE_NONE_NONE_NONE_NONE_113D+205	DA	E15_rep1	5	DA	1	DA:5	FP_DA	AGGGAGTAGTTCATGC-2_1	29688	29688	2.15677442789684
E15_rep1_clone00399	E15_rep1_clone00399	ACTCCCACACGACAAG-1_1	E15_rep1-2I+17G_188D+44_188D+44_188D+44_188D+44_188D+44_188D+44_188D+44_188D+44-189D+17_189D+17_189D+17_189D+17_189D+17_189D+17_189D+17_189D+17	2I+17G_188D+44_188D+44_188D+44_188D+44_188D+44_188D+44_188D+44_188D+44	189D+17_189D+17_189D+17_189D+17_189D+17_189D+17_189D+17_189D+17	NbDA	E15_rep1	4	NbDA	1	NbDA:4	FP_NbDA	AGATCGTCATTCATCT-2_1	13351	13351	0.969923719578641
E15_rep1_clone00416	E15_rep1_clone00416	AAGTGAAAGATTAGTG-2_1	E15_rep1-NA-81D+12&81D+131_NONE_NONE_NONE_NONE_NONE_NONE_NONE		81D+12&81D+131_NONE_NONE_NONE_NONE_NONE_NONE_NONE	DA	E15_rep1	4	DA	1	DA:4	FP_DA	AAGTGAAAGATTAGTG-2_1	16350	16350	1.18779513258264
E15_rep1_clone00419	E15_rep1_clone00419	AAAGGTACACATTCTT-2_1	E15_rep1-NA-NONE_171D+24_171D+24_171D+24_171D+24_171D+24_171D+24_171D+24		NONE_171D+24_171D+24_171D+24_171D+24_171D+24_171D+24_171D+24	DA	E15_rep1	4	DA	1	DA:4	FP_DA	CAATCGAGTCATAAAG-1_1	18977	18977	1.37864148201961
E15_rep1_clone00431	E15_rep1_clone00431	GAGTGAGTCTAAGGAA-2_1	E15_rep1-NA-NONE_NONE_NONE_NONE_NONE_NONE_NONE_115D+204		NONE_NONE_NONE_NONE_NONE_NONE_NONE_115D+204	NbDA	E15_rep1	4	NbDA	1	NbDA:4	FP_NbDA	GAGTGAGTCTAAGGAA-2_1	13074	13074	0.949800217944061
E15_rep1_clone00457	E15_rep1_clone00457	GATCACATCGTACACA-1_1	E15_rep1-215D+17_215D+17_215D+17_215D+17_215D+17_215D+17_215D+17_215D+17_215D+17-3D+15_124D+33_124D+33_124D+33_124D+33_124D+33_53D+179_53D+179	215D+17_215D+17_215D+17_215D+17_215D+17_215D+17_215D+17_215D+17_215D+17	3D+15_124D+33_124D+33_124D+33_124D+33_124D+33_53D+179_53D+179	Rgl1	E15_rep1	3	Rgl1	1	Rgl1:3	FP_Rgl1	GATCACATCGTACACA-1_1	13150	13150	0.955321467490011
E15_rep1_clone00465	E15_rep1_clone00465	AGTGACTGTTATGACC-1_1	E15_rep1-215D+17_215D+17_215D+17_215D+17_215D+17_215D+17_215D+17_215D+17_215D+17-NONE_113D+44_113D+44_113D+44_113D+44_113D+44_27D+180_27D+180	215D+17_215D+17_215D+17_215D+17_215D+17_215D+17_215D+17_215D+17_215D+17	NONE_113D+44_113D+44_113D+44_113D+44_113D+44_27D+180_27D+180	GLUFP	E15_rep1	3	GLUFP	1	GLUFP:3	FP_GLUFP	GGACGTCCAGCACAAG-1_1	28924	28924	2.10127134035598
E15_rep1_clone00477	E15_rep1_clone00477	CCAATTTTCGCGTTTC-1_1	E15_rep1-NA-108D+17_108D+17_108D+17_108D+17_108D+17_12D+148_2D+179_26D+206		108D+17_108D+17_108D+17_108D+17_108D+17_12D+148_2D+179_26D+206	DA	E15_rep1	3	DA	1	DA:3	FP_DA	CCAATTTTCGCGTTTC-1_1	14783	14783	1.07395568470759
E15_rep1_clone00486	E15_rep1_clone00486	CTCAACCGTGACAACG-2_1	E15_rep1-NA-25D+6_25D+6_167D+68_167D+68_167D+68_167D+68_167D+68_167D+68		25D+6_25D+6_167D+68_167D+68_167D+68_167D+68_167D+68_167D+68	DA	E15_rep1	3	DA	1	DA:3	FP_DA	CTCAACCGTGACAACG-2_1	16199	16199	1.17682528151108
E15_rep1_clone00487	E15_rep1_clone00487	CATCCACGTTTGTGGT-1_1	E15_rep1-NA-2D+19_NONE_NONE_90D+98_90D+98_90D+98_90D+98_6I+206ATCTA		2D+19_NONE_NONE_90D+98_90D+98_90D+98_90D+98_6I+206ATCTA	DA	E15_rep1	3	DA	1	DA:3	FP_DA	CATCCACGTTTGTGGT-1_1	17616	17616	1.27976752633491
E15_rep1_clone00530	E15_rep1_clone00530	AGTCAACCATTGTCGA-1_1	E15_rep1-162D+18_162D+18_162D+18_162D+18_162D+18_162D+18_162D+18_11I+209GTGAGAGTAC_15D+219&11I+209GTGAGAGTAC-189D+17_189D+17_189D+17_189D+17_189D+17_189D+17_189D+17_189D+17	162D+18_162D+18_162D+18_162D+18_162D+18_162D+18_162D+18_11I+209GTGAGAGTAC_15D+219&11I+209GTGAGAGTAC	189D+17_189D+17_189D+17_189D+17_189D+17_189D+17_189D+17_189D+17	NbDA	E15_rep1	2	NbDA	1	NbDA:2	FP_NbDA	AGTCAACCATTGTCGA-1_1	12151	12151	0.882746095168907
E15_rep1_clone00538	E15_rep1_clone00538	GAACTGTTCAAGAGTA-1_1	E15_rep1-215D+17_215D+17_215D+17_215D+17_215D+17_215D+17_215D+17_215D+17_215D+17-108D+17_108D+17_108D+17_108D+17_108D+17_1D+151_7D+175_2D+205	215D+17_215D+17_215D+17_215D+17_215D+17_215D+17_215D+17_215D+17_215D+17	108D+17_108D+17_108D+17_108D+17_108D+17_1D+151_7D+175_2D+205	DA	E15_rep1	2	DA	1	DA:2	FP_DA	TCATGCCGTTCAATCG-1_1	16539	16539	1.20152560842717
E15_rep1_clone00544	E15_rep1_clone00544	CTAGGTAAGGTAAGAG-1_1	E15_rep1-215D+17_215D+17_215D+17_215D+17_215D+17_215D+17_215D+17_215D+17_215D+17-17D+6_NONE_108D+72_108D+72_108D+72_108D+72_108D+72_3I+206TA	215D+17_215D+17_215D+17_215D+17_215D+17_215D+17_215D+17_215D+17_215D+17	17D+6_NONE_108D+72_108D+72_108D+72_108D+72_108D+72_3I+206TA	NbDA	E15_rep1	2	NbDA	1	NbDA:2	FP_NbDA	TCATTCATCGCTACGG-1_1	11351	11351	0.82462767889575
E15_rep1_clone00547	E15_rep1_clone00547	ACGTAGTAGAGATTCA-1_1	E15_rep1-215D+17_215D+17_215D+17_215D+17_215D+17_215D+17_215D+17_215D+17_215D+17-231D+16_231D+16_231D+16_231D+16_231D+16_231D+16_231D+16_231D+16	215D+17_215D+17_215D+17_215D+17_215D+17_215D+17_215D+17_215D+17_215D+17	231D+16_231D+16_231D+16_231D+16_231D+16_231D+16_231D+16_231D+16	NbDA	E15_rep1	2	NbDA	1	NbDA:2	FP_NbDA	AGACCCGCACTTCAGA-1_1	24051	24051	1.74725753723211
E15_rep1_clone00549	E15_rep1_clone00549	CAAAGAATCCCGTGTT-1_1	E15_rep1-215D+17_215D+17_215D+17_215D+17_215D+17_215D+17_215D+17_215D+17_215D+17-2D+19_NONE_NONE_90D+98_90D+98_90D+98_90D+98_6I+206ATCTA	215D+17_215D+17_215D+17_215D+17_215D+17_215D+17_215D+17_215D+17_215D+17	2D+19_NONE_NONE_90D+98_90D+98_90D+98_90D+98_6I+206ATCTA	DA	E15_rep1	2	DA	1	DA:2	FP_DA	TAACGACCACGTAGTT-1_1	25916	25916	1.88274609516891
E15_rep1_clone00552	E15_rep1_clone00552	ATGATCGGTTATTCTC-2_1	E15_rep1-215D+17_215D+17_215D+17_215D+17_215D+17_215D+17_215D+17_215D+17_215D+17-44D+17_44D+17_44D+17&8D+75_8D+75&13D+95_15D+115_5D+148&4I+138CAT_3D+170_1D+189&3D+203	215D+17_215D+17_215D+17_215D+17_215D+17_215D+17_215D+17_215D+17_215D+17	44D+17_44D+17_44D+17&8D+75_8D+75&13D+95_15D+115_5D+148&4I+138CAT_3D+170_1D+189&3D+203	NbGLU	E15_rep1	2	NbGLU	1	NbGLU:2	FP_NbGLU	TTCCGTGAGCGTTCAT-1_1	11285	11285	0.819832909553215
E15_rep1_clone00553	E15_rep1_clone00553	GACCTTCTCTTTCCAA-1_1	E15_rep1-215D+17_215D+17_215D+17_215D+17_215D+17_215D+17_215D+17_215D+17_215D+17-47D+21&2I+17C_47D+21_47D+21&119D+76_119D+76_119D+76_119D+76_119D+76_119D+76	215D+17_215D+17_215D+17_215D+17_215D+17_215D+17_215D+17_215D+17_215D+17	47D+21&2I+17C_47D+21_47D+21&119D+76_119D+76_119D+76_119D+76_119D+76_119D+76	GLUFP	E15_rep1	2	GLUFP	1	GLUFP:2	FP_GLUFP	GACCTTCTCTTTCCAA-1_1	16321	16321	1.18568833999274
E15_rep1_clone00558	E15_rep1_clone00558	CGCGTGACATACTGAC-2_1	E15_rep1-215D+17_215D+17_215D+17_215D+17_215D+17_215D+17_215D+17_215D+17_215D+17-54D+17_54D+17_54D+17_NONE_3D+125_NONE_27D+180_27D+180	215D+17_215D+17_215D+17_215D+17_215D+17_215D+17_215D+17_215D+17_215D+17	54D+17_54D+17_54D+17_NONE_3D+125_NONE_27D+180_27D+180	NbGLU	E15_rep1	2	NbGLU	1	NbGLU:2	FP_NbGLU	TGCAGATTCTAGCAAC-1_1	15332	15332	1.11383944787505
E15_rep1_clone00559	E15_rep1_clone00559	ATACCGAAGTTGCGCC-1_1	E15_rep1-215D+17_215D+17_215D+17_215D+17_215D+17_215D+17_215D+17_215D+17_215D+17-5D+12_32D+44_32D+44_116D+98_116D+98_116D+98_116D+98_116D+98	215D+17_215D+17_215D+17_215D+17_215D+17_215D+17_215D+17_215D+17_215D+17	5D+12_32D+44_32D+44_116D+98_116D+98_116D+98_116D+98_116D+98	GLUFP	E15_rep1	2	GLUFP	1	GLUFP:2	FP_GLUFP	ATACCGAAGTTGCGCC-1_1	15308	15308	1.11209589538685
E15_rep1_clone00566	E15_rep1_clone00566	AAAGTCCGTGTGTACT-1_1	E15_rep1-215D+17_215D+17_215D+17_215D+17_215D+17_215D+17_215D+17_215D+17_215D+17-NONE_131D+41_131D+41_131D+41_131D+41_131D+41_131D+41_NONE	215D+17_215D+17_215D+17_215D+17_215D+17_215D+17_215D+17_215D+17_215D+17	NONE_131D+41_131D+41_131D+41_131D+41_131D+41_131D+41_NONE	DA	E15_rep1	2	DA	1	DA:2	FP_DA	TCGGGACTCCAACCAA-1_1	15543	15543	1.12916818016709
E15_rep1_clone00580	E15_rep1_clone00580	ATTCACTTCTTCACAT-2_1	E15_rep1-215D+17_215D+17_215D+17_215D+17_215D+17_215D+17_215D+17_215D+17_215D+17-NONE_NONE_36D+71_36D+71_NONE_NONE_2D+179_46D+200	215D+17_215D+17_215D+17_215D+17_215D+17_215D+17_215D+17_215D+17_215D+17	NONE_NONE_36D+71_36D+71_NONE_NONE_2D+179_46D+200	DA	E15_rep1	2	DA	1	DA:2	FP_DA	CCTCTAGAGCATAGGC-1_1	20200	20200	1.4674900108972
E15_rep1_clone00591	E15_rep1_clone00591	CATTCATGTCTGCGCA-1_1	E15_rep1-215D+17_215D+17_215D+17_215D+17_215D+17_215D+17_215D+17_215D+17_215D+17-NONE_NONE_NONE_NONE_NONE_NONE_NONE_114D+205	215D+17_215D+17_215D+17_215D+17_215D+17_215D+17_215D+17_215D+17_215D+17	NONE_NONE_NONE_NONE_NONE_NONE_NONE_114D+205	GLUFP	E15_rep1	2	GLUFP	1	GLUFP:2	FP_GLUFP	TCGGGACAGCGTTCAT-1_1	20554	20554	1.49320741009807
E15_rep1_clone00602	E15_rep1_clone00602	ATGGGAGTCGCAGTCG-1_1	E15_rep1-NA-110D+16_110D+16_110D+16_110D+16_110D+16_NONE_38D+178_38D+178		110D+16_110D+16_110D+16_110D+16_110D+16_NONE_38D+178_38D+178	DA	E15_rep1	2	DA	1	DA:2	FP_DA	ATGGGAGTCGCAGTCG-1_1	16588	16588	1.2050853614239
E15_rep1_clone00604	E15_rep1_clone00604	GCAGGCTGTACTTGTG-2_1	E15_rep1-NA-128D+10_128D+10_128D+10_128D+10_128D+10_128D+10&62D+146_62D+146_62D+146		128D+10_128D+10_128D+10_128D+10_128D+10_128D+10&62D+146_62D+146_62D+146	Rgl1	E15_rep1	2	Rgl1	1	Rgl1:2	FP_Rgl1	TCCTAATGTCCTCAGG-2_1	11168	11168	0.811333091173266
E15_rep1_clone00619	E15_rep1_clone00619	GTAGGAGAGTAATACG-2_1	E15_rep1-NA-54D+17_54D+17_54D+17_80D+99_80D+99_80D+99_80D+99_20D+188		54D+17_54D+17_54D+17_80D+99_80D+99_80D+99_80D+99_20D+188	NbGLU	E15_rep1	2	NbGLU	1	NbGLU:2	FP_NbGLU	TGTCCTGCACCGAATT-2_1	7758	7758	0.563603341808936
E15_rep1_clone00629	E15_rep1_clone00629	CTCATGCGTAACCAGG-2_1	E15_rep1-NA-NONE_181D+25_181D+25_181D+25_181D+25_181D+25_181D+25_181D+25		NONE_181D+25_181D+25_181D+25_181D+25_181D+25_181D+25_181D+25	NbDA	E15_rep1	2	NbDA	1	NbDA:2	FP_NbDA	GGGACAATCCGTATAG-2_1	12631	12631	0.917617144932801
E15_rep1_clone00630	E15_rep1_clone00630	TACCCACAGTGATAAC-2_1	E15_rep1-NA-NONE_26D+45_26D+45&5D+74_131D+81_131D+81_131D+81_131D+81_131D+81		NONE_26D+45_26D+45&5D+74_131D+81_131D+81_131D+81_131D+81_131D+81	DA	E15_rep1	2	DA	1	DA:2	FP_DA	TTCGATTCAAACAGGC-1_1	12018	12018	0.873083908463494
E15_rep1_clone00633	E15_rep1_clone00633	ATTCAGGAGGGTTTCT-1_1	E15_rep1-NA-NONE_2D+44_141D+66_141D+66_141D+66_141D+66_141D+66_141D+66		NONE_2D+44_141D+66_141D+66_141D+66_141D+66_141D+66_141D+66	NbGLU	E15_rep1	2	NbGLU	1	NbGLU:2	FP_NbGLU	TGTAAGCGTACGAGTG-2_1	15279	15279	1.10998910279695
E15_rep1_clone00636	E15_rep1_clone00636	GCGGAAATCTCACCCA-2_1	E15_rep1-NA-NONE_2D+47_4D+68_23D+80_18D+113_NONE_5D+177_NONE		NONE_2D+47_4D+68_23D+80_18D+113_NONE_5D+177_NONE	GLUFP	E15_rep1	2	GLUFP	1	GLUFP:2	FP_GLUFP	GCGGAAATCTCACCCA-2_1	19899	19899	1.44562295677443
E15_rep1_clone00651	E15_rep1_clone00651	ATTACCTGTGCATACT-1_1	E15_rep1-NA-NONE_NONE_NONE_NONE_15D+113_NONE_1D+175&4D+179_1D+205		NONE_NONE_NONE_NONE_15D+113_NONE_1D+175&4D+179_1D+205	DA	E15_rep1	2	DA	1	DA:2	FP_DA	CCTAAGACAAGTTTGC-2_1	16535	16535	1.2012350163458
E15_rep1_clone00652	E15_rep1_clone00652	TCGTGCTTCGATCCCT-1_1	E15_rep1-NA-NONE_NONE_NONE_NONE_81D+131_81D+131_81D+131_81D+131		NONE_NONE_NONE_NONE_81D+131_81D+131_81D+131_81D+131	GLUFP	E15_rep1	2	GLUFP	1	GLUFP:2	FP_GLUFP	TTATTGCCAGACGCTC-1_1	13426	13426	0.97537232110425
E15_rep1_clone00654	E15_rep1_clone00654	ACTATCTAGGGCCAAT-2_1	E15_rep1-108D+17_108D+17_108D+17_108D+17_108D+17_2I+152G_54D+180_54D+180_54D+180-189D+17_189D+17_189D+17_189D+17_189D+17_189D+17_189D+17_189D+17	108D+17_108D+17_108D+17_108D+17_108D+17_2I+152G_54D+180_54D+180_54D+180	189D+17_189D+17_189D+17_189D+17_189D+17_189D+17_189D+17_189D+17	GLUFP	E15_rep1	1	GLUFP	1	GLUFP:1	FP_GLUFP	ACTATCTAGGGCCAAT-2_1	15143	15143	1.10010897203051
E15_rep1_clone00655	E15_rep1_clone00655	CTCTGGTAGGTCGCCT-2_1	E15_rep1-108D+17_108D+17_108D+17_108D+17_108D+17_5D+152_53D+179_53D+179_53D+179-189D+17_189D+17_189D+17_189D+17_189D+17_189D+17_189D+17_189D+17	108D+17_108D+17_108D+17_108D+17_108D+17_5D+152_53D+179_53D+179_53D+179	189D+17_189D+17_189D+17_189D+17_189D+17_189D+17_189D+17_189D+17	NbGLU	E15_rep1	1	NbGLU	1	NbGLU:1	FP_NbGLU	CTCTGGTAGGTCGCCT-2_1	13538	13538	0.983508899382492
E15_rep1_clone00661	E15_rep1_clone00661	CCACCATTCGCCTAGG-2_1	E15_rep1-119D+9_119D+9_119D+9_119D+9_119D+9_80D+153_80D+153_80D+153_80D+153-NONE_NONE_146D+70_146D+70_146D+70_146D+70_146D+70_146D+70	119D+9_119D+9_119D+9_119D+9_119D+9_80D+153_80D+153_80D+153_80D+153	NONE_NONE_146D+70_146D+70_146D+70_146D+70_146D+70_146D+70	NbDA	E15_rep1	1	NbDA	1	NbDA:1	FP_NbDA	CCACCATTCGCCTAGG-2_1	12715	12715	0.923719578641482
E15_rep1_clone00664	E15_rep1_clone00664	GACCGTGGTATGAGAT-1_1	E15_rep1-11D+9_163D+43_163D+43_163D+43_163D+43_163D+43_163D+43_163D+43_2I+233T-189D+17_189D+17_189D+17_189D+17_189D+17_189D+17_189D+17_189D+17	11D+9_163D+43_163D+43_163D+43_163D+43_163D+43_163D+43_163D+43_2I+233T	189D+17_189D+17_189D+17_189D+17_189D+17_189D+17_189D+17_189D+17	GLUFP	E15_rep1	1	GLUFP	1	GLUFP:1	FP_GLUFP	GACCGTGGTATGAGAT-1_1	13579	13579	0.986487468216491
E15_rep1_clone00665	E15_rep1_clone00665	TCACTATTCTGTGTGA-2_1	E15_rep1-135D+17_135D+17_135D+17_135D+17_135D+17_135D+17_27D+180_27D+180_1D+233-189D+17_189D+17_189D+17_189D+17_189D+17_189D+17_189D+17_189D+17	135D+17_135D+17_135D+17_135D+17_135D+17_135D+17_27D+180_27D+180_1D+233	189D+17_189D+17_189D+17_189D+17_189D+17_189D+17_189D+17_189D+17	NbDA	E15_rep1	1	NbDA	1	NbDA:1	FP_NbDA	TCACTATTCTGTGTGA-2_1	7071	7071	0.513694151834363
E15_rep1_clone00668	E15_rep1_clone00668	GTAACCAAGATCCGAG-1_1	E15_rep1-162D+18_162D+18_162D+18_162D+18_162D+18_162D+18_162D+18_12D+194_2I+233T-189D+17_189D+17_189D+17_189D+17_189D+17_189D+17_189D+17_189D+17	162D+18_162D+18_162D+18_162D+18_162D+18_162D+18_162D+18_12D+194_2I+233T	189D+17_189D+17_189D+17_189D+17_189D+17_189D+17_189D+17_189D+17	NbDA	E15_rep1	1	NbDA	1	NbDA:1	FP_NbDA	GTAACCAAGATCCGAG-1_1	7547	7547	0.548274609516891
E15_rep1_clone00669	E15_rep1_clone00669	GTTGTGATCAGGACGA-2_1	E15_rep1-162D+18_162D+18_162D+18_162D+18_162D+18_162D+18_162D+18_1D+206&4D+209_2D+233-189D+17_189D+17_189D+17_189D+17_189D+17_189D+17_189D+17_189D+17	162D+18_162D+18_162D+18_162D+18_162D+18_162D+18_162D+18_1D+206&4D+209_2D+233	189D+17_189D+17_189D+17_189D+17_189D+17_189D+17_189D+17_189D+17	GLUFP	E15_rep1	1	GLUFP	1	GLUFP:1	FP_GLUFP	GTTGTGATCAGGACGA-2_1	15084	15084	1.09582273883037
E15_rep1_clone00670	E15_rep1_clone00670	TAACGACAGGAACTCG-2_1	E15_rep1-162D+18_162D+18_162D+18_162D+18_162D+18_162D+18_162D+18_7D+207_6D+229-189D+17_189D+17_189D+17_189D+17_189D+17_189D+17_189D+17_189D+17	162D+18_162D+18_162D+18_162D+18_162D+18_162D+18_162D+18_7D+207_6D+229	189D+17_189D+17_189D+17_189D+17_189D+17_189D+17_189D+17_189D+17	NbDA	E15_rep1	1	NbDA	1	NbDA:1	FP_NbDA	TAACGACAGGAACTCG-2_1	10995	10995	0.798764983654195
E15_rep1_clone00673	E15_rep1_clone00673	TCAAGCAAGCGAAACC-2_1	E15_rep1-190D+17_190D+17_190D+17_190D+17_190D+17_190D+17_190D+17_190D+17_10D+222-189D+17_189D+17_189D+17_189D+17_189D+17_189D+17_189D+17_189D+17	190D+17_190D+17_190D+17_190D+17_190D+17_190D+17_190D+17_190D+17_10D+222	189D+17_189D+17_189D+17_189D+17_189D+17_189D+17_189D+17_189D+17	DA	E15_rep1	1	DA	1	DA:1	FP_DA	TCAAGCAAGCGAAACC-2_1	17541	17541	1.2743189248093
E15_rep1_clone00674	E15_rep1_clone00674	GAAATGAAGAGTCAGC-2_1	E15_rep1-190D+17_190D+17_190D+17_190D+17_190D+17_190D+17_190D+17_190D+17_11D+231-189D+17_189D+17_189D+17_189D+17_189D+17_189D+17_189D+17_189D+17	190D+17_190D+17_190D+17_190D+17_190D+17_190D+17_190D+17_190D+17_11D+231	189D+17_189D+17_189D+17_189D+17_189D+17_189D+17_189D+17_189D+17	DA	E15_rep1	1	DA	1	DA:1	FP_DA	GAAATGAAGAGTCAGC-2_1	20977	20977	1.52393752270251
E15_rep1_clone00676	E15_rep1_clone00676	GACTGATGTAGTGTGG-2_1	E15_rep1-191D+16_191D+16_191D+16_191D+16_191D+16_191D+16_191D+16_191D+16_2D+230-189D+17_189D+17_189D+17_189D+17_189D+17_189D+17_189D+17_189D+17	191D+16_191D+16_191D+16_191D+16_191D+16_191D+16_191D+16_191D+16_2D+230	189D+17_189D+17_189D+17_189D+17_189D+17_189D+17_189D+17_189D+17	NbDA	E15_rep1	1	NbDA	1	NbDA:1	FP_NbDA	GACTGATGTAGTGTGG-2_1	9675	9675	0.702869596803487
E15_rep1_clone00677	E15_rep1_clone00677	CTGTGGGCAAGATGGC-2_1	E15_rep1-191D+16_191D+16_191D+16_191D+16_191D+16_191D+16_191D+16_191D+16_2D+233-NA	191D+16_191D+16_191D+16_191D+16_191D+16_191D+16_191D+16_191D+16_2D+233		DA	E15_rep1	1	DA	1	DA:1	FP_DA	CTGTGGGCAAGATGGC-2_1	16402	16402	1.19157282964039
E15_rep1_clone00678	E15_rep1_clone00678	TCGGTCTTCCATTTCA-1_1	E15_rep1-192D+17_192D+17_192D+17_192D+17_192D+17_192D+17_192D+17_192D+17_11D+231-189D+17_189D+17_189D+17_189D+17_189D+17_189D+17_189D+17_189D+17	192D+17_192D+17_192D+17_192D+17_192D+17_192D+17_192D+17_192D+17_11D+231	189D+17_189D+17_189D+17_189D+17_189D+17_189D+17_189D+17_189D+17	DA	E15_rep1	1	DA	1	DA:1	FP_DA	TCGGTCTTCCATTTCA-1_1	12718	12718	0.923937522702506
E15_rep1_clone00687	E15_rep1_clone00687	GCAGCCACAGAGGCTA-2_1	E15_rep1-196D+12_196D+12_196D+12_196D+12_196D+12_196D+12_196D+12_196D+12_2D+233-189D+17_189D+17_189D+17_189D+17_189D+17_189D+17_189D+17_189D+17	196D+12_196D+12_196D+12_196D+12_196D+12_196D+12_196D+12_196D+12_2D+233	189D+17_189D+17_189D+17_189D+17_189D+17_189D+17_189D+17_189D+17	NbGLU	E15_rep1	1	NbGLU	1	NbGLU:1	FP_NbGLU	GCAGCCACAGAGGCTA-2_1	14304	14304	1.03915728296404
E15_rep1_clone00691	E15_rep1_clone00691	GCCGTGAAGTCCCAGC-1_1	E15_rep1-1D+17_190D+43_190D+43_190D+43_190D+43_190D+43_190D+43_190D+43_190D+43-189D+17_189D+17_189D+17_189D+17_189D+17_189D+17_189D+17_189D+17	1D+17_190D+43_190D+43_190D+43_190D+43_190D+43_190D+43_190D+43_190D+43	189D+17_189D+17_189D+17_189D+17_189D+17_189D+17_189D+17_189D+17	NbGLU	E15_rep1	1	NbGLU	1	NbGLU:1	FP_NbGLU	GCCGTGAAGTCCCAGC-1_1	7990	7990	0.580457682528151
E15_rep1_clone00692	E15_rep1_clone00692	AGACAAATCTCTATGT-1_1	E15_rep1-1D+17&218D+21_218D+21_218D+21_218D+21_218D+21_218D+21_218D+21_218D+21_218D+21-189D+17_189D+17_189D+17_189D+17_189D+17_189D+17_189D+17_189D+17	1D+17&218D+21_218D+21_218D+21_218D+21_218D+21_218D+21_218D+21_218D+21_218D+21	189D+17_189D+17_189D+17_189D+17_189D+17_189D+17_189D+17_189D+17	NbDA	E15_rep1	1	NbDA	1	NbDA:1	FP_NbDA	AGACAAATCTCTATGT-1_1	10001	10001	0.726552851434798
E15_rep1_clone00693	E15_rep1_clone00693	TACGGTATCATGAGAA-2_1	E15_rep1-215D+17_215D+17_215D+17_215D+17_215D+17_215D+17_215D+17_215D+17_215D+17-108D+17_108D+17_108D+17_108D+17_108D+17_12D+148_2D+179_26D+206	215D+17_215D+17_215D+17_215D+17_215D+17_215D+17_215D+17_215D+17_215D+17	108D+17_108D+17_108D+17_108D+17_108D+17_12D+148_2D+179_26D+206	DA	E15_rep1	1	DA	1	DA:1	FP_DA	TACGGTATCATGAGAA-2_1	12810	12810	0.930621140573919
E15_rep1_clone00694	E15_rep1_clone00694	GGGATGATCATGGGAG-1_1	E15_rep1-215D+17_215D+17_215D+17_215D+17_215D+17_215D+17_215D+17_215D+17_215D+17-108D+17_108D+17_108D+17_108D+17_108D+17_18D+144_27D+180_27D+180	215D+17_215D+17_215D+17_215D+17_215D+17_215D+17_215D+17_215D+17_215D+17	108D+17_108D+17_108D+17_108D+17_108D+17_18D+144_27D+180_27D+180	Rgl1	E15_rep1	1	Rgl1	1	Rgl1:1	FP_Rgl1	GGGATGATCATGGGAG-1_1	9849	9849	0.715510352342899
E15_rep1_clone00695	E15_rep1_clone00695	AGTCACAAGTTCGCAT-1_1	E15_rep1-215D+17_215D+17_215D+17_215D+17_215D+17_215D+17_215D+17_215D+17_215D+17-108D+17_108D+17_108D+17_108D+17_108D+17_NONE_27D+180_27D+180	215D+17_215D+17_215D+17_215D+17_215D+17_215D+17_215D+17_215D+17_215D+17	108D+17_108D+17_108D+17_108D+17_108D+17_NONE_27D+180_27D+180	NbGLU	E15_rep1	1	NbGLU	1	NbGLU:1	FP_NbGLU	AGTCACAAGTTCGCAT-1_1	12040	12040	0.874682164911006
E15_rep1_clone00696	E15_rep1_clone00696	CAACGGCAGTCCGTCG-1_1	E15_rep1-215D+17_215D+17_215D+17_215D+17_215D+17_215D+17_215D+17_215D+17_215D+17-10D+16_3D+28&2D+40&31D+46_31D+46_10D+84&107D+98_107D+98_107D+98_107D+98_107D+98	215D+17_215D+17_215D+17_215D+17_215D+17_215D+17_215D+17_215D+17_215D+17	10D+16_3D+28&2D+40&31D+46_31D+46_10D+84&107D+98_107D+98_107D+98_107D+98_107D+98	GLUFP	E15_rep1	1	GLUFP	1	GLUFP:1	FP_GLUFP	CAACGGCAGTCCGTCG-1_1	18479	18479	1.34246276788958
E15_rep1_clone00698	E15_rep1_clone00698	ACCAAACAGTAGTGCG-2_1	E15_rep1-215D+17_215D+17_215D+17_215D+17_215D+17_215D+17_215D+17_215D+17_215D+17-115D+17_115D+17_115D+17_115D+17_115D+17_NONE_NONE_25D+195	215D+17_215D+17_215D+17_215D+17_215D+17_215D+17_215D+17_215D+17_215D+17	115D+17_115D+17_115D+17_115D+17_115D+17_NONE_NONE_25D+195	NbGLU	E15_rep1	1	NbGLU	1	NbGLU:1	FP_NbGLU	ACCAAACAGTAGTGCG-2_1	19114	19114	1.38859426080639
E15_rep1_clone00700	E15_rep1_clone00700	CTATAGGTCCCGGTAG-1_1	E15_rep1-215D+17_215D+17_215D+17_215D+17_215D+17_215D+17_215D+17_215D+17_215D+17-11D+9_162D+44_162D+44_162D+44_162D+44_162D+44_162D+44_162D+44	215D+17_215D+17_215D+17_215D+17_215D+17_215D+17_215D+17_215D+17_215D+17	11D+9_162D+44_162D+44_162D+44_162D+44_162D+44_162D+44_162D+44	Rgl1	E15_rep1	1	Rgl1	1	Rgl1:1	FP_Rgl1	CTATAGGTCCCGGTAG-1_1	11535	11535	0.837994914638576
E15_rep1_clone00701	E15_rep1_clone00701	TCATATCAGTACTCGT-1_1	E15_rep1-215D+17_215D+17_215D+17_215D+17_215D+17_215D+17_215D+17_215D+17_215D+17-121D+7_121D+7_121D+7_121D+7_121D+7_NONE_27D+180_27D+180	215D+17_215D+17_215D+17_215D+17_215D+17_215D+17_215D+17_215D+17_215D+17	121D+7_121D+7_121D+7_121D+7_121D+7_NONE_27D+180_27D+180	NbDA	E15_rep1	1	NbDA	1	NbDA:1	FP_NbDA	TCATATCAGTACTCGT-1_1	7026	7026	0.510424990918998
E15_rep1_clone00703	E15_rep1_clone00703	CGCAGGTTCGAGTTGT-1_1	E15_rep1-215D+17_215D+17_215D+17_215D+17_215D+17_215D+17_215D+17_215D+17_215D+17-128D+10_128D+10_128D+10_128D+10_128D+10_128D+10&62D+146_62D+146_62D+146	215D+17_215D+17_215D+17_215D+17_215D+17_215D+17_215D+17_215D+17_215D+17	128D+10_128D+10_128D+10_128D+10_128D+10_128D+10&62D+146_62D+146_62D+146	DA	E15_rep1	1	DA	1	DA:1	FP_DA	CGCAGGTTCGAGTTGT-1_1	19354	19354	1.40602978568834
E15_rep1_clone00704	E15_rep1_clone00704	TCCTTTCCATATCTCT-1_1	E15_rep1-215D+17_215D+17_215D+17_215D+17_215D+17_215D+17_215D+17_215D+17_215D+17-128D+17_128D+17_128D+17_128D+17_128D+17_128D+17&46D+157&2I+149G_46D+157_46D+157	215D+17_215D+17_215D+17_215D+17_215D+17_215D+17_215D+17_215D+17_215D+17	128D+17_128D+17_128D+17_128D+17_128D+17_128D+17&46D+157&2I+149G_46D+157_46D+157	NbDA	E15_rep1	1	NbDA	1	NbDA:1	FP_NbDA	TCCTTTCCATATCTCT-1_1	10294	10294	0.747838721394842
E15_rep1_clone00705	E15_rep1_clone00705	GGGTAGAGTCAACGCC-1_1	E15_rep1-215D+17_215D+17_215D+17_215D+17_215D+17_215D+17_215D+17_215D+17_215D+17-135D+17_135D+17_135D+17_135D+17_135D+17_135D+17_1D+178_3D+203	215D+17_215D+17_215D+17_215D+17_215D+17_215D+17_215D+17_215D+17_215D+17	135D+17_135D+17_135D+17_135D+17_135D+17_135D+17_1D+178_3D+203	DA	E15_rep1	1	DA	1	DA:1	FP_DA	GGGTAGAGTCAACGCC-1_1	25632	25632	1.86211405739194
E15_rep1_clone00706	E15_rep1_clone00706	TCCTGCATCCAGTGTA-2_1	E15_rep1-215D+17_215D+17_215D+17_215D+17_215D+17_215D+17_215D+17_215D+17_215D+17-13D+5_NONE_2D+66&5I+60TATC_NONE_4D+108&4I+118TTA_NONE_61D+160_61D+160	215D+17_215D+17_215D+17_215D+17_215D+17_215D+17_215D+17_215D+17_215D+17	13D+5_NONE_2D+66&5I+60TATC_NONE_4D+108&4I+118TTA_NONE_61D+160_61D+160	NbDA	E15_rep1	1	NbDA	1	NbDA:1	FP_NbDA	TCCTGCATCCAGTGTA-2_1	13229	13229	0.961060661096985
E15_rep1_clone00708	E15_rep1_clone00708	AGTGCCGAGACTCAAA-1_1	E15_rep1-215D+17_215D+17_215D+17_215D+17_215D+17_215D+17_215D+17_215D+17_215D+17-150D+10_150D+10_150D+10_150D+10_150D+10_150D+10_2D+179_5D+204	215D+17_215D+17_215D+17_215D+17_215D+17_215D+17_215D+17_215D+17_215D+17	150D+10_150D+10_150D+10_150D+10_150D+10_150D+10_2D+179_5D+204	GLUFP	E15_rep1	1	GLUFP	1	GLUFP:1	FP_GLUFP	AGTGCCGAGACTCAAA-1_1	11283	11283	0.819687613512532
E15_rep1_clone00710	E15_rep1_clone00710	TTCATTGGTTAAGGAT-2_1	E15_rep1-215D+17_215D+17_215D+17_215D+17_215D+17_215D+17_215D+17_215D+17_215D+17-15D+15_15D+15&2I+44A_2D+71_6D+94_4D+122_2D+152_25D+181_25D+181	215D+17_215D+17_215D+17_215D+17_215D+17_215D+17_215D+17_215D+17_215D+17	15D+15_15D+15&2I+44A_2D+71_6D+94_4D+122_2D+152_25D+181_25D+181	NbGLU	E15_rep1	1	NbGLU	1	NbGLU:1	FP_NbGLU	TTCATTGGTTAAGGAT-2_1	19807	19807	1.43893933890301
E15_rep1_clone00711	E15_rep1_clone00711	CCTTTGGCACCGAATT-1_1	E15_rep1-215D+17_215D+17_215D+17_215D+17_215D+17_215D+17_215D+17_215D+17_215D+17-162D+17_162D+17_162D+17_162D+17_162D+17_162D+17_162D+17_2I+208C	215D+17_215D+17_215D+17_215D+17_215D+17_215D+17_215D+17_215D+17_215D+17	162D+17_162D+17_162D+17_162D+17_162D+17_162D+17_162D+17_2I+208C	NbDA	E15_rep1	1	NbDA	1	NbDA:1	FP_NbDA	CCTTTGGCACCGAATT-1_1	13609	13609	0.988666908826734
E15_rep1_clone00712	E15_rep1_clone00712	GTTACAGAGGAGAATG-1_1	E15_rep1-215D+17_215D+17_215D+17_215D+17_215D+17_215D+17_215D+17_215D+17_215D+17-162D+17_162D+17_162D+17_162D+17_162D+17_162D+17_162D+17_3D+203	215D+17_215D+17_215D+17_215D+17_215D+17_215D+17_215D+17_215D+17_215D+17	162D+17_162D+17_162D+17_162D+17_162D+17_162D+17_162D+17_3D+203	GLUFP	E15_rep1	1	GLUFP	1	GLUFP:1	FP_GLUFP	GTTACAGAGGAGAATG-1_1	20669	20669	1.50156193243734
E15_rep1_clone00713	E15_rep1_clone00713	GGAGGATTCTAAGCGT-2_1	E15_rep1-215D+17_215D+17_215D+17_215D+17_215D+17_215D+17_215D+17_215D+17_215D+17-162D+17_162D+17_162D+17_162D+17_162D+17_162D+17_162D+17_3D+206	215D+17_215D+17_215D+17_215D+17_215D+17_215D+17_215D+17_215D+17_215D+17	162D+17_162D+17_162D+17_162D+17_162D+17_162D+17_162D+17_3D+206	NbGLU	E15_rep1	1	NbGLU	1	NbGLU:1	FP_NbGLU	GGAGGATTCTAAGCGT-2_1	27779	27779	2.01808935706502
E15_rep1_clone00716	E15_rep1_clone00716	GTAGAAAAGCTGGAGT-1_1	E15_rep1-215D+17_215D+17_215D+17_215D+17_215D+17_215D+17_215D+17_215D+17_215D+17-182D+5_182D+5_182D+5_182D+5_182D+5_182D+5_182D+5_2D+203	215D+17_215D+17_215D+17_215D+17_215D+17_215D+17_215D+17_215D+17_215D+17	182D+5_182D+5_182D+5_182D+5_182D+5_182D+5_182D+5_2D+203	NbDA	E15_rep1	1	NbDA	1	NbDA:1	FP_NbDA	GTAGAAAAGCTGGAGT-1_1	10583	10583	0.76883399927352
E15_rep1_clone00717	E15_rep1_clone00717	TTGAGTGGTGGAAGTC-2_1	E15_rep1-215D+17_215D+17_215D+17_215D+17_215D+17_215D+17_215D+17_215D+17_215D+17-1D+16_2D+44_134D+71_134D+71_134D+71_134D+71_134D+71_134D+71	215D+17_215D+17_215D+17_215D+17_215D+17_215D+17_215D+17_215D+17_215D+17	1D+16_2D+44_134D+71_134D+71_134D+71_134D+71_134D+71_134D+71	GLUFP	E15_rep1	1	GLUFP	1	GLUFP:1	FP_GLUFP	TTGAGTGGTGGAAGTC-2_1	16151	16151	1.17333817653469
E15_rep1_clone00719	E15_rep1_clone00719	TCGGTCTCATCACCAA-1_1	E15_rep1-215D+17_215D+17_215D+17_215D+17_215D+17_215D+17_215D+17_215D+17_215D+17-20D+9_20D+9&54D+44_54D+44_54D+44_54D+126_54D+126_54D+126_4D+202	215D+17_215D+17_215D+17_215D+17_215D+17_215D+17_215D+17_215D+17_215D+17	20D+9_20D+9&54D+44_54D+44_54D+44_54D+126_54D+126_54D+126_4D+202	NbFP	E15_rep1	1	NbFP	1	NbFP:1	FP_NbFP	TCGGTCTCATCACCAA-1_1	27894	27894	2.02644387940429
E15_rep1_clone00721	E15_rep1_clone00721	AGTCTCCTCTGGCCAG-1_1	E15_rep1-215D+17_215D+17_215D+17_215D+17_215D+17_215D+17_215D+17_215D+17_215D+17-230D+19_230D+19_230D+19_230D+19_230D+19_230D+19_230D+19_230D+19	215D+17_215D+17_215D+17_215D+17_215D+17_215D+17_215D+17_215D+17_215D+17	230D+19_230D+19_230D+19_230D+19_230D+19_230D+19_230D+19_230D+19	NbDA	E15_rep1	1	NbDA	1	NbDA:1	FP_NbDA	AGTCTCCTCTGGCCAG-1_1	19510	19510	1.41736287686161
E15_rep1_clone00724	E15_rep1_clone00724	CATAAGCCAATTGTGC-1_1	E15_rep1-215D+17_215D+17_215D+17_215D+17_215D+17_215D+17_215D+17_215D+17_215D+17-27D+17_27D+17_147D+71_147D+71_147D+71_147D+71_147D+71_147D+71	215D+17_215D+17_215D+17_215D+17_215D+17_215D+17_215D+17_215D+17_215D+17	27D+17_27D+17_147D+71_147D+71_147D+71_147D+71_147D+71_147D+71	GLUFP	E15_rep1	1	GLUFP	1	GLUFP:1	FP_GLUFP	CATAAGCCAATTGTGC-1_1	18468	18468	1.34166363966582
E15_rep1_clone00725	E15_rep1_clone00725	ACTCCCACAGAACTAA-1_1	E15_rep1-215D+17_215D+17_215D+17_215D+17_215D+17_215D+17_215D+17_215D+17_215D+17-2D+13_27D+44_27D+44&3D+75_1D+84_16D+107_3D+135&36D+148_36D+148_11D+197	215D+17_215D+17_215D+17_215D+17_215D+17_215D+17_215D+17_215D+17_215D+17	2D+13_27D+44_27D+44&3D+75_1D+84_16D+107_3D+135&36D+148_36D+148_11D+197	NbDA	E15_rep1	1	NbDA	1	NbDA:1	FP_NbDA	ACTCCCACAGAACTAA-1_1	12565	12565	0.912822375590265
E15_rep1_clone00726	E15_rep1_clone00726	ACAACCAAGGTCGCCT-1_1	E15_rep1-215D+17_215D+17_215D+17_215D+17_215D+17_215D+17_215D+17_215D+17_215D+17-2D+19_135D+44_135D+44_135D+44_135D+44_135D+44_135D+44_2D+205	215D+17_215D+17_215D+17_215D+17_215D+17_215D+17_215D+17_215D+17_215D+17	2D+19_135D+44_135D+44_135D+44_135D+44_135D+44_135D+44_2D+205	NbGLU	E15_rep1	1	NbGLU	1	NbGLU:1	FP_NbGLU	ACAACCAAGGTCGCCT-1_1	15786	15786	1.14682164911006
E15_rep1_clone00731	E15_rep1_clone00731	TCTGTCGGTGCCCTTT-2_1	E15_rep1-215D+17_215D+17_215D+17_215D+17_215D+17_215D+17_215D+17_215D+17_215D+17-2I+17T_55D+44_55D+44_55D+44_82D+124_82D+124_82D+124_82D+124	215D+17_215D+17_215D+17_215D+17_215D+17_215D+17_215D+17_215D+17_215D+17	2I+17T_55D+44_55D+44_55D+44_82D+124_82D+124_82D+124_82D+124	DA	E15_rep1	1	DA	1	DA:1	FP_DA	TCTGTCGGTGCCCTTT-2_1	29478	29478	2.14151834362514
E15_rep1_clone00732	E15_rep1_clone00732	CAGCAATGTCACTGAT-1_1	E15_rep1-215D+17_215D+17_215D+17_215D+17_215D+17_215D+17_215D+17_215D+17_215D+17-32D+15_32D+15_146D+63_146D+63_146D+63_146D+63_146D+63_146D+63	215D+17_215D+17_215D+17_215D+17_215D+17_215D+17_215D+17_215D+17_215D+17	32D+15_32D+15_146D+63_146D+63_146D+63_146D+63_146D+63_146D+63	Rgl1	E15_rep1	1	Rgl1	1	Rgl1:1	FP_Rgl1	CAGCAATGTCACTGAT-1_1	10955	10955	0.795859062840538
E15_rep1_clone00733	E15_rep1_clone00733	AGGAATAGTACCGTCG-2_1	E15_rep1-215D+17_215D+17_215D+17_215D+17_215D+17_215D+17_215D+17_215D+17_215D+17-3D+15_2D+44_146D+70_146D+70_146D+70_146D+70_146D+70_146D+70	215D+17_215D+17_215D+17_215D+17_215D+17_215D+17_215D+17_215D+17_215D+17	3D+15_2D+44_146D+70_146D+70_146D+70_146D+70_146D+70_146D+70	DA	E15_rep1	1	DA	1	DA:1	FP_DA	AGGAATAGTACCGTCG-2_1	16845	16845	1.22375590265165
E15_rep1_clone00734	E15_rep1_clone00734	CATTGAGGTATCGCTA-2_1	E15_rep1-215D+17_215D+17_215D+17_215D+17_215D+17_215D+17_215D+17_215D+17_215D+17-3D+15_2I+44A_27D+69_27D+69_NONE_72D+149_72D+149_72D+149	215D+17_215D+17_215D+17_215D+17_215D+17_215D+17_215D+17_215D+17_215D+17	3D+15_2I+44A_27D+69_27D+69_NONE_72D+149_72D+149_72D+149	GLUFP	E15_rep1	1	GLUFP	1	GLUFP:1	FP_GLUFP	CATTGAGGTATCGCTA-2_1	12824	12824	0.9316382128587
E15_rep1_clone00735	E15_rep1_clone00735	CACGTGGGTATCGTAC-2_1	E15_rep1-215D+17_215D+17_215D+17_215D+17_215D+17_215D+17_215D+17_215D+17_215D+17-44D+17_44D+17_44D+17&8D+75_8D+75&13D+95_15D+115_5D+148&4I+138CAT_5D+161&1D+172&3I+175TC_1D+189&3D+203	215D+17_215D+17_215D+17_215D+17_215D+17_215D+17_215D+17_215D+17_215D+17	44D+17_44D+17_44D+17&8D+75_8D+75&13D+95_15D+115_5D+148&4I+138CAT_5D+161&1D+172&3I+175TC_1D+189&3D+203	NbFP	E15_rep1	1	NbFP	1	NbFP:1	FP_NbFP	CACGTGGGTATCGTAC-2_1	15008	15008	1.09030148928442
E15_rep1_clone00738	E15_rep1_clone00738	CTCCCTCAGTCCTGCG-1_1	E15_rep1-215D+17_215D+17_215D+17_215D+17_215D+17_215D+17_215D+17_215D+17_215D+17-4D+16_NONE_NONE_NONE_5D+123_2I+152T_2D+179_NONE	215D+17_215D+17_215D+17_215D+17_215D+17_215D+17_215D+17_215D+17_215D+17	4D+16_NONE_NONE_NONE_5D+123_2I+152T_2D+179_NONE	NbFP	E15_rep1	1	NbFP	1	NbFP:1	FP_NbFP	CTCCCTCAGTCCTGCG-1_1	10428	10428	0.757573556120596
E15_rep1_clone00739	E15_rep1_clone00739	TGCGGCAAGACGGATC-1_1	E15_rep1-215D+17_215D+17_215D+17_215D+17_215D+17_215D+17_215D+17_215D+17_215D+17-4I+17CTG_2D+44_NONE_NONE_55D+124_55D+124_55D+124_3D+204	215D+17_215D+17_215D+17_215D+17_215D+17_215D+17_215D+17_215D+17_215D+17	4I+17CTG_2D+44_NONE_NONE_55D+124_55D+124_55D+124_3D+204	DA	E15_rep1	1	DA	1	DA:1	FP_DA	TGCGGCAAGACGGATC-1_1	11871	11871	0.862404649473302
E15_rep1_clone00743	E15_rep1_clone00743	GACGTTATCACTGTTT-1_1	E15_rep1-215D+17_215D+17_215D+17_215D+17_215D+17_215D+17_215D+17_215D+17_215D+17-55D+22_55D+22_55D+22_108D+99_108D+99_108D+99_108D+99_108D+99	215D+17_215D+17_215D+17_215D+17_215D+17_215D+17_215D+17_215D+17_215D+17	55D+22_55D+22_55D+22_108D+99_108D+99_108D+99_108D+99_108D+99	NbGLU	E15_rep1	1	NbGLU	1	NbGLU:1	FP_NbGLU	GACGTTATCACTGTTT-1_1	14300	14300	1.03886669088267
E15_rep1_clone00746	E15_rep1_clone00746	TACAACGAGCCTCTGG-1_1	E15_rep1-215D+17_215D+17_215D+17_215D+17_215D+17_215D+17_215D+17_215D+17_215D+17-5D+17_6D+38_NONE_108D+99_108D+99_108D+99_108D+99_108D+99	215D+17_215D+17_215D+17_215D+17_215D+17_215D+17_215D+17_215D+17_215D+17	5D+17_6D+38_NONE_108D+99_108D+99_108D+99_108D+99_108D+99	DA	E15_rep1	1	DA	1	DA:1	FP_DA	TACAACGAGCCTCTGG-1_1	14727	14727	1.06988739556847
E15_rep1_clone00750	E15_rep1_clone00750	ATTTACCCAGAAGTTA-1_1	E15_rep1-215D+17_215D+17_215D+17_215D+17_215D+17_215D+17_215D+17_215D+17_215D+17-81D+17_81D+17_81D+17_81D+17_91D+122_91D+122_91D+122_91D+122	215D+17_215D+17_215D+17_215D+17_215D+17_215D+17_215D+17_215D+17_215D+17	81D+17_81D+17_81D+17_81D+17_91D+122_91D+122_91D+122_91D+122	NbFP	E15_rep1	1	NbFP	1	NbFP:1	FP_NbFP	ATTTACCCAGAAGTTA-1_1	14308	14308	1.03944787504541
E15_rep1_clone00751	E15_rep1_clone00751	GTTACCCGTTTATGCG-2_1	E15_rep1-215D+17_215D+17_215D+17_215D+17_215D+17_215D+17_215D+17_215D+17_215D+17-8D+14_NONE_NONE_152D+97_152D+97_152D+97_152D+97_152D+97	215D+17_215D+17_215D+17_215D+17_215D+17_215D+17_215D+17_215D+17_215D+17	8D+14_NONE_NONE_152D+97_152D+97_152D+97_152D+97_152D+97	DA	E15_rep1	1	DA	1	DA:1	FP_DA	GTTACCCGTTTATGCG-2_1	17360	17360	1.2611696331275
E15_rep1_clone00753	E15_rep1_clone00753	CATTCTAAGTTGCTCA-1_1	E15_rep1-215D+17_215D+17_215D+17_215D+17_215D+17_215D+17_215D+17_215D+17_215D+17-9D+15_6I+46CGCGT_3D+62&2D+74_108D+99_108D+99_108D+99_108D+99_108D+99	215D+17_215D+17_215D+17_215D+17_215D+17_215D+17_215D+17_215D+17_215D+17	9D+15_6I+46CGCGT_3D+62&2D+74_108D+99_108D+99_108D+99_108D+99_108D+99	GLUFP	E15_rep1	1	GLUFP	1	GLUFP:1	FP_GLUFP	CATTCTAAGTTGCTCA-1_1	16879	16879	1.22622593534326
E15_rep1_clone00756	E15_rep1_clone00756	TAGGAGGAGTCGCGAA-2_1	E15_rep1-215D+17_215D+17_215D+17_215D+17_215D+17_215D+17_215D+17_215D+17_215D+17-NONE_13D+34_NONE_108D+99_108D+99_108D+99_108D+99_108D+99	215D+17_215D+17_215D+17_215D+17_215D+17_215D+17_215D+17_215D+17_215D+17	NONE_13D+34_NONE_108D+99_108D+99_108D+99_108D+99_108D+99	NbDA	E15_rep1	1	NbDA	1	NbDA:1	FP_NbDA	TAGGAGGAGTCGCGAA-2_1	13613	13613	0.9889575009081
E15_rep1_clone00758	E15_rep1_clone00758	AAGTCGTGTTGCTAGT-1_1	E15_rep1-215D+17_215D+17_215D+17_215D+17_215D+17_215D+17_215D+17_215D+17_215D+17-NONE_165D+43_165D+43_165D+43_165D+43_165D+43_165D+43_165D+43	215D+17_215D+17_215D+17_215D+17_215D+17_215D+17_215D+17_215D+17_215D+17	NONE_165D+43_165D+43_165D+43_165D+43_165D+43_165D+43_165D+43	NbGLU	E15_rep1	1	NbGLU	1	NbGLU:1	FP_NbGLU	AAGTCGTGTTGCTAGT-1_1	7307	7307	0.530839084634944
E15_rep1_clone00759	E15_rep1_clone00759	ACTGATGGTCGAAACG-1_1	E15_rep1-215D+17_215D+17_215D+17_215D+17_215D+17_215D+17_215D+17_215D+17_215D+17-NONE_181D+25_181D+25_181D+25_181D+25_181D+25_181D+25_181D+25	215D+17_215D+17_215D+17_215D+17_215D+17_215D+17_215D+17_215D+17_215D+17	NONE_181D+25_181D+25_181D+25_181D+25_181D+25_181D+25_181D+25	NbDA	E15_rep1	1	NbDA	1	NbDA:1	FP_NbDA	ACTGATGGTCGAAACG-1_1	15140	15140	1.09989102796949
E15_rep1_clone00761	E15_rep1_clone00761	TGTGAGTGTCGAGCTC-2_1	E15_rep1-215D+17_215D+17_215D+17_215D+17_215D+17_215D+17_215D+17_215D+17_215D+17-NONE_26D+45_26D+45&5D+74_131D+81_131D+81_131D+81_131D+81_131D+81	215D+17_215D+17_215D+17_215D+17_215D+17_215D+17_215D+17_215D+17_215D+17	NONE_26D+45_26D+45&5D+74_131D+81_131D+81_131D+81_131D+81_131D+81	DA	E15_rep1	1	DA	1	DA:1	FP_DA	TGTGAGTGTCGAGCTC-2_1	18996	18996	1.3800217944061
E15_rep1_clone00762	E15_rep1_clone00762	TGCTCGTGTTAGGCTT-2_1	E15_rep1-215D+17_215D+17_215D+17_215D+17_215D+17_215D+17_215D+17_215D+17_215D+17-NONE_27D+44_27D+44_108D+99_108D+99_108D+99_108D+99_108D+99	215D+17_215D+17_215D+17_215D+17_215D+17_215D+17_215D+17_215D+17_215D+17	NONE_27D+44_27D+44_108D+99_108D+99_108D+99_108D+99_108D+99	NbGLU	E15_rep1	1	NbGLU	1	NbGLU:1	FP_NbGLU	TGCTCGTGTTAGGCTT-2_1	13051	13051	0.948129313476208
E15_rep1_clone00763	E15_rep1_clone00763	GTAACCATCTGTTGGA-1_1	E15_rep1-215D+17_215D+17_215D+17_215D+17_215D+17_215D+17_215D+17_215D+17_215D+17-NONE_28D+50_28D+50_10D+84&84D+96_84D+96_84D+96_84D+96_NONE	215D+17_215D+17_215D+17_215D+17_215D+17_215D+17_215D+17_215D+17_215D+17	NONE_28D+50_28D+50_10D+84&84D+96_84D+96_84D+96_84D+96_NONE	DA	E15_rep1	1	DA	1	DA:1	FP_DA	GTAACCATCTGTTGGA-1_1	26584	26584	1.93127497275699
E15_rep1_clone00765	E15_rep1_clone00765	GGCTTTCCAAAGCTAA-2_1	E15_rep1-215D+17_215D+17_215D+17_215D+17_215D+17_215D+17_215D+17_215D+17_215D+17-NONE_2D+44_146D+70_146D+70_146D+70_146D+70_146D+70_146D+70	215D+17_215D+17_215D+17_215D+17_215D+17_215D+17_215D+17_215D+17_215D+17	NONE_2D+44_146D+70_146D+70_146D+70_146D+70_146D+70_146D+70	GLUFP	E15_rep1	1	GLUFP	1	GLUFP:1	FP_GLUFP	GGCTTTCCAAAGCTAA-2_1	15143	15143	1.10010897203051
E15_rep1_clone00766	E15_rep1_clone00766	ACTATCTGTGACACGA-2_1	E15_rep1-215D+17_215D+17_215D+17_215D+17_215D+17_215D+17_215D+17_215D+17_215D+17-NONE_2D+44_27D+69_27D+69_86D+123_86D+123_86D+123_86D+123	215D+17_215D+17_215D+17_215D+17_215D+17_215D+17_215D+17_215D+17_215D+17	NONE_2D+44_27D+69_27D+69_86D+123_86D+123_86D+123_86D+123	NbDA	E15_rep1	1	NbDA	1	NbDA:1	FP_NbDA	ACTATCTGTGACACGA-2_1	22538	22538	1.6373410824555
E15_rep1_clone00768	E15_rep1_clone00768	ACGATGTGTTCGCGTG-1_1	E15_rep1-215D+17_215D+17_215D+17_215D+17_215D+17_215D+17_215D+17_215D+17_215D+17-NONE_2D+47_4D+68_23D+80_18D+113_NONE_5D+177_NONE	215D+17_215D+17_215D+17_215D+17_215D+17_215D+17_215D+17_215D+17_215D+17	NONE_2D+47_4D+68_23D+80_18D+113_NONE_5D+177_NONE	GLUFP	E15_rep1	1	GLUFP	1	GLUFP:1	FP_GLUFP	ACGATGTGTTCGCGTG-1_1	17782	17782	1.29182709771159
E15_rep1_clone00772	E15_rep1_clone00772	ATTGTTCAGACCTTTG-1_1	E15_rep1-215D+17_215D+17_215D+17_215D+17_215D+17_215D+17_215D+17_215D+17_215D+17-NONE_5D+44_2D+70_NONE_57D+125_57D+125_57D+125_5D+204	215D+17_215D+17_215D+17_215D+17_215D+17_215D+17_215D+17_215D+17_215D+17	NONE_5D+44_2D+70_NONE_57D+125_57D+125_57D+125_5D+204	DA	E15_rep1	1	DA	1	DA:1	FP_DA	ATTGTTCAGACCTTTG-1_1	14601	14601	1.06073374500545
E15_rep1_clone00775	E15_rep1_clone00775	TAGTGCAGTTGCATCA-1_1	E15_rep1-215D+17_215D+17_215D+17_215D+17_215D+17_215D+17_215D+17_215D+17_215D+17-NONE_60D+41_60D+41_60D+41_1D+112&72D+116_72D+116_72D+116_3D+203	215D+17_215D+17_215D+17_215D+17_215D+17_215D+17_215D+17_215D+17_215D+17	NONE_60D+41_60D+41_60D+41_1D+112&72D+116_72D+116_72D+116_3D+203	NbDA	E15_rep1	1	NbDA	1	NbDA:1	FP_NbDA	TAGTGCAGTTGCATCA-1_1	14007	14007	1.01758082092263
E15_rep1_clone00779	E15_rep1_clone00779	TGTCAGAAGTCAAGCG-2_1	E15_rep1-215D+17_215D+17_215D+17_215D+17_215D+17_215D+17_215D+17_215D+17_215D+17-NONE_9D+37_NONE_NONE_5D+123_NONE_NONE_7D+203	215D+17_215D+17_215D+17_215D+17_215D+17_215D+17_215D+17_215D+17_215D+17	NONE_9D+37_NONE_NONE_5D+123_NONE_NONE_7D+203	DA	E15_rep1	1	DA	1	DA:1	FP_DA	TGTCAGAAGTCAAGCG-2_1	13191	13191	0.95830003632401
E15_rep1_clone00785	E15_rep1_clone00785	AGTACCAGTAATGATG-1_1	E15_rep1-215D+17_215D+17_215D+17_215D+17_215D+17_215D+17_215D+17_215D+17_215D+17-NONE_NONE_4I+71TAT_NONE_5D+123_NONE_NONE_111D+207	215D+17_215D+17_215D+17_215D+17_215D+17_215D+17_215D+17_215D+17_215D+17	NONE_NONE_4I+71TAT_NONE_5D+123_NONE_NONE_111D+207	GLUFP	E15_rep1	1	GLUFP	1	GLUFP:1	FP_GLUFP	AGTACCAGTAATGATG-1_1	18113	18113	1.31587359244461
E15_rep1_clone00788	E15_rep1_clone00788	TGGGATTGTTGCTCAA-1_1	E15_rep1-215D+17_215D+17_215D+17_215D+17_215D+17_215D+17_215D+17_215D+17_215D+17-NONE_NONE_9D+67_NONE_NONE_56D+152_56D+152_56D+152	215D+17_215D+17_215D+17_215D+17_215D+17_215D+17_215D+17_215D+17_215D+17	NONE_NONE_9D+67_NONE_NONE_56D+152_56D+152_56D+152	NbDA	E15_rep1	1	NbDA	1	NbDA:1	FP_NbDA	TGGGATTGTTGCTCAA-1_1	13073	13073	0.94972756992372
E15_rep1_clone00794	E15_rep1_clone00794	ATTCCTAAGCGCTTCG-1_1	E15_rep1-215D+17_215D+17_215D+17_215D+17_215D+17_215D+17_215D+17_215D+17_215D+17-NONE_NONE_NONE_92D+97_92D+97_92D+97_92D+97_8D+199	215D+17_215D+17_215D+17_215D+17_215D+17_215D+17_215D+17_215D+17_215D+17	NONE_NONE_NONE_92D+97_92D+97_92D+97_92D+97_8D+199	NbDA	E15_rep1	1	NbDA	1	NbDA:1	FP_NbDA	ATTCCTAAGCGCTTCG-1_1	10723	10723	0.779004722121322
E15_rep1_clone00799	E15_rep1_clone00799	GTACAACGTGAATGAT-2_1	E15_rep1-27D+18_27D+18_54D+71_54D+71_54D+71_54D+152_54D+152_54D+152_1D+231-189D+17_189D+17_189D+17_189D+17_189D+17_189D+17_189D+17_189D+17	27D+18_27D+18_54D+71_54D+71_54D+71_54D+152_54D+152_54D+152_1D+231	189D+17_189D+17_189D+17_189D+17_189D+17_189D+17_189D+17_189D+17	NbDA	E15_rep1	1	NbDA	1	NbDA:1	FP_NbDA	GTACAACGTGAATGAT-2_1	12271	12271	0.89146385760988
E15_rep1_clone00800	E15_rep1_clone00800	CTACCTGGTACAACGG-2_1	E15_rep1-27D+18_27D+18_54D+71_54D+71_54D+71_54D+152_54D+152_54D+152_1D+231-NA	27D+18_27D+18_54D+71_54D+71_54D+71_54D+152_54D+152_54D+152_1D+231		NbDA	E15_rep1	1	NbDA	1	NbDA:1	FP_NbDA	CTACCTGGTACAACGG-2_1	10986	10986	0.798111151471122
E15_rep1_clone00802	E15_rep1_clone00802	ATACTTCTCCGGCTTT-1_1	E15_rep1-2D+16_5D+43_161D+71_161D+71_161D+71_161D+71_161D+71_161D+71_161D+71-189D+17_189D+17_189D+17_189D+17_189D+17_189D+17_189D+17_189D+17	2D+16_5D+43_161D+71_161D+71_161D+71_161D+71_161D+71_161D+71_161D+71	189D+17_189D+17_189D+17_189D+17_189D+17_189D+17_189D+17_189D+17	DA	E15_rep1	1	DA	1	DA:1	FP_DA	ATACTTCTCCGGCTTT-1_1	10355	10355	0.75227025063567
E15_rep1_clone00807	E15_rep1_clone00807	CATACAGTCGAATCCA-2_1	E15_rep1-5D+12&188D+19_188D+19_188D+19_188D+19_188D+19_188D+19_188D+19_188D+19_4D+230-189D+17_189D+17_189D+17_189D+17_189D+17_189D+17_189D+17_189D+17	5D+12&188D+19_188D+19_188D+19_188D+19_188D+19_188D+19_188D+19_188D+19_4D+230	189D+17_189D+17_189D+17_189D+17_189D+17_189D+17_189D+17_189D+17	DA	E15_rep1	1	DA	1	DA:1	FP_DA	CATACAGTCGAATCCA-2_1	19530	19530	1.41881583726843
E15_rep1_clone00811	E15_rep1_clone00811	CTGTATTAGGGATGTC-1_1	E15_rep1-8D+10_188D+44_188D+44_188D+44_188D+44_188D+44_188D+44_188D+44_188D+44-189D+17_189D+17_189D+17_189D+17_189D+17_189D+17_189D+17_189D+17	8D+10_188D+44_188D+44_188D+44_188D+44_188D+44_188D+44_188D+44_188D+44	189D+17_189D+17_189D+17_189D+17_189D+17_189D+17_189D+17_189D+17	NbDA	E15_rep1	1	NbDA	1	NbDA:1	FP_NbDA	CTGTATTAGGGATGTC-1_1	12167	12167	0.88390846349437
E15_rep1_clone00812	E15_rep1_clone00812	GGGCTCACACAGCCTG-2_1	E15_rep1-NA-108D+17_108D+17_108D+17_108D+17_108D+17_NONE_24D+166_24D+166&10D+198		108D+17_108D+17_108D+17_108D+17_108D+17_NONE_24D+166_24D+166&10D+198	NbDA	E15_rep1	1	NbDA	1	NbDA:1	FP_NbDA	GGGCTCACACAGCCTG-2_1	11143	11143	0.809516890664729
E15_rep1_clone00814	E15_rep1_clone00814	GGGTGAAGTCAGACTT-2_1	E15_rep1-NA-115D+11_115D+11_115D+11_115D+11_115D+11_NONE_NONE_2D+205		115D+11_115D+11_115D+11_115D+11_115D+11_NONE_NONE_2D+205	NbDA	E15_rep1	1	NbDA	1	NbDA:1	FP_NbDA	GGGTGAAGTCAGACTT-2_1	12487	12487	0.907155830003632
E15_rep1_clone00816	E15_rep1_clone00816	TAGGTACCAGTTTCGA-2_1	E15_rep1-NA-11D+7_6I+46CGCGT_3D+62&2D+74_108D+99_108D+99_108D+99_108D+99_108D+99		11D+7_6I+46CGCGT_3D+62&2D+74_108D+99_108D+99_108D+99_108D+99_108D+99	NbFP	E15_rep1	1	NbFP	1	NbFP:1	FP_NbFP	TAGGTACCAGTTTCGA-2_1	15203	15203	1.104467853251
E15_rep1_clone00817	E15_rep1_clone00817	GCTTTCGGTCGCAGTC-2_1	E15_rep1-NA-120D+8_120D+8_120D+8_120D+8_120D+8_NONE_NONE_2D+205		120D+8_120D+8_120D+8_120D+8_120D+8_NONE_NONE_2D+205	NbDA	E15_rep1	1	NbDA	1	NbDA:1	FP_NbDA	GCTTTCGGTCGCAGTC-2_1	10865	10865	0.789320741009808
E15_rep1_clone00818	E15_rep1_clone00818	ATTGGGTTCGAATGCT-1_1	E15_rep1-NA-128D+10_128D+10_128D+10_128D+10_128D+10_128D+10_11D+177_7D+203		128D+10_128D+10_128D+10_128D+10_128D+10_128D+10_11D+177_7D+203	DA	E15_rep1	1	DA	1	DA:1	FP_DA	ATTGGGTTCGAATGCT-1_1	15694	15694	1.14013803123865
E15_rep1_clone00821	E15_rep1_clone00821	TGGGAAGAGATTGCGG-2_1	E15_rep1-NA-13D+5_27D+44_27D+44_NONE_NONE_NONE_27D+180_27D+180		13D+5_27D+44_27D+44_NONE_NONE_NONE_27D+180_27D+180	NbGLU	E15_rep1	1	NbGLU	1	NbGLU:1	FP_NbGLU	TGGGAAGAGATTGCGG-2_1	13529	13529	0.982855067199419
E15_rep1_clone00822	E15_rep1_clone00822	CTTCGGTTCTAAGAAG-2_1	E15_rep1-NA-14D+15_14D+15&82D+42_82D+42_82D+42_82D+42_2D+152_1D+175&4D+179_5D+204		14D+15_14D+15&82D+42_82D+42_82D+42_82D+42_2D+152_1D+175&4D+179_5D+204	NbFP	E15_rep1	1	NbFP	1	NbFP:1	FP_NbFP	CTTCGGTTCTAAGAAG-2_1	19214	19214	1.39585906284054
E15_rep1_clone00824	E15_rep1_clone00824	GTGAGTTCATGGTGGA-1_1	E15_rep1-NA-150D+10_150D+10_150D+10_150D+10_150D+10_150D+10_2D+179_5D+204		150D+10_150D+10_150D+10_150D+10_150D+10_150D+10_2D+179_5D+204	GLUFP	E15_rep1	1	GLUFP	1	GLUFP:1	FP_GLUFP	GTGAGTTCATGGTGGA-1_1	9661	9661	0.701852524518707
E15_rep1_clone00825	E15_rep1_clone00825	TTAATCCTCGAACACT-2_1	E15_rep1-NA-15D+15_15D+15&2I+44A_2D+71_6D+94_4D+122_2D+152_25D+181_25D+181		15D+15_15D+15&2I+44A_2D+71_6D+94_4D+122_2D+152_25D+181_25D+181	NbDA	E15_rep1	1	NbDA	1	NbDA:1	FP_NbDA	TTAATCCTCGAACACT-2_1	12888	12888	0.936287686160552
E15_rep1_clone00826	E15_rep1_clone00826	AACGTCATCTCGTCGT-2_1	E15_rep1-NA-162D+17_162D+17_162D+17_162D+17_162D+17_162D+17_162D+17_6D+203		162D+17_162D+17_162D+17_162D+17_162D+17_162D+17_162D+17_6D+203	NbDA	E15_rep1	1	NbDA	1	NbDA:1	FP_NbDA	AACGTCATCTCGTCGT-2_1	9487	9487	0.689211768979295
E15_rep1_clone00828	E15_rep1_clone00828	TAGTGCAAGCACCGAA-2_1	E15_rep1-NA-170D+14_170D+14_170D+14_170D+14_170D+14_170D+14_170D+14_12D+206		170D+14_170D+14_170D+14_170D+14_170D+14_170D+14_170D+14_12D+206	GLUFP	E15_rep1	1	GLUFP	1	GLUFP:1	FP_GLUFP	TAGTGCAAGCACCGAA-2_1	13694	13694	0.994841990555757
E15_rep1_clone00830	E15_rep1_clone00830	CCGTTCAAGACGACTG-1_1	E15_rep1-NA-182D+5_182D+5_182D+5_182D+5_182D+5_182D+5_182D+5_2D+203		182D+5_182D+5_182D+5_182D+5_182D+5_182D+5_182D+5_2D+203	NbDA	E15_rep1	1	NbDA	1	NbDA:1	FP_NbDA	CCGTTCAAGACGACTG-1_1	11249	11249	0.817217580820923
E15_rep1_clone00831	E15_rep1_clone00831	CCGGTGATCAAGGAGC-2_1	E15_rep1-NA-190D+16_190D+16_190D+16_190D+16_190D+16_190D+16_190D+16_190D+16		190D+16_190D+16_190D+16_190D+16_190D+16_190D+16_190D+16_190D+16	Rgl1	E15_rep1	1	Rgl1	1	Rgl1:1	FP_Rgl1	CCGGTGATCAAGGAGC-2_1	10258	10258	0.74522339266255
E15_rep1_clone00832	E15_rep1_clone00832	ACTGTGACATAGGAGC-2_1	E15_rep1-NA-192D+17_192D+17_192D+17_192D+17_192D+17_192D+17_192D+17_192D+17		192D+17_192D+17_192D+17_192D+17_192D+17_192D+17_192D+17_192D+17	DA	E15_rep1	1	DA	1	DA:1	FP_DA	ACTGTGACATAGGAGC-2_1	14514	14514	1.05441336723574
E15_rep1_clone00834	E15_rep1_clone00834	ATGCGATCATACTGAC-2_1	E15_rep1-NA-1D+15_NONE_150D+66_150D+66_150D+66_150D+66_150D+66_150D+66		1D+15_NONE_150D+66_150D+66_150D+66_150D+66_150D+66_150D+66	NbGLU	E15_rep1	1	NbGLU	1	NbGLU:1	FP_NbGLU	ATGCGATCATACTGAC-2_1	11195	11195	0.813294587722485
E15_rep1_clone00835	E15_rep1_clone00835	GGCAGTCGTTCGTACA-2_1	E15_rep1-NA-1D+16_162D+44_162D+44_162D+44_162D+44_162D+44_162D+44_162D+44		1D+16_162D+44_162D+44_162D+44_162D+44_162D+44_162D+44_162D+44	NbDA	E15_rep1	1	NbDA	1	NbDA:1	FP_NbDA	GGCAGTCGTTCGTACA-2_1	11850	11850	0.860879041046131
E15_rep1_clone00836	E15_rep1_clone00836	GACCAATGTGCGTGCT-2_1	E15_rep1-NA-1D+16_2D+44_134D+71_134D+71_134D+71_134D+71_134D+71_134D+71		1D+16_2D+44_134D+71_134D+71_134D+71_134D+71_134D+71_134D+71	GLUFP	E15_rep1	1	GLUFP	1	GLUFP:1	FP_GLUFP	GACCAATGTGCGTGCT-2_1	7777	7777	0.564983654195423
E15_rep1_clone00837	E15_rep1_clone00837	ATGAGGGGTGGTCTAT-2_1	E15_rep1-NA-1D+16_NONE_147D+71_147D+71_147D+71_147D+71_147D+71_147D+71		1D+16_NONE_147D+71_147D+71_147D+71_147D+71_147D+71_147D+71	NbDA	E15_rep1	1	NbDA	1	NbDA:1	FP_NbDA	ATGAGGGGTGGTCTAT-2_1	25651	25651	1.86349436977842
E15_rep1_clone00838	E15_rep1_clone00838	TCCAGAACAACCCTAA-2_1	E15_rep1-NA-1D+16_NONE_NONE_NONE_57D+125_57D+125_57D+125_NONE		1D+16_NONE_NONE_NONE_57D+125_57D+125_57D+125_NONE	DA	E15_rep1	1	DA	1	DA:1	FP_DA	TCCAGAACAACCCTAA-2_1	26964	26964	1.95888122048674
E15_rep1_clone00839	E15_rep1_clone00839	CTGAATGCAAGTTCGT-2_1	E15_rep1-NA-205D+6_205D+6_205D+6_205D+6_205D+6_205D+6_205D+6_205D+6		205D+6_205D+6_205D+6_205D+6_205D+6_205D+6_205D+6_205D+6	NbGLU	E15_rep1	1	NbGLU	1	NbGLU:1	FP_NbGLU	CTGAATGCAAGTTCGT-2_1	22617	22617	1.64308027606248
E15_rep1_clone00844	E15_rep1_clone00844	CTACTATAGGACTGGT-1_1	E15_rep1-NA-29D+19_29D+19_NONE_NONE_NONE_NONE_NONE_NONE		29D+19_29D+19_NONE_NONE_NONE_NONE_NONE_NONE	DA	E15_rep1	1	DA	1	DA:1	FP_DA	CTACTATAGGACTGGT-1_1	21949	21949	1.59455139847439
E15_rep1_clone00845	E15_rep1_clone00845	CATACAGGTTTGAAAG-1_1	E15_rep1-NA-2D+15_54D+44_54D+44_54D+44_12D+121_74D+141_74D+141_74D+141		2D+15_54D+44_54D+44_54D+44_12D+121_74D+141_74D+141_74D+141	Rgl1	E15_rep1	1	Rgl1	1	Rgl1:1	FP_Rgl1	CATACAGGTTTGAAAG-1_1	12247	12247	0.889720305121685
E15_rep1_clone00846	E15_rep1_clone00846	GTGGGAAAGATCGCTT-2_1	E15_rep1-NA-2D+19_135D+44_135D+44_135D+44_135D+44_135D+44_135D+44_13D+198		2D+19_135D+44_135D+44_135D+44_135D+44_135D+44_135D+44_13D+198	NbGLU	E15_rep1	1	NbGLU	1	NbGLU:1	FP_NbGLU	GTGGGAAAGATCGCTT-2_1	15863	15863	1.15241554667635
E15_rep1_clone00847	E15_rep1_clone00847	CCGCAAGCACAAGTGG-2_1	E15_rep1-NA-2I+17G_135D+44_135D+44_135D+44_135D+44_135D+44_135D+44_2D+205		2I+17G_135D+44_135D+44_135D+44_135D+44_135D+44_135D+44_2D+205	NbGLU	E15_rep1	1	NbGLU	1	NbGLU:1	FP_NbGLU	CCGCAAGCACAAGTGG-2_1	7187	7187	0.52212132219397
E15_rep1_clone00849	E15_rep1_clone00849	CAGGCCAAGCATGCAG-2_1	E15_rep1-NA-32D+15_32D+15_135D+77_135D+77_135D+77_135D+77_135D+77_135D+77		32D+15_32D+15_135D+77_135D+77_135D+77_135D+77_135D+77_135D+77	NbDA	E15_rep1	1	NbDA	1	NbDA:1	FP_NbDA	CAGGCCAAGCATGCAG-2_1	13049	13049	0.947984017435525
E15_rep1_clone00850	E15_rep1_clone00850	TGTTGGAGTAGGATAT-1_1	E15_rep1-NA-32D+15_32D+15_146D+63_146D+63_146D+63_146D+63_146D+63_146D+63		32D+15_32D+15_146D+63_146D+63_146D+63_146D+63_146D+63_146D+63	NbDA	E15_rep1	1	NbDA	1	NbDA:1	FP_NbDA	TGTTGGAGTAGGATAT-1_1	6032	6032	0.4382128586996
E15_rep1_clone00851	E15_rep1_clone00851	GATGTTGTCCACTTCG-2_1	E15_rep1-NA-3D+15_124D+33_124D+33_124D+33_124D+33_124D+33_53D+179_53D+179		3D+15_124D+33_124D+33_124D+33_124D+33_124D+33_53D+179_53D+179	NbFP	E15_rep1	1	NbFP	1	NbFP:1	FP_NbFP	GATGTTGTCCACTTCG-2_1	15422	15422	1.12037776970578
E15_rep1_clone00853	E15_rep1_clone00853	CACTGGGGTCATGGCC-1_1	E15_rep1-NA-3D+15_2D+44_146D+70_146D+70_146D+70_146D+70_146D+70_146D+70		3D+15_2D+44_146D+70_146D+70_146D+70_146D+70_146D+70_146D+70	DA	E15_rep1	1	DA	1	DA:1	FP_DA	CACTGGGGTCATGGCC-1_1	14316	14316	1.04002905920814
E15_rep1_clone00854	E15_rep1_clone00854	TGATGCAAGAAGTCTA-1_1	E15_rep1-NA-3D+15_2I+44A_27D+69_27D+69_NONE_72D+149_72D+149_72D+149		3D+15_2I+44A_27D+69_27D+69_NONE_72D+149_72D+149_72D+149	NbFP	E15_rep1	1	NbFP	1	NbFP:1	FP_NbFP	TGATGCAAGAAGTCTA-1_1	14416	14416	1.04729386124228
E15_rep1_clone00855	E15_rep1_clone00855	CTGAGGCGTCATGCAT-1_1	E15_rep1-NA-3D+17_162D+44_162D+44_162D+44_162D+44_162D+44_162D+44_162D+44		3D+17_162D+44_162D+44_162D+44_162D+44_162D+44_162D+44_162D+44	DA	E15_rep1	1	DA	1	DA:1	FP_DA	CTGAGGCGTCATGCAT-1_1	11463	11463	0.832764257173992
E15_rep1_clone00858	E15_rep1_clone00858	CTTCCGATCTCTCTTC-2_1	E15_rep1-NA-44D+17_44D+17_44D+17&8D+75_8D+75&13D+95_15D+115_5D+148&4I+138CAT_3D+170_1D+189&3D+203		44D+17_44D+17_44D+17&8D+75_8D+75&13D+95_15D+115_5D+148&4I+138CAT_3D+170_1D+189&3D+203	NbGLU	E15_rep1	1	NbGLU	1	NbGLU:1	FP_NbGLU	CTTCCGATCTCTCTTC-2_1	11701	11701	0.850054486015256
E15_rep1_clone00859	E15_rep1_clone00859	GAGGGTAGTGTCCAAT-2_1	E15_rep1-NA-4I+17CTG_10D+44_1D+71_NONE_55D+124_55D+124_55D+124_3D+204		4I+17CTG_10D+44_1D+71_NONE_55D+124_55D+124_55D+124_3D+204	NbDA	E15_rep1	1	NbDA	1	NbDA:1	FP_NbDA	GAGGGTAGTGTCCAAT-2_1	13852	13852	1.00632037776971
E15_rep1_clone00860	E15_rep1_clone00860	GTGTAACGTGTCTTAG-1_1	E15_rep1-NA-4I+17CTG_10D+44_NONE_5D+97_55D+124_55D+124_55D+124_3D+204		4I+17CTG_10D+44_NONE_5D+97_55D+124_55D+124_55D+124_3D+204	NbDA	E15_rep1	1	NbDA	1	NbDA:1	FP_NbDA	GTGTAACGTGTCTTAG-1_1	8252	8252	0.59949146385761
E15_rep1_clone00861	E15_rep1_clone00861	GTCCTCAGTCTGTGCG-1_1	E15_rep1-NA-4I+17CTG_10D+44_NONE_NONE_55D+124_55D+124_55D+124_3D+204		4I+17CTG_10D+44_NONE_NONE_55D+124_55D+124_55D+124_3D+204	NbDA	E15_rep1	1	NbDA	1	NbDA:1	FP_NbDA	GTCCTCAGTCTGTGCG-1_1	12905	12905	0.937522702506357
E15_rep1_clone00866	E15_rep1_clone00866	CTCTCAGAGCGCGTTC-1_1	E15_rep1-NA-55D+22_55D+22_55D+22_108D+99_108D+99_108D+99_108D+99_108D+99		55D+22_55D+22_55D+22_108D+99_108D+99_108D+99_108D+99_108D+99	NbDA	E15_rep1	1	NbDA	1	NbDA:1	FP_NbDA	CTCTCAGAGCGCGTTC-1_1	3653	3653	0.265383218307301
E15_rep1_clone00870	E15_rep1_clone00870	AGAAATGTCCTGCCAT-2_1	E15_rep1-NA-5D+15_162D+44_162D+44_162D+44_162D+44_162D+44_162D+44_162D+44		5D+15_162D+44_162D+44_162D+44_162D+44_162D+44_162D+44_162D+44	NbDA	E15_rep1	1	NbDA	1	NbDA:1	FP_NbDA	AGAAATGTCCTGCCAT-2_1	8718	8718	0.633345441336724
E15_rep1_clone00871	E15_rep1_clone00871	GATCATGTCGTGGGTC-1_1	E15_rep1-NA-63D+14_63D+14_63D+14_108D+99_108D+99_108D+99_108D+99_108D+99		63D+14_63D+14_63D+14_108D+99_108D+99_108D+99_108D+99_108D+99	DA	E15_rep1	1	DA	1	DA:1	FP_DA	GATCATGTCGTGGGTC-1_1	20116	20116	1.46138757718852
E15_rep1_clone00876	E15_rep1_clone00876	TGCGATAAGGGTTGCA-2_1	E15_rep1-NA-81D+17_81D+17_81D+17_81D+17_2D+125_5I+149GCAT&2I+154C_21D+159_2D+205		81D+17_81D+17_81D+17_81D+17_2D+125_5I+149GCAT&2I+154C_21D+159_2D+205	GLUFP	E15_rep1	1	GLUFP	1	GLUFP:1	FP_GLUFP	TGCGATAAGGGTTGCA-2_1	15279	15279	1.10998910279695
E15_rep1_clone00878	E15_rep1_clone00878	CCACGAGTCAGTCAGT-2_1	E15_rep1-NA-8D+14_NONE_NONE_152D+97_152D+97_152D+97_152D+97_152D+97		8D+14_NONE_NONE_152D+97_152D+97_152D+97_152D+97_152D+97	DA	E15_rep1	1	DA	1	DA:1	FP_DA	CCACGAGTCAGTCAGT-2_1	16723	16723	1.21489284417
E15_rep1_clone00880	E15_rep1_clone00880	GGGTAGAGTCTGGTTA-2_1	E15_rep1-NA-9D+15_6I+46CGCGT_3D+62&2D+74_108D+99_108D+99_108D+99_108D+99_108D+99		9D+15_6I+46CGCGT_3D+62&2D+74_108D+99_108D+99_108D+99_108D+99_108D+99	NbGLU	E15_rep1	1	NbGLU	1	NbGLU:1	FP_NbGLU	GGGTAGAGTCTGGTTA-2_1	9653	9653	0.701271340355975
E15_rep1_clone00881	E15_rep1_clone00881	GTCTAGACACTCCTTG-2_1	E15_rep1-NA-NONE_163D+42_163D+42_163D+42_163D+42_163D+42_163D+42_163D+42		NONE_163D+42_163D+42_163D+42_163D+42_163D+42_163D+42_163D+42	NbDA	E15_rep1	1	NbDA	1	NbDA:1	FP_NbDA	GTCTAGACACTCCTTG-2_1	7373	7373	0.535633853977479
E15_rep1_clone00887	E15_rep1_clone00887	GTTGTGAGTGAGCAGT-2_1	E15_rep1-NA-NONE_27D+44_27D+44&3D+75_1D+84_16D+107_3D+135&36D+148_36D+148_11D+197		NONE_27D+44_27D+44&3D+75_1D+84_16D+107_3D+135&36D+148_36D+148_11D+197	NbDA	E15_rep1	1	NbDA	1	NbDA:1	FP_NbDA	GTTGTGAGTGAGCAGT-2_1	12013	12013	0.872720668361787
E15_rep1_clone00888	E15_rep1_clone00888	TAATCTCAGCACTCGC-2_1	E15_rep1-NA-NONE_28D+50_28D+50_10D+84&84D+96_84D+96_84D+96_84D+96_NONE		NONE_28D+50_28D+50_10D+84&84D+96_84D+96_84D+96_84D+96_NONE	DA	E15_rep1	1	DA	1	DA:1	FP_DA	TAATCTCAGCACTCGC-2_1	16535	16535	1.2012350163458
E15_rep1_clone00890	E15_rep1_clone00890	CCCGGAAGTTCCGCTT-1_1	E15_rep1-NA-NONE_2D+44_NONE_111D+98_111D+98_111D+98_111D+98_111D+98		NONE_2D+44_NONE_111D+98_111D+98_111D+98_111D+98_111D+98	Rgl1	E15_rep1	1	Rgl1	1	Rgl1:1	FP_Rgl1	CCCGGAAGTTCCGCTT-1_1	9730	9730	0.706865237922267
E15_rep1_clone00892	E15_rep1_clone00892	GTGCTTCCACTTGAGT-2_1	E15_rep1-NA-NONE_2D+44_NONE_NONE_NONE_NONE_NONE_111D+209		NONE_2D+44_NONE_NONE_NONE_NONE_NONE_111D+209	NbGLU	E15_rep1	1	NbGLU	1	NbGLU:1	FP_NbGLU	GTGCTTCCACTTGAGT-2_1	22447	22447	1.63073011260443
E15_rep1_clone00893	E15_rep1_clone00893	ATGAAAGAGCTAAATG-2_1	E15_rep1-NA-NONE_2I+44A_2D+70&111D+75_111D+75_111D+75_111D+75_111D+75_21D+191		NONE_2I+44A_2D+70&111D+75_111D+75_111D+75_111D+75_111D+75_21D+191	NbDA	E15_rep1	1	NbDA	1	NbDA:1	FP_NbDA	ATGAAAGAGCTAAATG-2_1	7668	7668	0.557065019978206
E15_rep1_clone00895	E15_rep1_clone00895	CGTGCTTAGCTTGTTG-1_1	E15_rep1-NA-NONE_4D+46_27D+69_27D+69_7D+124_42D+139_42D+139_3D+205		NONE_4D+46_27D+69_27D+69_7D+124_42D+139_42D+139_3D+205	DA	E15_rep1	1	DA	1	DA:1	FP_DA	CGTGCTTAGCTTGTTG-1_1	7554	7554	0.548783145659281
E15_rep1_clone00896	E15_rep1_clone00896	CAGCACGGTCACAATC-1_1	E15_rep1-NA-NONE_52D+41_52D+41_52D+41_1D+121&2I+116T&2I+126G_NONE_NONE_2D+205		NONE_52D+41_52D+41_52D+41_1D+121&2I+116T&2I+126G_NONE_NONE_2D+205	NbDA	E15_rep1	1	NbDA	1	NbDA:1	FP_NbDA	CAGCACGGTCACAATC-1_1	7181	7181	0.521685434071922
E15_rep1_clone00901	E15_rep1_clone00901	TTACTGTTCGGCAGTC-2_1	E15_rep1-NA-NONE_60D+41_60D+41_60D+41_1D+112&72D+116_72D+116_72D+116_3D+203		NONE_60D+41_60D+41_60D+41_1D+112&72D+116_72D+116_72D+116_3D+203	NbGLU	E15_rep1	1	NbGLU	1	NbGLU:1	FP_NbGLU	TTACTGTTCGGCAGTC-2_1	13836	13836	1.00515800944424
E15_rep1_clone00902	E15_rep1_clone00902	AGGTTGTCACTTTAGG-2_1	E15_rep1-NA-NONE_9D+37_NONE_NONE_5D+123_NONE_NONE_7D+203		NONE_9D+37_NONE_NONE_5D+123_NONE_NONE_7D+203	NbDA	E15_rep1	1	NbDA	1	NbDA:1	FP_NbDA	AGGTTGTCACTTTAGG-2_1	11650	11650	0.846349436977842
E15_rep1_clone00906	E15_rep1_clone00906	TGAATGCGTGCCCACA-2_1	E15_rep1-NA-NONE_NONE_27D+69_27D+69_86D+123_86D+123_86D+123_86D+123		NONE_NONE_27D+69_27D+69_86D+123_86D+123_86D+123_86D+123	NbDA	E15_rep1	1	NbDA	1	NbDA:1	FP_NbDA	TGAATGCGTGCCCACA-2_1	23646	23646	1.71783508899382
E15_rep1_clone00909	E15_rep1_clone00909	GTCATCCGTAGATCGG-2_1	E15_rep1-NA-NONE_NONE_NONE_110D+96_110D+96_110D+96_110D+96_110D+96		NONE_NONE_NONE_110D+96_110D+96_110D+96_110D+96_110D+96	NbGLU	E15_rep1	1	NbGLU	1	NbGLU:1	FP_NbGLU	GTCATCCGTAGATCGG-2_1	11667	11667	0.847584453323647
E15_rep1_clone00910	E15_rep1_clone00910	TGAGTCAGTCCGTTTC-1_1	E15_rep1-NA-NONE_NONE_NONE_19D+85_NONE_NONE_25D+162_91D+196		NONE_NONE_NONE_19D+85_NONE_NONE_25D+162_91D+196	GLUFP	E15_rep1	1	GLUFP	1	GLUFP:1	FP_GLUFP	TGAGTCAGTCCGTTTC-1_1	19835	19835	1.44097348347258
E15_rep1_clone00911	E15_rep1_clone00911	TCAGTTTAGTAACCTC-1_1	E15_rep1-NA-NONE_NONE_NONE_54D+79_54D+79_NONE_2D+179_2D+205		NONE_NONE_NONE_54D+79_54D+79_NONE_2D+179_2D+205	GLUFP	E15_rep1	1	GLUFP	1	GLUFP:1	FP_GLUFP	TCAGTTTAGTAACCTC-1_1	13891	13891	1.00915365056302
E15_rep1_clone00914	E15_rep1_clone00914	AGTGCCGGTCGCGTCA-2_1	E15_rep1-NA-NONE_NONE_NONE_NONE_7D+124_42D+139_42D+139_3D+205		NONE_NONE_NONE_NONE_7D+124_42D+139_42D+139_3D+205	DA	E15_rep1	1	DA	1	DA:1	FP_DA	AGTGCCGGTCGCGTCA-2_1	11877	11877	0.862840537595351
E15_rep1_clone00915	E15_rep1_clone00915	TATATCCTCCCGAAAT-2_1	E15_rep1-NA-NONE_NONE_NONE_NONE_8D+123_7D+135&161D+157_161D+157_161D+157		NONE_NONE_NONE_NONE_8D+123_7D+135&161D+157_161D+157_161D+157	GLUFP	E15_rep1	1	GLUFP	1	GLUFP:1	FP_GLUFP	TATATCCTCCCGAAAT-2_1	23397	23397	1.6997457319288
E15_rep1_clone00916	E15_rep1_clone00916	AGACCCGTCGCTAAAC-1_1	E15_rep1-NA-NONE_NONE_NONE_NONE_NONE_56D+152_56D+152_56D+152		NONE_NONE_NONE_NONE_NONE_56D+152_56D+152_56D+152	DA	E15_rep1	1	DA	1	DA:1	FP_DA	AGACCCGTCGCTAAAC-1_1	11556	11556	0.839520523065746
E15_rep1_clone00917	E15_rep1_clone00917	ATTACTCAGACGGTTG-2_1	E15_rep1-NA-NONE_NONE_NONE_NONE_NONE_NONE_1D+178_112D+208		NONE_NONE_NONE_NONE_NONE_NONE_1D+178_112D+208	Rgl1	E15_rep1	1	Rgl1	1	Rgl1:1	FP_Rgl1	ATTACTCAGACGGTTG-2_1	11566	11566	0.840247003269161
E15_rep1_clone00920	E15_rep1_clone00920	AAGACAAAGCTCGTGC-2_1	E15_rep1-NONE_NONE_NONE_NONE_NONE_54D+152_54D+152_54D+152_NONE-NONE_NONE_NONE_NONE_NONE_NONE_NONE_113D+207	NONE_NONE_NONE_NONE_NONE_54D+152_54D+152_54D+152_NONE	NONE_NONE_NONE_NONE_NONE_NONE_NONE_113D+207	DA	E15_rep1	1	DA	1	DA:1	FP_DA	AAGACAAAGCTCGTGC-2_1	18664	18664	1.35590265165274
