cell	r1	r2	r3	r4	r5	r6	r7	r8	r9	r10	r11	r12	r13	r14	r15	r16	r17
E15_rep1_clone00001	-1	-1	-1	-1	-1	-1	-1	-1	-1	0	0	45	-1	50	-1	32	-1
E15_rep1_clone00002	-1	-1	-1	-1	-1	-1	-1	-1	-1	104	-1	121	118	116	44	55	70
E15_rep1_clone00003	-1	-1	-1	-1	-1	-1	-1	-1	-1	22	10	-1	28	-1	31	-1	94
E15_rep1_clone00004	27	-1	26	-1	28	-1	22	-1	11	0	0	45	-1	50	-1	32	-1
E15_rep1_clone00005	-1	-1	-1	-1	-1	-1	-1	-1	-1	94	13	-1	32	-1	35	-1	126
E15_rep1_clone00006	-1	-1	-1	-1	-1	-1	-1	-1	-1	0	95	-1	113	-1	87	101	82
E15_rep1_clone00007	-1	-1	-1	-1	-1	-1	-1	-1	-1	72	-1	0	0	0	0	98	-1
E15_rep1_clone00008	27	-1	26	-1	28	-1	22	-1	11	104	-1	121	118	116	44	55	70
E15_rep1_clone00009	-1	-1	-1	-1	-1	-1	-1	-1	-1	0	0	0	0	0	0	12	-1
E15_rep1_clone00010	-1	-1	-1	-1	-1	-1	-1	-1	-1	104	-1	121	119	134	64	126	71
E15_rep1_clone00011	31	4	-1	3	-1	4	-1	4	14	52	-1	68	-1	76	-1	58	-1
E15_rep1_clone00012	27	-1	26	-1	28	-1	22	-1	11	22	10	-1	28	-1	31	-1	94
E15_rep1_clone00013	19	-1	19	-1	22	-1	16	-1	20	52	-1	68	-1	76	-1	58	-1
E15_rep1_clone00014	-1	-1	-1	-1	-1	-1	-1	-1	-1	0	0	0	0	0	78	0	126
E15_rep1_clone00015	27	-1	26	-1	28	-1	22	-1	11	57	-1	74	-1	83	-1	63	-1
E15_rep1_clone00016	-1	-1	-1	-1	-1	-1	-1	-1	-1	1	-1	2	-1	5	0	96	-1
E15_rep1_clone00017	-1	-1	-1	-1	-1	-1	-1	-1	-1	100	-1	138	-1	128	92	-1	125
E15_rep1_clone00018	27	-1	26	-1	28	-1	22	-1	11	100	-1	138	-1	128	92	-1	125
E15_rep1_clone00019	-1	-1	-1	-1	-1	-1	-1	-1	-1	0	78	0	94	0	0	0	114
E15_rep1_clone00020	-1	-1	-1	-1	-1	-1	-1	-1	-1	0	12	-1	30	-1	33	-1	91
E15_rep1_clone00021	-1	-1	-1	-1	-1	-1	-1	-1	-1	0	74	-1	80	0	0	95	-1
E15_rep1_clone00022	27	-1	26	-1	28	-1	22	-1	11	46	40	58	-1	64	-1	46	-1
E15_rep1_clone00023	-1	-1	-1	-1	-1	-1	-1	-1	-1	0	13	-1	32	-1	35	-1	126
E15_rep1_clone00024	-1	-1	-1	-1	-1	-1	-1	-1	-1	0	54	-1	0	123	-1	124	85
E15_rep1_clone00025	27	-1	26	-1	28	-1	22	-1	11	74	-1	88	-1	97	-1	78	-1
E15_rep1_clone00026	27	-1	26	-1	28	-1	22	-1	11	94	13	-1	32	-1	35	-1	126
E15_rep1_clone00027	-1	-1	-1	-1	-1	-1	-1	-1	-1	0	60	111	3	-1	3	-1	3
E15_rep1_clone00028	-1	-1	-1	-1	-1	-1	-1	-1	-1	0	0	0	12	-1	11	-1	16
E15_rep1_clone00029	-1	-1	-1	-1	-1	-1	-1	-1	-1	113	-1	129	108	-1	97	-1	86
E15_rep1_clone00030	-1	-1	-1	-1	-1	-1	-1	-1	-1	0	0	0	0	0	0	68	6
E15_rep1_clone00031	27	-1	26	-1	28	-1	22	-1	11	42	26	-1	43	-1	46	-1	46
E15_rep1_clone00032	-1	-1	-1	-1	-1	-1	-1	-1	-1	20	-1	24	-1	27	27	15	86
E15_rep1_clone00033	27	-1	26	-1	28	-1	22	-1	11	0	60	111	3	-1	3	-1	3
E15_rep1_clone00034	27	-1	26	-1	28	-1	22	-1	11	51	-1	67	-1	75	-1	57	65
E15_rep1_clone00035	27	-1	26	-1	28	-1	22	-1	11	60	-1	77	-1	86	-1	66	-1
E15_rep1_clone00036	27	-1	26	-1	28	-1	22	-1	11	67	-1	83	-1	91	-1	72	-1
E15_rep1_clone00037	-1	-1	-1	-1	-1	-1	-1	-1	-1	16	-1	19	-1	22	-1	101	99
E15_rep1_clone00038	-1	-1	-1	-1	-1	-1	-1	-1	-1	0	93	-1	110	-1	0	0	101
E15_rep1_clone00039	-1	-1	-1	-1	-1	-1	-1	-1	-1	42	26	-1	43	-1	46	-1	46
E15_rep1_clone00040	-1	-1	-1	-1	-1	-1	-1	-1	-1	0	12	-1	30	-1	33	-1	86
E15_rep1_clone00041	-1	-1	-1	-1	-1	-1	-1	-1	-1	0	0	0	0	0	0	100	10
E15_rep1_clone00042	27	-1	26	-1	28	-1	22	-1	11	0	95	-1	113	-1	87	101	82
E15_rep1_clone00043	27	-1	26	-1	28	-1	22	-1	11	3	18	-1	37	-1	39	-1	92
E15_rep1_clone00044	-1	-1	-1	-1	-1	-1	-1	-1	-1	0	0	135	0	0	0	0	78
E15_rep1_clone00045	-1	-1	-1	-1	-1	-1	-1	-1	-1	46	40	58	-1	64	-1	46	-1
E15_rep1_clone00046	-1	-1	-1	-1	-1	-1	-1	-1	-1	64	85	16	20	147	-1	148	75
E15_rep1_clone00047	-1	-1	-1	-1	-1	-1	-1	-1	-1	138	-1	155	-1	0	0	106	-1
E15_rep1_clone00048	-1	-1	-1	-1	-1	-1	-1	-1	-1	0	10	-1	28	-1	31	-1	94
E15_rep1_clone00049	-1	-1	-1	-1	-1	-1	-1	-1	-1	0	35	-1	53	-1	55	-1	58
E15_rep1_clone00050	27	-1	26	-1	28	-1	22	-1	11	40	-1	61	-1	67	-1	49	86
E15_rep1_clone00051	-1	-1	-1	-1	-1	-1	-1	-1	-1	3	18	-1	37	-1	39	-1	92
E15_rep1_clone00052	27	-1	26	-1	28	-1	22	-1	11	59	-1	76	-1	85	-1	65	-1
E15_rep1_clone00053	27	-1	26	-1	28	-1	22	-1	11	130	-1	146	98	8	-1	5	-1
E15_rep1_clone00054	-1	-1	-1	-1	-1	-1	-1	-1	-1	57	-1	74	-1	83	-1	63	-1
E15_rep1_clone00055	-1	-1	-1	-1	-1	-1	-1	-1	-1	139	-1	156	-1	120	-1	120	86
E15_rep1_clone00056	-1	-1	-1	-1	-1	-1	-1	-1	-1	0	93	-1	110	-1	0	94	101
E15_rep1_clone00057	-1	-1	-1	-1	-1	-1	-1	-1	-1	0	0	0	0	110	78	0	126
E15_rep1_clone00058	27	-1	26	-1	28	-1	22	-1	11	0	0	0	12	-1	11	-1	16
E15_rep1_clone00059	-1	-1	-1	-1	-1	-1	-1	-1	-1	41	45	0	59	-1	79	-1	110
E15_rep1_clone00060	-1	-1	-1	-1	-1	-1	-1	-1	-1	60	-1	77	-1	86	-1	66	-1
E15_rep1_clone00061	-1	-1	-1	-1	-1	-1	-1	-1	-1	0	60	151	0	138	-1	141	-1
E15_rep1_clone00062	4	6	-1	5	-1	6	-1	7	20	52	-1	68	-1	76	-1	58	-1
E15_rep1_clone00063	-1	-1	-1	-1	-1	-1	-1	-1	-1	66	60	151	87	138	-1	141	-1
E15_rep1_clone00064	-1	-1	-1	-1	-1	-1	-1	-1	-1	136	-1	152	-1	113	0	129	114
E15_rep1_clone00065	27	-1	26	-1	28	-1	22	-1	11	79	-1	93	-1	104	-1	86	-1
E15_rep1_clone00066	27	-1	26	-1	28	-1	22	-1	11	0	12	-1	30	-1	33	-1	91
E15_rep1_clone00067	-1	-1	-1	-1	-1	-1	-1	-1	-1	51	-1	67	-1	75	-1	57	65
E15_rep1_clone00068	28	2	3	-1	3	-1	1	36	17	52	-1	68	-1	76	-1	58	-1
E15_rep1_clone00069	-1	-1	-1	-1	-1	-1	-1	-1	-1	0	63	40	-1	45	-1	27	-1
E15_rep1_clone00070	-1	-1	-1	-1	-1	-1	-1	-1	-1	0	0	100	0	0	0	0	114
E15_rep1_clone00071	27	-1	26	-1	28	-1	22	-1	11	37	-1	56	-1	62	-1	44	55
E15_rep1_clone00072	27	-1	26	-1	28	-1	22	-1	11	0	36	-1	54	-1	56	-1	59
E15_rep1_clone00073	27	-1	26	-1	28	-1	22	-1	11	18	-1	22	-1	25	24	82	114
E15_rep1_clone00074	-1	-1	-1	-1	-1	-1	-1	-1	-1	0	0	102	-1	152	-1	151	-1
E15_rep1_clone00075	27	-1	26	-1	28	-1	22	-1	11	75	-1	89	-1	98	-1	79	-1
E15_rep1_clone00076	27	-1	26	-1	28	-1	22	-1	11	131	-1	147	120	154	-1	153	-1
E15_rep1_clone00077	27	-1	26	-1	28	-1	22	-1	11	141	12	-1	30	-1	33	-1	86
E15_rep1_clone00078	-1	-1	-1	-1	-1	-1	-1	-1	-1	0	0	50	-1	55	-1	37	-1
E15_rep1_clone00079	27	-1	26	-1	28	-1	22	-1	11	53	-1	69	-1	77	-1	59	-1
E15_rep1_clone00080	27	-1	26	-1	28	-1	22	-1	11	104	-1	121	119	134	64	126	71
E15_rep1_clone00081	27	-1	26	-1	28	-1	22	-1	11	0	13	-1	32	-1	35	-1	126
E15_rep1_clone00082	27	-1	26	-1	28	-1	22	-1	11	0	63	40	-1	45	-1	27	-1
E15_rep1_clone00083	27	-1	26	-1	28	-1	22	-1	11	0	0	0	0	0	0	12	-1
E15_rep1_clone00084	-1	-1	-1	-1	-1	-1	-1	-1	-1	113	-1	129	73	138	-1	141	-1
E15_rep1_clone00085	27	-1	26	-1	28	-1	22	-1	11	1	-1	2	-1	5	0	96	-1
E15_rep1_clone00086	27	-1	26	-1	28	-1	22	-1	11	40	-1	61	-1	67	-1	49	88
E15_rep1_clone00087	-1	-1	-1	-1	-1	-1	-1	-1	-1	82	48	34	-1	38	-1	22	126
E15_rep1_clone00088	-1	-1	-1	-1	-1	-1	-1	-1	-1	0	81	-1	90	120	-1	120	0
E15_rep1_clone00089	27	-1	26	-1	28	-1	22	-1	11	82	48	34	-1	38	-1	22	126
E15_rep1_clone00090	27	-1	26	-1	28	-1	22	-1	11	0	35	-1	53	-1	55	-1	58
E15_rep1_clone00091	27	-1	26	-1	28	-1	22	-1	11	0	74	-1	80	0	4	-1	4
E15_rep1_clone00092	-1	-1	-1	-1	-1	-1	-1	-1	-1	109	96	70	102	95	69	34	97
E15_rep1_clone00093	-1	-1	-1	-1	-1	-1	-1	-1	-1	140	0	114	-1	108	0	100	107
E15_rep1_clone00094	-1	-1	-1	-1	-1	-1	-1	-1	-1	0	11	-1	29	-1	32	100	114
E15_rep1_clone00095	-1	-1	-1	-1	-1	-1	-1	-1	-1	0	12	-1	30	-1	33	-1	126
E15_rep1_clone00096	-1	-1	-1	-1	-1	-1	-1	-1	-1	0	60	78	94	151	-1	150	-1
E15_rep1_clone00097	27	-1	26	-1	28	-1	22	-1	11	46	39	55	-1	61	-1	42	-1
E15_rep1_clone00098	27	-1	26	-1	28	-1	22	-1	11	61	65	-1	124	-1	105	-1	114
E15_rep1_clone00099	27	-1	26	-1	28	-1	22	-1	11	131	-1	147	3	-1	3	-1	3
E15_rep1_clone00100	-1	-1	-1	-1	-1	-1	-1	-1	-1	67	-1	83	-1	91	-1	72	-1
E15_rep1_clone00101	-1	-1	-1	-1	-1	-1	-1	-1	-1	0	36	-1	54	-1	56	-1	59
E15_rep1_clone00102	-1	-1	-1	-1	-1	-1	-1	-1	-1	0	0	101	-1	0	0	0	126
E15_rep1_clone00103	-1	-1	-1	-1	-1	-1	-1	-1	-1	0	0	0	51	138	-1	141	-1
E15_rep1_clone00104	-1	-1	-1	-1	-1	-1	-1	-1	-1	0	0	0	0	120	-1	120	116
E15_rep1_clone00105	27	-1	26	-1	28	-1	22	-1	11	58	-1	75	-1	84	-1	64	-1
E15_rep1_clone00106	27	-1	26	-1	28	-1	22	-1	11	0	81	-1	90	120	-1	120	0
E15_rep1_clone00107	27	-1	26	-1	28	-1	22	-1	11	0	0	102	-1	152	-1	151	-1
E15_rep1_clone00108	-1	-1	-1	-1	-1	-1	-1	-1	-1	34	-1	51	-1	56	-1	38	86
E15_rep1_clone00109	-1	-1	-1	-1	-1	-1	-1	-1	-1	40	-1	61	-1	67	-1	49	86
E15_rep1_clone00110	-1	-1	-1	-1	-1	-1	-1	-1	-1	74	-1	88	-1	97	-1	78	-1
E15_rep1_clone00111	-1	-1	-1	-1	-1	-1	-1	-1	-1	0	16	-1	35	-1	37	-1	0
E15_rep1_clone00112	-1	-1	-1	-1	-1	-1	-1	-1	-1	0	0	135	0	0	0	95	-1
E15_rep1_clone00113	-1	-1	-1	-1	-1	-1	-1	-1	-1	0	0	0	0	0	0	117	114
E15_rep1_clone00114	27	-1	26	-1	28	-1	22	-1	11	65	20	-1	39	-1	41	-1	39
E15_rep1_clone00115	-1	-1	-1	-1	-1	-1	-1	-1	-1	0	75	-1	83	140	-1	142	-1
E15_rep1_clone00116	-1	-1	-1	-1	-1	-1	-1	-1	-1	0	0	0	0	59	0	68	0
E15_rep1_clone00117	-1	-1	-1	-1	-1	-1	-1	-1	-1	0	0	0	0	152	-1	151	-1
E15_rep1_clone00118	0	21	27	0	5	17	5	35	18	-1	-1	-1	-1	-1	-1	-1	-1
E15_rep1_clone00119	-1	-1	-1	-1	-1	-1	-1	-1	-1	34	-1	51	-1	56	-1	38	0
E15_rep1_clone00120	-1	-1	-1	-1	-1	-1	-1	-1	-1	46	39	55	-1	61	-1	42	-1
E15_rep1_clone00121	-1	-1	-1	-1	-1	-1	-1	-1	-1	0	78	112	0	0	0	100	73
E15_rep1_clone00122	-1	-1	-1	-1	-1	-1	-1	-1	-1	0	92	-1	107	-1	0	95	-1
E15_rep1_clone00123	-1	-1	-1	-1	-1	-1	-1	-1	-1	0	0	131	-1	0	0	67	68
E15_rep1_clone00124	-1	-1	-1	-1	-1	-1	-1	-1	-1	0	0	0	121	120	-1	120	116
E15_rep1_clone00125	-1	-1	-1	-1	-1	-1	-1	-1	-1	0	0	0	0	0	0	0	17
E15_rep1_clone00126	10	-1	9	-1	12	-1	7	24	17	52	-1	68	-1	76	-1	58	-1
E15_rep1_clone00127	27	-1	26	-1	28	-1	22	-1	11	0	16	-1	35	-1	37	-1	0
E15_rep1_clone00128	27	-1	26	-1	28	-1	22	-1	11	0	60	78	94	151	-1	150	-1
E15_rep1_clone00129	27	-1	26	-1	28	-1	22	-1	11	0	93	-1	110	-1	0	94	101
E15_rep1_clone00130	27	-1	26	-1	28	-1	22	-1	11	0	0	97	68	1	-1	1	-1
E15_rep1_clone00131	-1	-1	-1	-1	-1	-1	-1	-1	-1	7	-1	9	-1	12	0	116	108
E15_rep1_clone00132	-1	-1	-1	-1	-1	-1	-1	-1	-1	126	0	0	0	0	0	12	-1
E15_rep1_clone00133	-1	-1	-1	-1	-1	-1	-1	-1	-1	142	-1	158	-1	155	0	0	0
E15_rep1_clone00134	-1	-1	-1	-1	-1	-1	-1	-1	-1	0	0	0	0	0	0	67	-1
E15_rep1_clone00135	15	-1	15	-1	18	-1	12	-1	2	52	-1	68	-1	76	-1	58	-1
E15_rep1_clone00136	25	6	-1	5	-1	6	-1	7	20	52	-1	68	-1	76	-1	58	-1
E15_rep1_clone00137	27	-1	26	-1	28	-1	22	-1	11	64	85	16	20	147	-1	148	75
E15_rep1_clone00138	27	-1	26	-1	28	-1	22	-1	11	109	96	70	102	95	69	34	97
E15_rep1_clone00139	27	-1	26	-1	28	-1	22	-1	11	140	0	114	-1	108	0	100	107
E15_rep1_clone00140	27	-1	26	-1	28	-1	22	-1	11	0	12	-1	30	-1	33	-1	86
E15_rep1_clone00141	27	-1	26	-1	28	-1	22	-1	11	0	25	-1	42	-1	45	-1	45
E15_rep1_clone00142	-1	-1	-1	-1	-1	-1	-1	-1	-1	4	60	32	-1	36	-1	20	-1
E15_rep1_clone00143	-1	-1	-1	-1	-1	-1	-1	-1	-1	65	20	-1	39	-1	41	-1	39
E15_rep1_clone00144	-1	-1	-1	-1	-1	-1	-1	-1	-1	113	-1	129	0	0	81	-1	111
E15_rep1_clone00145	-1	-1	-1	-1	-1	-1	-1	-1	-1	141	12	-1	30	-1	33	-1	86
E15_rep1_clone00146	-1	-1	-1	-1	-1	-1	-1	-1	-1	0	0	0	0	0	0	67	67
E15_rep1_clone00147	7	-1	6	-1	8	-1	27	-1	22	52	-1	68	-1	76	-1	58	-1
E15_rep1_clone00148	27	-1	26	-1	28	-1	22	-1	11	4	60	32	-1	36	-1	20	-1
E15_rep1_clone00149	27	-1	26	-1	28	-1	22	-1	11	20	-1	24	-1	27	27	15	86
E15_rep1_clone00150	27	-1	26	-1	28	-1	22	-1	11	72	-1	0	0	0	0	98	-1
E15_rep1_clone00151	27	-1	26	-1	28	-1	22	-1	11	111	29	-1	46	-1	49	-1	49
E15_rep1_clone00152	27	-1	26	-1	28	-1	22	-1	11	136	-1	152	-1	113	0	129	114
E15_rep1_clone00153	27	-1	26	-1	28	-1	22	-1	11	0	12	-1	30	-1	33	-1	44
E15_rep1_clone00154	27	-1	26	-1	28	-1	22	-1	11	0	60	151	0	138	-1	141	-1
E15_rep1_clone00155	27	-1	26	-1	28	-1	22	-1	11	0	75	-1	83	140	-1	142	-1
E15_rep1_clone00156	27	-1	26	-1	28	-1	22	-1	11	0	0	80	18	-1	17	-1	26
E15_rep1_clone00157	-1	-1	-1	-1	-1	-1	-1	-1	-1	6	-1	8	-1	11	0	92	79
E15_rep1_clone00158	-1	-1	-1	-1	-1	-1	-1	-1	-1	61	65	-1	124	-1	105	-1	114
E15_rep1_clone00159	-1	-1	-1	-1	-1	-1	-1	-1	-1	131	-1	147	3	-1	3	-1	3
E15_rep1_clone00160	-1	-1	-1	-1	-1	-1	-1	-1	-1	137	-1	154	-1	0	0	0	101
E15_rep1_clone00161	-1	-1	-1	-1	-1	-1	-1	-1	-1	140	64	-1	94	138	-1	141	-1
E15_rep1_clone00162	-1	-1	-1	-1	-1	-1	-1	-1	-1	0	54	-1	0	107	-1	0	93
E15_rep1_clone00163	-1	-1	-1	-1	-1	-1	-1	-1	-1	0	60	102	-1	0	0	130	126
E15_rep1_clone00164	-1	-1	-1	-1	-1	-1	-1	-1	-1	0	0	100	109	-1	98	-1	95
E15_rep1_clone00165	-1	-1	-1	-1	-1	-1	-1	-1	-1	0	0	0	101	-1	93	-1	114
E15_rep1_clone00166	-1	-1	-1	-1	-1	-1	-1	-1	-1	0	0	0	0	0	0	107	-1
E15_rep1_clone00167	27	-1	26	-1	28	-1	22	-1	11	0	19	-1	38	-1	40	-1	28
E15_rep1_clone00168	27	-1	26	-1	28	-1	22	-1	11	0	93	-1	110	-1	0	0	101
E15_rep1_clone00169	27	-1	26	-1	28	-1	22	-1	11	0	0	0	101	-1	93	-1	114
E15_rep1_clone00170	32	12	-1	11	-1	13	-1	13	-1	52	-1	68	-1	76	-1	58	-1
E15_rep1_clone00171	-1	-1	-1	-1	-1	-1	-1	-1	-1	59	-1	76	-1	85	-1	65	-1
E15_rep1_clone00172	-1	-1	-1	-1	-1	-1	-1	-1	-1	122	-1	137	0	0	0	0	0
E15_rep1_clone00173	-1	-1	-1	-1	-1	-1	-1	-1	-1	130	-1	146	98	8	-1	5	-1
E15_rep1_clone00174	-1	-1	-1	-1	-1	-1	-1	-1	-1	140	64	-1	0	138	-1	141	-1
E15_rep1_clone00175	-1	-1	-1	-1	-1	-1	-1	-1	-1	0	12	-1	30	-1	33	-1	44
E15_rep1_clone00176	-1	-1	-1	-1	-1	-1	-1	-1	-1	0	16	-1	35	-1	37	-1	129
E15_rep1_clone00177	-1	-1	-1	-1	-1	-1	-1	-1	-1	0	0	110	0	102	0	95	-1
E15_rep1_clone00178	-1	-1	-1	-1	-1	-1	-1	-1	-1	0	0	135	0	0	0	94	0
E15_rep1_clone00179	-1	-1	-1	-1	-1	-1	-1	-1	-1	0	0	0	0	89	0	0	17
E15_rep1_clone00180	5	-1	5	-1	6	28	-1	33	-1	52	-1	68	-1	76	-1	58	-1
E15_rep1_clone00181	12	-1	11	-1	14	-1	9	19	0	52	-1	68	-1	76	-1	58	-1
E15_rep1_clone00182	27	-1	26	-1	28	-1	22	-1	11	16	-1	19	-1	22	-1	101	99
E15_rep1_clone00183	27	-1	26	-1	28	-1	22	-1	11	61	65	-1	23	-1	22	-1	32
E15_rep1_clone00184	27	-1	26	-1	28	-1	22	-1	11	113	-1	129	73	138	-1	141	-1
E15_rep1_clone00185	27	-1	26	-1	28	-1	22	-1	11	0	11	-1	29	-1	32	100	114
E15_rep1_clone00186	27	-1	26	-1	28	-1	22	-1	11	0	60	151	72	152	-1	151	-1
E15_rep1_clone00187	-1	-1	-1	-1	-1	-1	-1	-1	-1	40	-1	61	-1	67	-1	49	88
E15_rep1_clone00188	-1	-1	-1	-1	-1	-1	-1	-1	-1	112	0	0	0	121	-1	121	102
E15_rep1_clone00189	-1	-1	-1	-1	-1	-1	-1	-1	-1	119	14	106	0	0	66	-1	114
E15_rep1_clone00190	-1	-1	-1	-1	-1	-1	-1	-1	-1	124	-1	141	0	0	0	100	86
E15_rep1_clone00191	-1	-1	-1	-1	-1	-1	-1	-1	-1	131	-1	147	120	154	-1	153	-1
E15_rep1_clone00192	-1	-1	-1	-1	-1	-1	-1	-1	-1	0	60	151	72	152	-1	151	-1
E15_rep1_clone00193	-1	-1	-1	-1	-1	-1	-1	-1	-1	0	74	-1	80	0	4	-1	4
E15_rep1_clone00194	-1	-1	-1	-1	-1	-1	-1	-1	-1	0	0	97	68	1	-1	1	-1
E15_rep1_clone00195	-1	-1	-1	-1	-1	-1	-1	-1	-1	0	0	100	0	0	0	129	114
E15_rep1_clone00196	-1	-1	-1	-1	-1	-1	-1	-1	-1	0	0	0	94	0	0	0	0
E15_rep1_clone00197	23	-1	23	-1	26	-1	20	-1	14	52	-1	68	-1	76	-1	58	-1
E15_rep1_clone00198	27	-1	26	-1	28	-1	22	-1	11	38	-1	57	-1	63	-1	45	29
E15_rep1_clone00199	27	-1	26	-1	28	-1	22	-1	11	41	38	-1	56	-1	58	-1	62
E15_rep1_clone00200	27	-1	26	-1	28	-1	22	-1	11	69	-1	85	-1	93	-1	74	-1
E15_rep1_clone00201	27	-1	26	-1	28	-1	22	-1	11	89	50	58	-1	64	-1	46	-1
E15_rep1_clone00202	27	-1	26	-1	28	-1	22	-1	11	138	-1	155	-1	0	0	106	-1
E15_rep1_clone00203	27	-1	26	-1	28	-1	22	-1	11	140	64	-1	94	138	-1	141	-1
E15_rep1_clone00204	27	-1	26	-1	28	-1	22	-1	11	0	10	-1	28	-1	31	-1	94
E15_rep1_clone00205	27	-1	26	-1	28	-1	22	-1	11	0	54	-1	0	123	-1	124	85
E15_rep1_clone00206	27	-1	26	-1	28	-1	22	-1	11	0	60	102	-1	0	0	130	126
E15_rep1_clone00207	27	-1	26	-1	28	-1	22	-1	11	0	70	39	-1	44	-1	26	-1
E15_rep1_clone00208	27	-1	26	-1	28	-1	22	-1	11	0	0	50	-1	55	-1	37	-1
E15_rep1_clone00209	27	-1	26	-1	28	-1	22	-1	11	0	0	135	0	0	0	0	78
E15_rep1_clone00210	-1	-1	-1	-1	-1	-1	-1	-1	-1	53	-1	69	-1	77	-1	59	-1
E15_rep1_clone00211	-1	-1	-1	-1	-1	-1	-1	-1	-1	58	-1	75	-1	84	-1	64	-1
E15_rep1_clone00212	-1	-1	-1	-1	-1	-1	-1	-1	-1	79	-1	93	-1	104	-1	86	-1
E15_rep1_clone00213	-1	-1	-1	-1	-1	-1	-1	-1	-1	80	32	-1	49	-1	52	-1	52
E15_rep1_clone00214	-1	-1	-1	-1	-1	-1	-1	-1	-1	137	-1	154	-1	120	-1	120	86
E15_rep1_clone00215	-1	-1	-1	-1	-1	-1	-1	-1	-1	0	25	-1	42	-1	45	-1	45
E15_rep1_clone00216	-1	-1	-1	-1	-1	-1	-1	-1	-1	0	74	-1	80	108	27	14	84
E15_rep1_clone00217	-1	-1	-1	-1	-1	-1	-1	-1	-1	0	0	100	0	0	0	0	73
E15_rep1_clone00218	15	-1	15	-1	18	-1	12	-1	9	52	-1	68	-1	76	-1	58	-1
E15_rep1_clone00219	17	-1	17	-1	20	-1	14	-1	14	52	-1	68	-1	76	-1	58	-1
E15_rep1_clone00220	27	-1	26	-1	28	-1	22	-1	11	6	-1	8	-1	11	0	92	79
E15_rep1_clone00221	27	-1	26	-1	28	-1	22	-1	11	120	60	4	-1	7	-1	4	69
E15_rep1_clone00222	27	-1	26	-1	28	-1	22	-1	11	132	-1	148	0	0	20	-1	31
E15_rep1_clone00223	27	-1	26	-1	28	-1	22	-1	11	145	0	46	-1	51	-1	33	-1
E15_rep1_clone00224	27	-1	26	-1	28	-1	22	-1	11	0	78	0	94	0	0	0	114
E15_rep1_clone00225	27	-1	26	-1	28	-1	22	-1	11	0	0	100	109	-1	98	-1	95
E15_rep1_clone00226	27	-1	26	-1	28	-1	22	-1	11	0	0	0	0	0	78	0	126
E15_rep1_clone00227	41	-1	32	0	36	-1	33	-1	14	52	-1	68	-1	76	-1	58	-1
E15_rep1_clone00228	-1	-1	-1	-1	-1	-1	-1	-1	-1	9	-1	11	-1	15	0	100	80
E15_rep1_clone00229	-1	-1	-1	-1	-1	-1	-1	-1	-1	38	-1	57	-1	63	-1	45	29
E15_rep1_clone00230	-1	-1	-1	-1	-1	-1	-1	-1	-1	71	60	102	-1	0	0	0	126
E15_rep1_clone00231	-1	-1	-1	-1	-1	-1	-1	-1	-1	94	0	0	122	-1	103	-1	0
E15_rep1_clone00232	-1	-1	-1	-1	-1	-1	-1	-1	-1	113	-1	129	87	124	-1	125	114
E15_rep1_clone00233	-1	-1	-1	-1	-1	-1	-1	-1	-1	0	52	4	-1	7	-1	4	69
E15_rep1_clone00234	-1	-1	-1	-1	-1	-1	-1	-1	-1	0	78	96	67	130	-1	135	0
E15_rep1_clone00235	-1	-1	-1	-1	-1	-1	-1	-1	-1	0	0	80	77	0	0	0	5
E15_rep1_clone00236	-1	-1	-1	-1	-1	-1	-1	-1	-1	0	0	127	0	110	78	10	126
E15_rep1_clone00237	-1	-1	-1	-1	-1	-1	-1	-1	-1	0	0	0	114	-1	101	-1	86
E15_rep1_clone00238	16	-1	16	-1	19	-1	13	-1	14	52	-1	68	-1	76	-1	58	-1
E15_rep1_clone00239	27	-1	26	-1	28	-1	22	-1	11	34	-1	51	-1	56	-1	38	0
E15_rep1_clone00240	27	-1	26	-1	28	-1	22	-1	11	38	-1	57	-1	63	-1	45	130
E15_rep1_clone00241	27	-1	26	-1	28	-1	22	-1	11	73	-1	87	-1	96	-1	77	-1
E15_rep1_clone00242	27	-1	26	-1	28	-1	22	-1	11	78	-1	92	-1	103	-1	85	-1
E15_rep1_clone00243	27	-1	26	-1	28	-1	22	-1	11	113	-1	129	108	-1	97	-1	86
E15_rep1_clone00244	27	-1	26	-1	28	-1	22	-1	11	132	-1	148	93	0	20	-1	31
E15_rep1_clone00245	27	-1	26	-1	28	-1	22	-1	11	137	-1	154	-1	0	0	0	101
E15_rep1_clone00246	27	-1	26	-1	28	-1	22	-1	11	140	64	-1	0	138	-1	141	-1
E15_rep1_clone00247	27	-1	26	-1	28	-1	22	-1	11	0	16	-1	35	-1	37	-1	129
E15_rep1_clone00248	27	-1	26	-1	28	-1	22	-1	11	0	74	-1	80	0	0	95	-1
E15_rep1_clone00249	27	-1	26	-1	28	-1	22	-1	11	0	83	145	-1	132	0	100	90
E15_rep1_clone00250	27	-1	26	-1	28	-1	22	-1	11	0	0	4	-1	7	-1	4	101
E15_rep1_clone00251	27	-1	26	-1	28	-1	22	-1	11	0	0	20	-1	23	-1	13	109
E15_rep1_clone00252	27	-1	26	-1	28	-1	22	-1	11	0	0	0	0	110	78	0	126
E15_rep1_clone00253	37	14	-1	13	-1	15	-1	15	-1	52	-1	68	-1	76	-1	58	-1
E15_rep1_clone00254	-1	-1	-1	-1	-1	-1	-1	-1	-1	18	-1	22	-1	25	24	82	114
E15_rep1_clone00255	-1	-1	-1	-1	-1	-1	-1	-1	-1	35	0	104	-1	0	0	0	0
E15_rep1_clone00256	-1	-1	-1	-1	-1	-1	-1	-1	-1	102	78	29	-1	33	-1	18	-1
E15_rep1_clone00257	-1	-1	-1	-1	-1	-1	-1	-1	-1	113	-1	129	0	19	18	122	-1
E15_rep1_clone00258	-1	-1	-1	-1	-1	-1	-1	-1	-1	140	92	-1	107	-1	0	95	-1
E15_rep1_clone00259	-1	-1	-1	-1	-1	-1	-1	-1	-1	0	74	-1	80	0	0	0	0
E15_rep1_clone00260	-1	-1	-1	-1	-1	-1	-1	-1	-1	0	83	145	-1	132	0	100	90
E15_rep1_clone00261	-1	-1	-1	-1	-1	-1	-1	-1	-1	0	0	0	0	0	0	0	126
E15_rep1_clone00262	25	11	-1	10	-1	12	-1	12	-1	52	-1	68	-1	76	-1	58	-1
E15_rep1_clone00263	27	-1	26	-1	28	-1	22	-1	11	9	-1	11	-1	15	0	100	80
E15_rep1_clone00264	27	-1	26	-1	28	-1	22	-1	11	24	-1	26	-1	30	-1	102	0
E15_rep1_clone00265	27	-1	26	-1	28	-1	22	-1	11	34	-1	51	-1	56	-1	38	86
E15_rep1_clone00266	27	-1	26	-1	28	-1	22	-1	11	113	-1	129	87	124	-1	125	114
E15_rep1_clone00267	27	-1	26	-1	28	-1	22	-1	11	113	-1	129	0	0	81	-1	111
E15_rep1_clone00268	27	-1	26	-1	28	-1	22	-1	11	135	0	0	0	0	0	0	0
E15_rep1_clone00269	27	-1	26	-1	28	-1	22	-1	11	140	92	-1	107	-1	0	95	-1
E15_rep1_clone00270	27	-1	26	-1	28	-1	22	-1	11	0	78	96	67	130	-1	135	0
E15_rep1_clone00271	27	-1	26	-1	28	-1	22	-1	11	0	0	39	-1	44	-1	26	-1
E15_rep1_clone00272	27	-1	26	-1	28	-1	22	-1	11	0	0	80	77	0	0	0	5
E15_rep1_clone00273	27	-1	26	-1	28	-1	22	-1	11	0	0	131	-1	0	0	67	68
E15_rep1_clone00274	27	-1	26	-1	28	-1	22	-1	11	0	0	0	0	120	-1	120	116
E15_rep1_clone00275	27	-1	26	-1	28	-1	22	-1	11	0	0	0	0	152	-1	151	-1
E15_rep1_clone00276	27	-1	26	-1	28	-1	22	-1	11	0	0	0	0	0	0	100	10
E15_rep1_clone00277	-1	-1	-1	-1	-1	-1	-1	-1	-1	1	-1	2	-1	5	0	95	-1
E15_rep1_clone00278	-1	-1	-1	-1	-1	-1	-1	-1	-1	41	38	-1	56	-1	58	-1	62
E15_rep1_clone00279	-1	-1	-1	-1	-1	-1	-1	-1	-1	61	65	-1	23	-1	22	-1	32
E15_rep1_clone00280	-1	-1	-1	-1	-1	-1	-1	-1	-1	75	-1	89	-1	98	-1	79	-1
E15_rep1_clone00281	-1	-1	-1	-1	-1	-1	-1	-1	-1	78	-1	92	-1	103	-1	85	-1
E15_rep1_clone00282	-1	-1	-1	-1	-1	-1	-1	-1	-1	0	9	-1	25	-1	28	-1	0
E15_rep1_clone00283	-1	-1	-1	-1	-1	-1	-1	-1	-1	0	70	39	-1	44	-1	26	-1
E15_rep1_clone00284	-1	-1	-1	-1	-1	-1	-1	-1	-1	0	82	-1	91	0	0	67	68
E15_rep1_clone00285	-1	-1	-1	-1	-1	-1	-1	-1	-1	0	0	0	87	0	0	0	2
E15_rep1_clone00286	-1	-1	-1	-1	-1	-1	-1	-1	-1	0	0	0	0	125	71	100	86
E15_rep1_clone00287	-1	-1	-1	-1	-1	-1	-1	-1	-1	0	0	0	0	125	71	100	0
E15_rep1_clone00288	6	7	-1	6	-1	7	-1	8	17	52	-1	68	-1	76	-1	58	-1
E15_rep1_clone00289	27	-1	26	-1	28	-1	22	-1	11	21	74	-1	80	79	-1	117	114
E15_rep1_clone00290	27	-1	26	-1	28	-1	22	-1	11	24	-1	26	-1	30	-1	103	86
E15_rep1_clone00291	27	-1	26	-1	28	-1	22	-1	11	66	60	151	87	138	-1	141	-1
E15_rep1_clone00292	27	-1	26	-1	28	-1	22	-1	11	113	-1	129	73	153	-1	152	-1
E15_rep1_clone00293	27	-1	26	-1	28	-1	22	-1	11	0	30	-1	47	-1	50	-1	50
E15_rep1_clone00294	27	-1	26	-1	28	-1	22	-1	11	0	52	4	-1	7	-1	4	69
E15_rep1_clone00295	27	-1	26	-1	28	-1	22	-1	11	0	78	112	0	0	0	100	73
E15_rep1_clone00296	27	-1	26	-1	28	-1	22	-1	11	0	78	0	0	0	0	0	73
E15_rep1_clone00297	27	-1	26	-1	28	-1	22	-1	11	0	0	101	-1	0	0	0	126
E15_rep1_clone00298	27	-1	26	-1	28	-1	22	-1	11	0	0	0	31	-1	34	-1	37
E15_rep1_clone00299	27	-1	26	-1	28	-1	22	-1	11	0	0	0	121	120	-1	120	116
E15_rep1_clone00300	-1	-1	-1	-1	-1	-1	-1	-1	-1	1	-1	2	-1	5	70	90	77
E15_rep1_clone00301	-1	-1	-1	-1	-1	-1	-1	-1	-1	24	-1	26	-1	30	-1	102	0
E15_rep1_clone00302	-1	-1	-1	-1	-1	-1	-1	-1	-1	28	-1	37	-1	42	-1	69	82
E15_rep1_clone00303	-1	-1	-1	-1	-1	-1	-1	-1	-1	33	-1	48	-1	53	-1	35	83
E15_rep1_clone00304	-1	-1	-1	-1	-1	-1	-1	-1	-1	101	74	-1	80	138	-1	141	-1
E15_rep1_clone00305	-1	-1	-1	-1	-1	-1	-1	-1	-1	112	60	0	0	121	-1	121	102
E15_rep1_clone00306	-1	-1	-1	-1	-1	-1	-1	-1	-1	118	88	14	-1	18	-1	9	86
E15_rep1_clone00307	-1	-1	-1	-1	-1	-1	-1	-1	-1	0	27	-1	44	-1	47	-1	47
E15_rep1_clone00308	-1	-1	-1	-1	-1	-1	-1	-1	-1	0	78	0	0	0	0	0	73
E15_rep1_clone00309	-1	-1	-1	-1	-1	-1	-1	-1	-1	0	0	4	-1	7	-1	4	0
E15_rep1_clone00310	-1	-1	-1	-1	-1	-1	-1	-1	-1	0	0	20	-1	23	-1	13	109
E15_rep1_clone00311	-1	-1	-1	-1	-1	-1	-1	-1	-1	0	0	80	18	-1	17	-1	26
E15_rep1_clone00312	-1	-1	-1	-1	-1	-1	-1	-1	-1	0	0	126	0	125	0	0	9
E15_rep1_clone00313	-1	-1	-1	-1	-1	-1	-1	-1	-1	0	0	135	0	143	-1	144	-1
E15_rep1_clone00314	-1	-1	-1	-1	-1	-1	-1	-1	-1	0	0	0	96	-1	88	137	54
E15_rep1_clone00315	0	21	27	0	5	17	5	35	18	52	-1	68	-1	76	-1	58	-1
E15_rep1_clone00316	23	-1	23	-1	26	-1	20	-1	35	52	-1	68	-1	76	-1	58	-1
E15_rep1_clone00317	27	-1	26	-1	28	-1	22	-1	11	1	-1	2	-1	5	70	90	77
E15_rep1_clone00318	27	-1	26	-1	28	-1	22	-1	11	96	19	-1	38	-1	40	-1	28
E15_rep1_clone00319	27	-1	26	-1	28	-1	22	-1	11	102	78	29	-1	33	-1	18	-1
E15_rep1_clone00320	27	-1	26	-1	28	-1	22	-1	11	121	-1	136	0	126	0	0	105
E15_rep1_clone00321	27	-1	26	-1	28	-1	22	-1	11	126	0	0	0	0	0	12	-1
E15_rep1_clone00322	27	-1	26	-1	28	-1	22	-1	11	136	-1	152	-1	0	0	107	-1
E15_rep1_clone00323	27	-1	26	-1	28	-1	22	-1	11	139	-1	156	-1	120	-1	120	86
E15_rep1_clone00324	27	-1	26	-1	28	-1	22	-1	11	142	-1	158	-1	155	0	119	-1
E15_rep1_clone00325	27	-1	26	-1	28	-1	22	-1	11	0	3	5	74	13	-1	7	-1
E15_rep1_clone00326	27	-1	26	-1	28	-1	22	-1	11	0	12	-1	30	-1	33	-1	90
E15_rep1_clone00327	27	-1	26	-1	28	-1	22	-1	11	0	12	-1	30	-1	33	-1	126
E15_rep1_clone00328	27	-1	26	-1	28	-1	22	-1	11	0	31	-1	48	-1	51	-1	51
E15_rep1_clone00329	27	-1	26	-1	28	-1	22	-1	11	0	82	-1	91	0	0	67	68
E15_rep1_clone00330	27	-1	26	-1	28	-1	22	-1	11	0	94	-1	111	-1	70	107	-1
E15_rep1_clone00331	27	-1	26	-1	28	-1	22	-1	11	0	0	4	-1	7	-1	4	0
E15_rep1_clone00332	27	-1	26	-1	28	-1	22	-1	11	0	0	100	94	138	-1	141	-1
E15_rep1_clone00333	27	-1	26	-1	28	-1	22	-1	11	0	0	100	0	0	0	129	114
E15_rep1_clone00334	27	-1	26	-1	28	-1	22	-1	11	0	0	100	0	0	0	0	73
E15_rep1_clone00335	27	-1	26	-1	28	-1	22	-1	11	0	0	0	51	138	-1	141	-1
E15_rep1_clone00336	27	-1	26	-1	28	-1	22	-1	11	0	0	0	0	0	0	117	114
E15_rep1_clone00337	31	4	-1	3	-1	4	-1	4	19	52	-1	68	-1	76	-1	58	-1
E15_rep1_clone00338	31	22	36	-1	35	23	-1	28	14	52	-1	68	-1	76	-1	58	-1
E15_rep1_clone00339	46	19	-1	16	29	26	-1	31	8	52	-1	68	-1	76	-1	58	-1
E15_rep1_clone00340	-1	-1	-1	-1	-1	-1	-1	-1	-1	10	-1	12	-1	16	0	69	126
E15_rep1_clone00341	-1	-1	-1	-1	-1	-1	-1	-1	-1	21	74	-1	80	79	-1	117	114
E15_rep1_clone00342	-1	-1	-1	-1	-1	-1	-1	-1	-1	37	-1	56	-1	62	-1	44	55
E15_rep1_clone00343	-1	-1	-1	-1	-1	-1	-1	-1	-1	38	-1	57	-1	63	-1	45	113
E15_rep1_clone00344	-1	-1	-1	-1	-1	-1	-1	-1	-1	38	-1	57	-1	63	-1	45	130
E15_rep1_clone00345	-1	-1	-1	-1	-1	-1	-1	-1	-1	86	49	42	-1	47	-1	29	92
E15_rep1_clone00346	-1	-1	-1	-1	-1	-1	-1	-1	-1	110	0	0	0	125	71	100	0
E15_rep1_clone00347	-1	-1	-1	-1	-1	-1	-1	-1	-1	120	60	4	-1	7	-1	4	69
E15_rep1_clone00348	-1	-1	-1	-1	-1	-1	-1	-1	-1	129	0	0	9	-1	8	-1	11
E15_rep1_clone00349	-1	-1	-1	-1	-1	-1	-1	-1	-1	138	-1	155	-1	0	0	111	126
E15_rep1_clone00350	-1	-1	-1	-1	-1	-1	-1	-1	-1	0	4	-1	11	-1	10	95	-1
E15_rep1_clone00351	-1	-1	-1	-1	-1	-1	-1	-1	-1	0	19	-1	38	-1	40	-1	28
E15_rep1_clone00352	-1	-1	-1	-1	-1	-1	-1	-1	-1	0	53	-1	3	-1	3	-1	3
E15_rep1_clone00353	-1	-1	-1	-1	-1	-1	-1	-1	-1	0	60	0	0	73	59	89	0
E15_rep1_clone00354	-1	-1	-1	-1	-1	-1	-1	-1	-1	0	60	0	0	0	0	0	17
E15_rep1_clone00355	-1	-1	-1	-1	-1	-1	-1	-1	-1	0	68	38	-1	43	-1	25	-1
E15_rep1_clone00356	-1	-1	-1	-1	-1	-1	-1	-1	-1	0	79	-1	88	87	89	-1	0
E15_rep1_clone00357	-1	-1	-1	-1	-1	-1	-1	-1	-1	0	91	-1	106	-1	0	0	0
E15_rep1_clone00358	-1	-1	-1	-1	-1	-1	-1	-1	-1	0	0	38	-1	43	-1	25	-1
E15_rep1_clone00359	-1	-1	-1	-1	-1	-1	-1	-1	-1	0	0	39	-1	44	-1	26	-1
E15_rep1_clone00360	-1	-1	-1	-1	-1	-1	-1	-1	-1	0	0	82	61	115	77	115	42
E15_rep1_clone00361	-1	-1	-1	-1	-1	-1	-1	-1	-1	0	0	114	-1	0	0	100	107
E15_rep1_clone00362	-1	-1	-1	-1	-1	-1	-1	-1	-1	0	0	0	75	-1	68	109	98
E15_rep1_clone00363	-1	-1	-1	-1	-1	-1	-1	-1	-1	0	0	0	123	-1	104	-1	129
E15_rep1_clone00364	-1	-1	-1	-1	-1	-1	-1	-1	-1	0	0	0	0	0	0	0	14
E15_rep1_clone00365	-1	-1	-1	-1	-1	-1	-1	-1	-1	0	0	0	0	0	0	0	18
E15_rep1_clone00366	8	3	-1	2	-1	2	-1	17	14	52	-1	68	-1	76	-1	58	-1
E15_rep1_clone00367	10	-1	9	-1	12	-1	7	1	14	52	-1	68	-1	76	-1	58	-1
E15_rep1_clone00368	13	-1	13	-1	16	-1	10	5	14	52	-1	68	-1	76	-1	58	-1
E15_rep1_clone00369	16	-1	16	-1	19	-1	13	-1	14	-1	-1	-1	-1	-1	-1	-1	-1
E15_rep1_clone00370	23	-1	23	-1	26	-1	20	-1	32	52	-1	68	-1	76	-1	58	-1
E15_rep1_clone00371	27	-1	26	-1	28	-1	22	-1	11	11	5	1	-1	2	-1	95	-1
E15_rep1_clone00372	27	-1	26	-1	28	-1	22	-1	11	38	-1	57	-1	63	-1	45	113
E15_rep1_clone00373	27	-1	26	-1	28	-1	22	-1	11	41	45	0	59	-1	79	-1	110
E15_rep1_clone00374	27	-1	26	-1	28	-1	22	-1	11	96	23	-1	40	-1	42	-1	40
E15_rep1_clone00375	27	-1	26	-1	28	-1	22	-1	11	96	60	120	-1	114	-1	113	96
E15_rep1_clone00376	27	-1	26	-1	28	-1	22	-1	11	105	-1	102	-1	109	79	-1	110
E15_rep1_clone00377	27	-1	26	-1	28	-1	22	-1	11	112	0	0	0	121	-1	121	102
E15_rep1_clone00378	27	-1	26	-1	28	-1	22	-1	11	113	-1	129	0	0	0	51	0
E15_rep1_clone00379	27	-1	26	-1	28	-1	22	-1	11	120	26	-1	43	-1	46	-1	46
E15_rep1_clone00380	27	-1	26	-1	28	-1	22	-1	11	120	0	0	0	102	0	95	-1
E15_rep1_clone00381	27	-1	26	-1	28	-1	22	-1	11	124	-1	141	0	0	0	100	86
E15_rep1_clone00382	27	-1	26	-1	28	-1	22	-1	11	125	-1	142	-1	137	-1	140	122
E15_rep1_clone00383	27	-1	26	-1	28	-1	22	-1	11	138	-1	155	-1	148	-1	149	-1
E15_rep1_clone00384	27	-1	26	-1	28	-1	22	-1	11	0	27	-1	44	-1	47	-1	47
E15_rep1_clone00385	27	-1	26	-1	28	-1	22	-1	11	0	53	-1	3	-1	3	-1	3
E15_rep1_clone00386	27	-1	26	-1	28	-1	22	-1	11	0	60	4	-1	7	-1	4	101
E15_rep1_clone00387	27	-1	26	-1	28	-1	22	-1	11	0	60	52	-1	57	-1	39	-1
E15_rep1_clone00388	27	-1	26	-1	28	-1	22	-1	11	0	67	53	-1	58	-1	40	-1
E15_rep1_clone00389	27	-1	26	-1	28	-1	22	-1	11	0	91	-1	106	-1	0	0	0
E15_rep1_clone00390	27	-1	26	-1	28	-1	22	-1	11	0	0	38	-1	43	-1	25	-1
E15_rep1_clone00391	27	-1	26	-1	28	-1	22	-1	11	0	0	100	0	0	0	0	114
E15_rep1_clone00392	27	-1	26	-1	28	-1	22	-1	11	0	0	102	-1	146	-1	147	-1
E15_rep1_clone00393	27	-1	26	-1	28	-1	22	-1	11	0	0	0	96	-1	88	137	54
E15_rep1_clone00394	27	-1	26	-1	28	-1	22	-1	11	0	0	0	114	-1	101	-1	86
E15_rep1_clone00395	27	-1	26	-1	28	-1	22	-1	11	0	0	0	0	59	0	68	0
E15_rep1_clone00396	27	-1	26	-1	28	-1	22	-1	11	0	0	0	0	89	0	0	17
E15_rep1_clone00397	27	-1	26	-1	28	-1	22	-1	11	0	0	0	0	0	0	68	6
E15_rep1_clone00398	29	-1	31	-1	32	22	-1	27	14	52	-1	68	-1	76	-1	58	-1
E15_rep1_clone00399	33	11	-1	10	-1	12	-1	12	-1	52	-1	68	-1	76	-1	58	-1
E15_rep1_clone00400	45	-1	35	0	7	-1	3	-1	3	52	-1	68	-1	76	-1	58	-1
E15_rep1_clone00401	-1	-1	-1	-1	-1	-1	-1	-1	-1	11	5	1	-1	2	-1	95	-1
E15_rep1_clone00402	-1	-1	-1	-1	-1	-1	-1	-1	-1	19	-1	23	-1	26	25	114	-1
E15_rep1_clone00403	-1	-1	-1	-1	-1	-1	-1	-1	-1	24	-1	26	-1	30	-1	103	86
E15_rep1_clone00404	-1	-1	-1	-1	-1	-1	-1	-1	-1	25	-1	28	-1	32	-1	69	101
E15_rep1_clone00405	-1	-1	-1	-1	-1	-1	-1	-1	-1	38	-1	57	-1	63	-1	45	115
E15_rep1_clone00406	-1	-1	-1	-1	-1	-1	-1	-1	-1	64	63	35	-1	39	-1	23	-1
E15_rep1_clone00407	-1	-1	-1	-1	-1	-1	-1	-1	-1	88	-1	20	-1	23	-1	13	109
E15_rep1_clone00408	-1	-1	-1	-1	-1	-1	-1	-1	-1	90	-1	46	-1	51	-1	33	-1
E15_rep1_clone00409	-1	-1	-1	-1	-1	-1	-1	-1	-1	94	12	-1	30	-1	33	-1	86
E15_rep1_clone00410	-1	-1	-1	-1	-1	-1	-1	-1	-1	96	0	54	86	101	0	0	86
E15_rep1_clone00411	-1	-1	-1	-1	-1	-1	-1	-1	-1	105	-1	102	-1	109	79	-1	110
E15_rep1_clone00412	-1	-1	-1	-1	-1	-1	-1	-1	-1	106	-1	122	65	40	0	138	126
E15_rep1_clone00413	-1	-1	-1	-1	-1	-1	-1	-1	-1	113	-1	129	73	153	-1	152	-1
E15_rep1_clone00414	-1	-1	-1	-1	-1	-1	-1	-1	-1	113	-1	129	0	0	0	51	0
E15_rep1_clone00415	-1	-1	-1	-1	-1	-1	-1	-1	-1	132	-1	148	0	0	20	-1	31
E15_rep1_clone00416	-1	-1	-1	-1	-1	-1	-1	-1	-1	135	0	0	0	0	0	0	0
E15_rep1_clone00417	-1	-1	-1	-1	-1	-1	-1	-1	-1	142	-1	158	-1	155	0	119	-1
E15_rep1_clone00418	-1	-1	-1	-1	-1	-1	-1	-1	-1	145	0	46	-1	51	-1	33	-1
E15_rep1_clone00419	-1	-1	-1	-1	-1	-1	-1	-1	-1	0	34	-1	52	-1	54	-1	57
E15_rep1_clone00420	-1	-1	-1	-1	-1	-1	-1	-1	-1	0	45	135	0	0	0	94	0
E15_rep1_clone00421	-1	-1	-1	-1	-1	-1	-1	-1	-1	0	62	0	81	-1	0	128	0
E15_rep1_clone00422	-1	-1	-1	-1	-1	-1	-1	-1	-1	0	75	-1	83	145	-1	146	-1
E15_rep1_clone00423	-1	-1	-1	-1	-1	-1	-1	-1	-1	0	94	-1	111	-1	70	107	-1
E15_rep1_clone00424	-1	-1	-1	-1	-1	-1	-1	-1	-1	0	97	0	95	143	-1	144	-1
E15_rep1_clone00425	-1	-1	-1	-1	-1	-1	-1	-1	-1	0	97	0	0	143	-1	144	-1
E15_rep1_clone00426	-1	-1	-1	-1	-1	-1	-1	-1	-1	0	0	81	8	-1	7	-1	0
E15_rep1_clone00427	-1	-1	-1	-1	-1	-1	-1	-1	-1	0	0	100	94	138	-1	141	-1
E15_rep1_clone00428	-1	-1	-1	-1	-1	-1	-1	-1	-1	0	0	0	31	-1	34	-1	37
E15_rep1_clone00429	-1	-1	-1	-1	-1	-1	-1	-1	-1	0	0	0	0	0	0	100	126
E15_rep1_clone00430	-1	-1	-1	-1	-1	-1	-1	-1	-1	0	0	0	0	0	0	105	-1
E15_rep1_clone00431	-1	-1	-1	-1	-1	-1	-1	-1	-1	0	0	0	0	0	0	0	21
E15_rep1_clone00432	1	-1	1	-1	1	22	-1	27	17	52	-1	68	-1	76	-1	58	-1
E15_rep1_clone00433	3	16	25	0	10	3	29	-1	15	52	-1	68	-1	76	-1	58	-1
E15_rep1_clone00434	3	16	25	0	10	3	29	-1	21	52	-1	68	-1	76	-1	58	-1
E15_rep1_clone00435	3	16	25	0	10	3	29	-1	33	52	-1	68	-1	76	-1	58	-1
E15_rep1_clone00436	4	6	-1	5	-1	6	-1	7	20	-1	-1	-1	-1	-1	-1	-1	-1
E15_rep1_clone00437	9	1	-1	1	-1	1	30	-1	25	52	-1	68	-1	76	-1	58	-1
E15_rep1_clone00438	10	-1	9	-1	12	-1	7	24	21	52	-1	68	-1	76	-1	58	-1
E15_rep1_clone00439	12	-1	11	-1	14	-1	9	19	20	52	-1	68	-1	76	-1	58	-1
E15_rep1_clone00440	15	-1	15	-1	18	-1	12	-1	20	52	-1	68	-1	76	-1	58	-1
E15_rep1_clone00441	19	-1	19	-1	22	-1	16	-1	30	52	-1	68	-1	76	-1	58	-1
E15_rep1_clone00442	20	-1	20	-1	23	-1	17	-1	28	52	-1	68	-1	76	-1	58	-1
E15_rep1_clone00443	27	-1	26	-1	28	-1	22	-1	11	7	-1	9	-1	12	0	116	108
E15_rep1_clone00444	27	-1	26	-1	28	-1	22	-1	11	12	19	-1	38	-1	40	-1	126
E15_rep1_clone00445	27	-1	26	-1	28	-1	22	-1	11	12	54	-1	0	123	-1	124	85
E15_rep1_clone00446	27	-1	26	-1	28	-1	22	-1	11	28	-1	37	-1	42	-1	69	82
E15_rep1_clone00447	27	-1	26	-1	28	-1	22	-1	11	35	0	104	-1	0	0	0	0
E15_rep1_clone00448	27	-1	26	-1	28	-1	22	-1	11	39	-1	59	-1	65	-1	47	0
E15_rep1_clone00449	27	-1	26	-1	28	-1	22	-1	11	54	-1	71	-1	80	-1	60	-1
E15_rep1_clone00450	27	-1	26	-1	28	-1	22	-1	11	63	0	49	-1	54	-1	36	-1
E15_rep1_clone00451	27	-1	26	-1	28	-1	22	-1	11	80	32	-1	49	-1	52	-1	52
E15_rep1_clone00452	27	-1	26	-1	28	-1	22	-1	11	88	-1	20	-1	23	-1	13	109
E15_rep1_clone00453	27	-1	26	-1	28	-1	22	-1	11	94	12	-1	30	-1	33	-1	38
E15_rep1_clone00454	27	-1	26	-1	28	-1	22	-1	11	94	0	0	122	-1	103	-1	0
E15_rep1_clone00455	27	-1	26	-1	28	-1	22	-1	11	96	12	-1	30	-1	33	-1	86
E15_rep1_clone00456	27	-1	26	-1	28	-1	22	-1	11	96	26	-1	43	-1	46	-1	46
E15_rep1_clone00457	27	-1	26	-1	28	-1	22	-1	11	101	7	-1	22	-1	21	119	-1
E15_rep1_clone00458	27	-1	26	-1	28	-1	22	-1	11	101	74	-1	80	138	-1	141	-1
E15_rep1_clone00459	27	-1	26	-1	28	-1	22	-1	11	104	-1	121	116	28	67	76	70
E15_rep1_clone00460	27	-1	26	-1	28	-1	22	-1	11	122	-1	137	0	0	0	0	0
E15_rep1_clone00461	27	-1	26	-1	28	-1	22	-1	11	123	-1	139	3	-1	3	-1	3
E15_rep1_clone00462	27	-1	26	-1	28	-1	22	-1	11	127	45	104	-1	120	-1	120	115
E15_rep1_clone00463	27	-1	26	-1	28	-1	22	-1	11	128	26	-1	43	-1	46	-1	46
E15_rep1_clone00464	27	-1	26	-1	28	-1	22	-1	11	137	-1	154	-1	120	-1	120	86
E15_rep1_clone00465	27	-1	26	-1	28	-1	22	-1	11	0	4	-1	11	-1	10	95	-1
E15_rep1_clone00466	27	-1	26	-1	28	-1	22	-1	11	0	54	-1	0	107	-1	0	93
E15_rep1_clone00467	27	-1	26	-1	28	-1	22	-1	11	0	60	102	-1	0	0	0	126
E15_rep1_clone00468	27	-1	26	-1	28	-1	22	-1	11	0	60	140	-1	129	85	-1	117
E15_rep1_clone00469	27	-1	26	-1	28	-1	22	-1	11	0	74	-1	80	0	0	0	0
E15_rep1_clone00470	27	-1	26	-1	28	-1	22	-1	11	0	92	-1	107	-1	0	95	-1
E15_rep1_clone00471	27	-1	26	-1	28	-1	22	-1	11	0	0	135	0	0	0	94	0
E15_rep1_clone00472	27	-1	26	-1	28	-1	22	-1	11	0	0	0	94	0	0	117	114
E15_rep1_clone00473	27	-1	26	-1	28	-1	22	-1	11	0	0	0	0	125	71	100	86
E15_rep1_clone00474	27	-1	26	-1	28	-1	22	-1	11	0	0	0	0	0	0	67	-1
E15_rep1_clone00475	31	4	-1	3	-1	4	-1	4	14	-1	-1	-1	-1	-1	-1	-1	-1
E15_rep1_clone00476	47	9	-1	8	-1	10	-1	10	14	52	-1	68	-1	76	-1	58	-1
E15_rep1_clone00477	-1	-1	-1	-1	-1	-1	-1	-1	-1	1	-1	2	-1	5	26	100	81
E15_rep1_clone00478	-1	-1	-1	-1	-1	-1	-1	-1	-1	12	19	-1	38	-1	40	-1	126
E15_rep1_clone00479	-1	-1	-1	-1	-1	-1	-1	-1	-1	15	-1	18	-1	21	0	95	-1
E15_rep1_clone00480	-1	-1	-1	-1	-1	-1	-1	-1	-1	44	-1	64	-1	71	-1	53	72
E15_rep1_clone00481	-1	-1	-1	-1	-1	-1	-1	-1	-1	68	-1	84	-1	92	-1	73	-1
E15_rep1_clone00482	-1	-1	-1	-1	-1	-1	-1	-1	-1	70	-1	86	-1	94	-1	75	-1
E15_rep1_clone00483	-1	-1	-1	-1	-1	-1	-1	-1	-1	76	-1	90	-1	99	-1	80	-1
E15_rep1_clone00484	-1	-1	-1	-1	-1	-1	-1	-1	-1	77	-1	91	-1	100	-1	81	-1
E15_rep1_clone00485	-1	-1	-1	-1	-1	-1	-1	-1	-1	85	0	41	-1	46	-1	28	-1
E15_rep1_clone00486	-1	-1	-1	-1	-1	-1	-1	-1	-1	87	-1	62	-1	68	-1	50	-1
E15_rep1_clone00487	-1	-1	-1	-1	-1	-1	-1	-1	-1	94	0	0	122	-1	103	-1	121
E15_rep1_clone00488	-1	-1	-1	-1	-1	-1	-1	-1	-1	96	23	-1	40	-1	42	-1	40
E15_rep1_clone00489	-1	-1	-1	-1	-1	-1	-1	-1	-1	96	47	0	3	-1	3	-1	3
E15_rep1_clone00490	-1	-1	-1	-1	-1	-1	-1	-1	-1	96	57	-1	94	114	-1	113	96
E15_rep1_clone00491	-1	-1	-1	-1	-1	-1	-1	-1	-1	96	60	120	-1	114	-1	113	96
E15_rep1_clone00492	-1	-1	-1	-1	-1	-1	-1	-1	-1	106	-1	122	65	40	65	138	126
E15_rep1_clone00493	-1	-1	-1	-1	-1	-1	-1	-1	-1	111	29	-1	46	-1	49	-1	49
E15_rep1_clone00494	-1	-1	-1	-1	-1	-1	-1	-1	-1	113	-1	129	24	-1	0	100	0
E15_rep1_clone00495	-1	-1	-1	-1	-1	-1	-1	-1	-1	118	61	0	0	0	0	0	17
E15_rep1_clone00496	-1	-1	-1	-1	-1	-1	-1	-1	-1	120	26	-1	43	-1	46	-1	46
E15_rep1_clone00497	-1	-1	-1	-1	-1	-1	-1	-1	-1	120	0	0	0	102	0	95	-1
E15_rep1_clone00498	-1	-1	-1	-1	-1	-1	-1	-1	-1	127	45	104	-1	120	-1	120	115
E15_rep1_clone00499	-1	-1	-1	-1	-1	-1	-1	-1	-1	132	-1	148	93	0	20	-1	31
E15_rep1_clone00500	-1	-1	-1	-1	-1	-1	-1	-1	-1	136	-1	152	-1	122	-1	123	44
E15_rep1_clone00501	-1	-1	-1	-1	-1	-1	-1	-1	-1	136	-1	152	-1	0	0	107	-1
E15_rep1_clone00502	-1	-1	-1	-1	-1	-1	-1	-1	-1	138	-1	155	-1	148	-1	149	-1
E15_rep1_clone00503	-1	-1	-1	-1	-1	-1	-1	-1	-1	140	60	140	-1	129	85	-1	117
E15_rep1_clone00504	-1	-1	-1	-1	-1	-1	-1	-1	-1	0	3	5	74	13	-1	7	-1
E15_rep1_clone00505	-1	-1	-1	-1	-1	-1	-1	-1	-1	0	6	4	-1	7	-1	4	101
E15_rep1_clone00506	-1	-1	-1	-1	-1	-1	-1	-1	-1	0	31	-1	48	-1	51	-1	51
E15_rep1_clone00507	-1	-1	-1	-1	-1	-1	-1	-1	-1	0	60	102	-1	0	0	0	126
E15_rep1_clone00508	-1	-1	-1	-1	-1	-1	-1	-1	-1	0	67	53	-1	58	-1	40	-1
E15_rep1_clone00509	-1	-1	-1	-1	-1	-1	-1	-1	-1	0	77	-1	85	136	-1	139	-1
E15_rep1_clone00510	-1	-1	-1	-1	-1	-1	-1	-1	-1	0	78	15	19	8	-1	5	-1
E15_rep1_clone00511	-1	-1	-1	-1	-1	-1	-1	-1	-1	0	78	101	69	0	0	0	114
E15_rep1_clone00512	-1	-1	-1	-1	-1	-1	-1	-1	-1	0	0	4	-1	7	-1	4	101
E15_rep1_clone00513	-1	-1	-1	-1	-1	-1	-1	-1	-1	0	0	7	-1	10	-1	6	0
E15_rep1_clone00514	-1	-1	-1	-1	-1	-1	-1	-1	-1	0	0	80	77	0	0	70	2
E15_rep1_clone00515	-1	-1	-1	-1	-1	-1	-1	-1	-1	0	0	112	114	-1	101	-1	114
E15_rep1_clone00516	-1	-1	-1	-1	-1	-1	-1	-1	-1	0	0	116	0	0	0	100	126
E15_rep1_clone00517	-1	-1	-1	-1	-1	-1	-1	-1	-1	0	0	128	-1	119	0	0	0
E15_rep1_clone00518	-1	-1	-1	-1	-1	-1	-1	-1	-1	0	0	149	-1	133	-1	100	0
E15_rep1_clone00519	-1	-1	-1	-1	-1	-1	-1	-1	-1	0	0	157	0	150	99	-1	127
E15_rep1_clone00520	-1	-1	-1	-1	-1	-1	-1	-1	-1	0	0	0	72	0	0	0	10
E15_rep1_clone00521	-1	-1	-1	-1	-1	-1	-1	-1	-1	0	0	0	94	0	0	100	0
E15_rep1_clone00522	-1	-1	-1	-1	-1	-1	-1	-1	-1	0	0	0	94	0	0	117	114
E15_rep1_clone00523	-1	-1	-1	-1	-1	-1	-1	-1	-1	0	0	0	94	0	0	0	86
E15_rep1_clone00524	-1	-1	-1	-1	-1	-1	-1	-1	-1	0	0	0	0	131	0	0	0
E15_rep1_clone00525	2	-1	2	-1	2	19	31	-1	26	52	-1	68	-1	76	-1	58	-1
E15_rep1_clone00526	3	16	25	0	10	3	29	-1	17	52	-1	68	-1	76	-1	58	-1
E15_rep1_clone00527	4	6	-1	5	-1	6	-1	7	20	0	0	0	0	0	0	0	15
E15_rep1_clone00528	6	5	-1	4	-1	5	-1	6	17	52	-1	68	-1	76	-1	58	-1
E15_rep1_clone00529	7	-1	6	-1	8	-1	25	22	-1	52	-1	68	-1	76	-1	58	-1
E15_rep1_clone00530	10	-1	9	-1	12	-1	7	2	5	52	-1	68	-1	76	-1	58	-1
E15_rep1_clone00531	10	-1	9	-1	12	-1	7	23	14	52	-1	68	-1	76	-1	58	-1
E15_rep1_clone00532	10	-1	9	-1	12	-1	7	32	20	52	-1	68	-1	76	-1	58	-1
E15_rep1_clone00533	11	-1	10	-1	13	-1	8	24	17	52	-1	68	-1	76	-1	58	-1
E15_rep1_clone00534	15	-1	15	-1	18	-1	12	-1	9	-1	-1	-1	-1	-1	-1	-1	-1
E15_rep1_clone00535	17	-1	17	-1	20	-1	14	-1	34	52	-1	68	-1	76	-1	58	-1
E15_rep1_clone00536	24	-1	24	-1	27	-1	21	-1	14	52	-1	68	-1	76	-1	58	-1
E15_rep1_clone00537	25	6	-1	5	-1	6	-1	7	20	-1	-1	-1	-1	-1	-1	-1	-1
E15_rep1_clone00538	27	-1	26	-1	28	-1	22	-1	11	1	-1	2	-1	5	65	138	86
E15_rep1_clone00539	27	-1	26	-1	28	-1	22	-1	11	5	-1	6	-1	9	0	106	-1
E15_rep1_clone00540	27	-1	26	-1	28	-1	22	-1	11	24	-1	26	-1	30	-1	0	0
E15_rep1_clone00541	27	-1	26	-1	28	-1	22	-1	11	35	8	13	-1	17	-1	8	28
E15_rep1_clone00542	27	-1	26	-1	28	-1	22	-1	11	44	-1	64	-1	71	-1	53	72
E15_rep1_clone00543	27	-1	26	-1	28	-1	22	-1	11	45	-1	65	-1	72	-1	54	61
E15_rep1_clone00544	27	-1	26	-1	28	-1	22	-1	11	49	0	4	-1	7	-1	4	106
E15_rep1_clone00545	27	-1	26	-1	28	-1	22	-1	11	68	-1	84	-1	92	-1	73	-1
E15_rep1_clone00546	27	-1	26	-1	28	-1	22	-1	11	76	-1	90	-1	99	-1	80	-1
E15_rep1_clone00547	27	-1	26	-1	28	-1	22	-1	11	84	-1	95	-1	106	-1	88	-1
E15_rep1_clone00548	27	-1	26	-1	28	-1	22	-1	11	86	49	42	-1	47	-1	29	92
E15_rep1_clone00549	27	-1	26	-1	28	-1	22	-1	11	94	0	0	122	-1	103	-1	121
E15_rep1_clone00550	27	-1	26	-1	28	-1	22	-1	11	99	-1	29	-1	33	-1	18	-1
E15_rep1_clone00551	27	-1	26	-1	28	-1	22	-1	11	103	87	-1	99	111	5	83	89
E15_rep1_clone00552	27	-1	26	-1	28	-1	22	-1	11	104	-1	121	117	60	83	110	70
E15_rep1_clone00553	27	-1	26	-1	28	-1	22	-1	11	107	69	123	17	-1	16	-1	25
E15_rep1_clone00554	27	-1	26	-1	28	-1	22	-1	11	112	2	0	0	121	-1	121	102
E15_rep1_clone00555	27	-1	26	-1	28	-1	22	-1	11	113	-1	129	15	-1	14	-1	23
E15_rep1_clone00556	27	-1	26	-1	28	-1	22	-1	11	113	-1	129	24	-1	0	100	126
E15_rep1_clone00557	27	-1	26	-1	28	-1	22	-1	11	113	-1	129	24	-1	0	100	0
E15_rep1_clone00558	27	-1	26	-1	28	-1	22	-1	11	113	-1	129	0	113	0	95	-1
E15_rep1_clone00559	27	-1	26	-1	28	-1	22	-1	11	116	64	-1	14	-1	13	-1	22
E15_rep1_clone00560	27	-1	26	-1	28	-1	22	-1	11	119	1	-1	1	-1	1	95	-1
E15_rep1_clone00561	27	-1	26	-1	28	-1	22	-1	11	119	14	106	0	0	66	-1	114
E15_rep1_clone00562	27	-1	26	-1	28	-1	22	-1	11	120	14	7	-1	10	-1	6	101
E15_rep1_clone00563	27	-1	26	-1	28	-1	22	-1	11	134	15	-1	34	-1	36	95	-1
E15_rep1_clone00564	27	-1	26	-1	28	-1	22	-1	11	140	60	140	-1	129	85	-1	117
E15_rep1_clone00565	27	-1	26	-1	28	-1	22	-1	11	0	6	4	-1	7	-1	4	101
E15_rep1_clone00566	27	-1	26	-1	28	-1	22	-1	11	0	9	-1	25	-1	28	-1	0
E15_rep1_clone00567	27	-1	26	-1	28	-1	22	-1	11	0	28	-1	45	-1	48	-1	48
E15_rep1_clone00568	27	-1	26	-1	28	-1	22	-1	11	0	42	0	3	-1	3	-1	3
E15_rep1_clone00569	27	-1	26	-1	28	-1	22	-1	11	0	45	135	9	-1	8	-1	11
E15_rep1_clone00570	27	-1	26	-1	28	-1	22	-1	11	0	57	-1	3	-1	3	-1	3
E15_rep1_clone00571	27	-1	26	-1	28	-1	22	-1	11	0	60	0	16	-1	15	-1	24
E15_rep1_clone00572	27	-1	26	-1	28	-1	22	-1	11	0	60	0	0	73	59	89	0
E15_rep1_clone00573	27	-1	26	-1	28	-1	22	-1	11	0	60	0	0	0	0	0	17
E15_rep1_clone00574	27	-1	26	-1	28	-1	22	-1	11	0	62	0	81	-1	0	128	0
E15_rep1_clone00575	27	-1	26	-1	28	-1	22	-1	11	0	68	38	-1	43	-1	25	-1
E15_rep1_clone00576	27	-1	26	-1	28	-1	22	-1	11	0	77	-1	85	136	-1	139	-1
E15_rep1_clone00577	27	-1	26	-1	28	-1	22	-1	11	0	78	101	69	0	0	0	114
E15_rep1_clone00578	27	-1	26	-1	28	-1	22	-1	11	0	0	81	8	-1	7	-1	0
E15_rep1_clone00579	27	-1	26	-1	28	-1	22	-1	11	0	0	82	61	115	77	115	42
E15_rep1_clone00580	27	-1	26	-1	28	-1	22	-1	11	0	0	114	-1	0	0	100	107
E15_rep1_clone00581	27	-1	26	-1	28	-1	22	-1	11	0	0	127	0	110	78	10	126
E15_rep1_clone00582	27	-1	26	-1	28	-1	22	-1	11	0	0	149	-1	133	-1	100	0
E15_rep1_clone00583	27	-1	26	-1	28	-1	22	-1	11	0	0	0	33	0	0	108	-1
E15_rep1_clone00584	27	-1	26	-1	28	-1	22	-1	11	0	0	0	81	-1	0	100	86
E15_rep1_clone00585	27	-1	26	-1	28	-1	22	-1	11	0	0	0	94	0	0	0	86
E15_rep1_clone00586	27	-1	26	-1	28	-1	22	-1	11	0	0	0	114	-1	101	-1	114
E15_rep1_clone00587	27	-1	26	-1	28	-1	22	-1	11	0	0	0	0	125	71	100	0
E15_rep1_clone00588	27	-1	26	-1	28	-1	22	-1	11	0	0	0	0	131	0	0	0
E15_rep1_clone00589	27	-1	26	-1	28	-1	22	-1	11	0	0	0	0	0	0	67	67
E15_rep1_clone00590	27	-1	26	-1	28	-1	22	-1	11	0	0	0	0	0	0	107	-1
E15_rep1_clone00591	27	-1	26	-1	28	-1	22	-1	11	0	0	0	0	0	0	0	17
E15_rep1_clone00592	29	-1	4	-1	4	-1	2	0	0	52	-1	68	-1	76	-1	58	-1
E15_rep1_clone00593	32	13	-1	12	-1	14	-1	14	-1	52	-1	68	-1	76	-1	58	-1
E15_rep1_clone00594	34	-1	12	0	37	21	-1	25	14	52	-1	68	-1	76	-1	58	-1
E15_rep1_clone00595	35	19	-1	0	34	-1	32	38	10	52	-1	68	-1	76	-1	58	-1
E15_rep1_clone00596	38	15	-1	14	-1	16	-1	16	-1	52	-1	68	-1	76	-1	58	-1
E15_rep1_clone00597	40	-1	30	0	36	-1	33	-1	17	52	-1	68	-1	76	-1	58	-1
E15_rep1_clone00598	42	7	-1	6	-1	7	-1	8	24	52	-1	68	-1	76	-1	58	-1
E15_rep1_clone00599	46	7	-1	6	-1	7	-1	8	7	52	-1	68	-1	76	-1	58	-1
E15_rep1_clone00600	47	9	-1	8	-1	10	-1	10	14	-1	-1	-1	-1	-1	-1	-1	-1
E15_rep1_clone00601	-1	-1	-1	-1	-1	-1	-1	-1	-1	5	-1	6	-1	9	71	106	-1
E15_rep1_clone00602	-1	-1	-1	-1	-1	-1	-1	-1	-1	5	-1	6	-1	9	0	106	-1
E15_rep1_clone00603	-1	-1	-1	-1	-1	-1	-1	-1	-1	9	-1	11	-1	15	0	0	80
E15_rep1_clone00604	-1	-1	-1	-1	-1	-1	-1	-1	-1	17	-1	21	-1	24	23	134	-1
E15_rep1_clone00605	-1	-1	-1	-1	-1	-1	-1	-1	-1	23	60	43	-1	48	-1	30	-1
E15_rep1_clone00606	-1	-1	-1	-1	-1	-1	-1	-1	-1	38	-1	57	-1	63	-1	45	38
E15_rep1_clone00607	-1	-1	-1	-1	-1	-1	-1	-1	-1	38	-1	57	-1	63	-1	45	101
E15_rep1_clone00608	-1	-1	-1	-1	-1	-1	-1	-1	-1	39	-1	59	-1	65	-1	47	0
E15_rep1_clone00609	-1	-1	-1	-1	-1	-1	-1	-1	-1	71	74	-1	80	120	-1	120	108
E15_rep1_clone00610	-1	-1	-1	-1	-1	-1	-1	-1	-1	72	-1	0	0	138	-1	141	-1
E15_rep1_clone00611	-1	-1	-1	-1	-1	-1	-1	-1	-1	73	-1	87	-1	96	-1	77	-1
E15_rep1_clone00612	-1	-1	-1	-1	-1	-1	-1	-1	-1	89	50	58	-1	64	-1	46	-1
E15_rep1_clone00613	-1	-1	-1	-1	-1	-1	-1	-1	-1	93	74	-1	80	138	-1	141	-1
E15_rep1_clone00614	-1	-1	-1	-1	-1	-1	-1	-1	-1	96	19	-1	38	-1	40	-1	28
E15_rep1_clone00615	-1	-1	-1	-1	-1	-1	-1	-1	-1	96	90	-1	105	139	75	113	96
E15_rep1_clone00616	-1	-1	-1	-1	-1	-1	-1	-1	-1	96	0	54	86	101	0	0	0
E15_rep1_clone00617	-1	-1	-1	-1	-1	-1	-1	-1	-1	98	75	-1	83	140	-1	142	-1
E15_rep1_clone00618	-1	-1	-1	-1	-1	-1	-1	-1	-1	107	69	123	17	-1	16	-1	25
E15_rep1_clone00619	-1	-1	-1	-1	-1	-1	-1	-1	-1	113	-1	129	103	-1	96	-1	74
E15_rep1_clone00620	-1	-1	-1	-1	-1	-1	-1	-1	-1	119	1	-1	1	-1	1	95	-1
E15_rep1_clone00621	-1	-1	-1	-1	-1	-1	-1	-1	-1	120	84	0	3	-1	3	-1	3
E15_rep1_clone00622	-1	-1	-1	-1	-1	-1	-1	-1	-1	121	-1	136	0	126	0	0	105
E15_rep1_clone00623	-1	-1	-1	-1	-1	-1	-1	-1	-1	125	-1	142	-1	137	-1	140	122
E15_rep1_clone00624	-1	-1	-1	-1	-1	-1	-1	-1	-1	128	26	-1	43	-1	46	-1	46
E15_rep1_clone00625	-1	-1	-1	-1	-1	-1	-1	-1	-1	145	59	4	-1	7	-1	4	91
E15_rep1_clone00626	-1	-1	-1	-1	-1	-1	-1	-1	-1	0	12	-1	30	-1	33	-1	90
E15_rep1_clone00627	-1	-1	-1	-1	-1	-1	-1	-1	-1	0	30	-1	47	-1	50	-1	50
E15_rep1_clone00628	-1	-1	-1	-1	-1	-1	-1	-1	-1	0	37	-1	55	-1	57	-1	60
E15_rep1_clone00629	-1	-1	-1	-1	-1	-1	-1	-1	-1	0	43	-1	57	-1	60	-1	64
E15_rep1_clone00630	-1	-1	-1	-1	-1	-1	-1	-1	-1	0	51	98	26	-1	29	-1	35
E15_rep1_clone00631	-1	-1	-1	-1	-1	-1	-1	-1	-1	0	57	-1	3	-1	3	-1	3
E15_rep1_clone00632	-1	-1	-1	-1	-1	-1	-1	-1	-1	0	60	4	-1	7	-1	4	101
E15_rep1_clone00633	-1	-1	-1	-1	-1	-1	-1	-1	-1	0	60	38	-1	43	-1	25	-1
E15_rep1_clone00634	-1	-1	-1	-1	-1	-1	-1	-1	-1	0	60	52	-1	57	-1	39	-1
E15_rep1_clone00635	-1	-1	-1	-1	-1	-1	-1	-1	-1	0	60	102	-1	146	-1	147	-1
E15_rep1_clone00636	-1	-1	-1	-1	-1	-1	-1	-1	-1	0	62	124	66	78	0	128	0
E15_rep1_clone00637	-1	-1	-1	-1	-1	-1	-1	-1	-1	0	64	-1	0	138	-1	141	-1
E15_rep1_clone00638	-1	-1	-1	-1	-1	-1	-1	-1	-1	0	70	29	-1	33	-1	18	-1
E15_rep1_clone00639	-1	-1	-1	-1	-1	-1	-1	-1	-1	0	76	-1	84	0	0	100	114
E15_rep1_clone00640	-1	-1	-1	-1	-1	-1	-1	-1	-1	0	89	-1	104	110	78	97	-1
E15_rep1_clone00641	-1	-1	-1	-1	-1	-1	-1	-1	-1	0	0	25	0	0	0	0	0
E15_rep1_clone00642	-1	-1	-1	-1	-1	-1	-1	-1	-1	0	0	54	86	101	0	112	-1
E15_rep1_clone00643	-1	-1	-1	-1	-1	-1	-1	-1	-1	0	0	80	77	0	0	41	0
E15_rep1_clone00644	-1	-1	-1	-1	-1	-1	-1	-1	-1	0	0	80	0	0	0	0	12
E15_rep1_clone00645	-1	-1	-1	-1	-1	-1	-1	-1	-1	0	0	100	2	-1	2	-1	1
E15_rep1_clone00646	-1	-1	-1	-1	-1	-1	-1	-1	-1	0	0	100	0	0	0	100	126
E15_rep1_clone00647	-1	-1	-1	-1	-1	-1	-1	-1	-1	0	0	102	-1	138	-1	141	-1
E15_rep1_clone00648	-1	-1	-1	-1	-1	-1	-1	-1	-1	0	0	106	94	0	0	0	0
E15_rep1_clone00649	-1	-1	-1	-1	-1	-1	-1	-1	-1	0	0	0	33	0	0	108	-1
E15_rep1_clone00650	-1	-1	-1	-1	-1	-1	-1	-1	-1	0	0	0	114	-1	101	-1	114
E15_rep1_clone00651	-1	-1	-1	-1	-1	-1	-1	-1	-1	0	0	0	0	59	0	68	72
E15_rep1_clone00652	-1	-1	-1	-1	-1	-1	-1	-1	-1	0	0	0	0	138	-1	141	-1
E15_rep1_clone00653	0	20	34	0	15	9	25	37	30	52	-1	68	-1	76	-1	58	-1
E15_rep1_clone00654	2	-1	2	-1	2	20	31	-1	26	52	-1	68	-1	76	-1	58	-1
E15_rep1_clone00655	2	-1	2	-1	2	24	28	-1	23	52	-1	68	-1	76	-1	58	-1
E15_rep1_clone00656	2	-1	2	-1	2	29	-1	34	-1	52	-1	68	-1	76	-1	58	-1
E15_rep1_clone00657	4	6	-1	5	-1	6	-1	7	20	47	41	60	-1	66	-1	48	-1
E15_rep1_clone00658	4	6	-1	5	-1	6	-1	7	20	104	-1	121	118	116	44	55	70
E15_rep1_clone00659	4	6	-1	5	-1	6	-1	7	20	0	0	0	0	0	0	12	-1
E15_rep1_clone00660	5	-1	5	-1	6	28	-1	33	-1	33	-1	48	-1	53	-1	35	83
E15_rep1_clone00661	5	-1	5	-1	6	28	-1	33	-1	0	0	45	-1	50	-1	32	-1
E15_rep1_clone00662	6	7	-1	6	-1	7	-1	8	17	140	0	114	-1	108	0	100	107
E15_rep1_clone00663	6	7	-1	6	-1	7	-1	8	17	0	0	45	-1	50	-1	32	-1
E15_rep1_clone00664	6	8	-1	7	-1	8	-1	9	17	52	-1	68	-1	76	-1	58	-1
E15_rep1_clone00665	7	-1	6	-1	8	-1	24	-1	10	52	-1	68	-1	76	-1	58	-1
E15_rep1_clone00666	7	-1	6	-1	8	-1	28	-1	23	125	-1	142	-1	137	-1	140	122
E15_rep1_clone00667	8	3	-1	2	-1	2	-1	17	14	-1	-1	-1	-1	-1	-1	-1	-1
E15_rep1_clone00668	10	-1	9	-1	12	-1	7	3	17	52	-1	68	-1	76	-1	58	-1
E15_rep1_clone00669	10	-1	9	-1	12	-1	7	18	14	52	-1	68	-1	76	-1	58	-1
E15_rep1_clone00670	10	-1	9	-1	12	-1	7	32	30	52	-1	68	-1	76	-1	58	-1
E15_rep1_clone00671	10	-1	9	-1	12	-1	7	32	30	-1	-1	-1	-1	-1	-1	-1	-1
E15_rep1_clone00672	14	-1	14	-1	17	-1	11	-1	20	52	-1	68	-1	76	-1	58	-1
E15_rep1_clone00673	16	-1	16	-1	19	-1	13	-1	1	52	-1	68	-1	76	-1	58	-1
E15_rep1_clone00674	16	-1	16	-1	19	-1	13	-1	2	52	-1	68	-1	76	-1	58	-1
E15_rep1_clone00675	16	-1	16	-1	19	-1	13	-1	27	52	-1	68	-1	76	-1	58	-1
E15_rep1_clone00676	17	-1	17	-1	20	-1	14	-1	13	52	-1	68	-1	76	-1	58	-1
E15_rep1_clone00677	17	-1	17	-1	20	-1	14	-1	14	-1	-1	-1	-1	-1	-1	-1	-1
E15_rep1_clone00678	18	-1	18	-1	21	-1	15	-1	2	52	-1	68	-1	76	-1	58	-1
E15_rep1_clone00679	19	-1	19	-1	22	-1	16	-1	14	52	-1	68	-1	76	-1	58	-1
E15_rep1_clone00680	19	-1	19	-1	22	-1	16	-1	16	52	-1	68	-1	76	-1	58	-1
E15_rep1_clone00681	19	-1	19	-1	22	-1	16	-1	20	20	-1	24	-1	27	27	15	86
E15_rep1_clone00682	19	-1	19	-1	22	-1	16	-1	20	55	-1	72	-1	81	-1	61	-1
E15_rep1_clone00683	19	-1	19	-1	22	-1	16	-1	20	100	-1	138	-1	128	92	-1	125
E15_rep1_clone00684	19	-1	19	-1	22	-1	16	-1	20	104	-1	121	119	134	64	126	71
E15_rep1_clone00685	19	-1	19	-1	22	-1	16	-1	20	-1	-1	-1	-1	-1	-1	-1	-1
E15_rep1_clone00686	19	-1	19	-1	22	-1	16	-1	20	0	0	45	-1	50	-1	32	-1
E15_rep1_clone00687	21	-1	21	-1	24	-1	18	-1	14	52	-1	68	-1	76	-1	58	-1
E15_rep1_clone00688	22	-1	22	-1	25	-1	19	-1	28	52	-1	68	-1	76	-1	58	-1
E15_rep1_clone00689	23	-1	23	-1	26	-1	20	-1	17	52	-1	68	-1	76	-1	58	-1
E15_rep1_clone00690	25	11	-1	10	-1	12	-1	12	-1	-1	-1	-1	-1	-1	-1	-1	-1
E15_rep1_clone00691	25	13	-1	12	-1	14	-1	14	-1	52	-1	68	-1	76	-1	58	-1
E15_rep1_clone00692	26	17	-1	15	-1	18	-1	20	-1	52	-1	68	-1	76	-1	58	-1
E15_rep1_clone00693	27	-1	26	-1	28	-1	22	-1	11	1	-1	2	-1	5	26	100	81
E15_rep1_clone00694	27	-1	26	-1	28	-1	22	-1	11	1	-1	2	-1	5	61	95	-1
E15_rep1_clone00695	27	-1	26	-1	28	-1	22	-1	11	1	-1	2	-1	5	0	95	-1
E15_rep1_clone00696	27	-1	26	-1	28	-1	22	-1	11	2	66	113	4	3	-1	2	-1
E15_rep1_clone00697	27	-1	26	-1	28	-1	22	-1	11	5	-1	6	-1	9	71	106	-1
E15_rep1_clone00698	27	-1	26	-1	28	-1	22	-1	11	9	-1	11	-1	15	0	0	80
E15_rep1_clone00699	27	-1	26	-1	28	-1	22	-1	11	10	-1	12	-1	16	0	69	126
E15_rep1_clone00700	27	-1	26	-1	28	-1	22	-1	11	13	26	-1	43	-1	46	-1	46
E15_rep1_clone00701	27	-1	26	-1	28	-1	22	-1	11	15	-1	18	-1	21	0	95	-1
E15_rep1_clone00702	27	-1	26	-1	28	-1	22	-1	11	17	-1	21	-1	24	-1	0	118
E15_rep1_clone00703	27	-1	26	-1	28	-1	22	-1	11	17	-1	21	-1	24	23	134	-1
E15_rep1_clone00704	27	-1	26	-1	28	-1	22	-1	11	19	-1	23	-1	26	25	114	-1
E15_rep1_clone00705	27	-1	26	-1	28	-1	22	-1	11	25	-1	28	-1	32	-1	69	101
E15_rep1_clone00706	27	-1	26	-1	28	-1	22	-1	11	27	0	105	0	117	0	133	-1
E15_rep1_clone00707	27	-1	26	-1	28	-1	22	-1	11	31	35	-1	53	-1	55	-1	58
E15_rep1_clone00708	27	-1	26	-1	28	-1	22	-1	11	32	-1	47	-1	52	-1	100	114
E15_rep1_clone00709	27	-1	26	-1	28	-1	22	-1	11	34	-1	51	-1	56	-1	38	126
E15_rep1_clone00710	27	-1	26	-1	28	-1	22	-1	11	36	24	109	94	118	70	93	-1
E15_rep1_clone00711	27	-1	26	-1	28	-1	22	-1	11	38	-1	57	-1	63	-1	45	94
E15_rep1_clone00712	27	-1	26	-1	28	-1	22	-1	11	38	-1	57	-1	63	-1	45	101
E15_rep1_clone00713	27	-1	26	-1	28	-1	22	-1	11	38	-1	57	-1	63	-1	45	104
E15_rep1_clone00714	27	-1	26	-1	28	-1	22	-1	11	38	-1	57	-1	63	-1	45	115
E15_rep1_clone00715	27	-1	26	-1	28	-1	22	-1	11	48	0	39	-1	44	-1	26	-1
E15_rep1_clone00716	27	-1	26	-1	28	-1	22	-1	11	50	-1	66	-1	74	-1	56	85
E15_rep1_clone00717	27	-1	26	-1	28	-1	22	-1	11	64	60	27	-1	31	-1	17	-1
E15_rep1_clone00718	27	-1	26	-1	28	-1	22	-1	11	72	-1	0	0	138	-1	141	-1
E15_rep1_clone00719	27	-1	26	-1	28	-1	22	-1	11	72	46	130	-1	120	-1	120	108
E15_rep1_clone00720	27	-1	26	-1	28	-1	22	-1	11	77	-1	91	-1	100	-1	81	-1
E15_rep1_clone00721	27	-1	26	-1	28	-1	22	-1	11	83	-1	94	-1	105	-1	87	-1
E15_rep1_clone00722	27	-1	26	-1	28	-1	22	-1	11	85	60	41	-1	46	-1	28	-1
E15_rep1_clone00723	27	-1	26	-1	28	-1	22	-1	11	85	0	41	-1	46	-1	28	-1
E15_rep1_clone00724	27	-1	26	-1	28	-1	22	-1	11	90	-1	46	-1	51	-1	33	-1
E15_rep1_clone00725	27	-1	26	-1	28	-1	22	-1	11	92	55	99	63	69	72	104	27
E15_rep1_clone00726	27	-1	26	-1	28	-1	22	-1	11	94	12	-1	30	-1	33	-1	86
E15_rep1_clone00727	27	-1	26	-1	28	-1	22	-1	11	95	43	-1	57	-1	60	-1	64
E15_rep1_clone00728	27	-1	26	-1	28	-1	22	-1	11	96	47	0	3	-1	3	-1	3
E15_rep1_clone00729	27	-1	26	-1	28	-1	22	-1	11	96	57	-1	94	114	-1	113	96
E15_rep1_clone00730	27	-1	26	-1	28	-1	22	-1	11	97	47	0	3	-1	3	-1	3
E15_rep1_clone00731	27	-1	26	-1	28	-1	22	-1	11	98	75	-1	83	140	-1	142	-1
E15_rep1_clone00732	27	-1	26	-1	28	-1	22	-1	11	99	-1	44	-1	49	-1	31	-1
E15_rep1_clone00733	27	-1	26	-1	28	-1	22	-1	11	101	60	45	-1	50	-1	32	-1
E15_rep1_clone00734	27	-1	26	-1	28	-1	22	-1	11	101	63	102	-1	0	90	-1	123
E15_rep1_clone00735	27	-1	26	-1	28	-1	22	-1	11	104	-1	121	117	60	83	127	70
E15_rep1_clone00736	27	-1	26	-1	28	-1	22	-1	11	106	-1	122	65	40	0	138	126
E15_rep1_clone00737	27	-1	26	-1	28	-1	22	-1	11	108	0	144	70	-1	81	-1	111
E15_rep1_clone00738	27	-1	26	-1	28	-1	22	-1	11	110	0	0	0	125	71	100	0
E15_rep1_clone00739	27	-1	26	-1	28	-1	22	-1	11	112	60	0	0	121	-1	121	102
E15_rep1_clone00740	27	-1	26	-1	28	-1	22	-1	11	113	-1	129	7	-1	6	-1	8
E15_rep1_clone00741	27	-1	26	-1	28	-1	22	-1	11	113	-1	129	21	-1	19	-1	30
E15_rep1_clone00742	27	-1	26	-1	28	-1	22	-1	11	113	-1	129	0	19	18	122	-1
E15_rep1_clone00743	27	-1	26	-1	28	-1	22	-1	11	114	-1	132	3	-1	3	-1	3
E15_rep1_clone00744	27	-1	26	-1	28	-1	22	-1	11	115	-1	133	82	-1	80	100	88
E15_rep1_clone00745	27	-1	26	-1	28	-1	22	-1	11	118	88	14	-1	18	-1	9	86
E15_rep1_clone00746	27	-1	26	-1	28	-1	22	-1	11	120	84	0	3	-1	3	-1	3
E15_rep1_clone00747	27	-1	26	-1	28	-1	22	-1	11	127	0	33	-1	37	-1	21	-1
E15_rep1_clone00748	27	-1	26	-1	28	-1	22	-1	11	133	-1	150	100	142	-1	143	43
E15_rep1_clone00749	27	-1	26	-1	28	-1	22	-1	11	136	-1	152	-1	122	-1	123	44
E15_rep1_clone00750	27	-1	26	-1	28	-1	22	-1	11	136	-1	152	-1	152	-1	151	-1
E15_rep1_clone00751	27	-1	26	-1	28	-1	22	-1	11	140	0	0	41	-1	43	-1	41
E15_rep1_clone00752	27	-1	26	-1	28	-1	22	-1	11	142	-1	158	-1	155	0	0	0
E15_rep1_clone00753	27	-1	26	-1	28	-1	22	-1	11	144	86	115	3	-1	3	-1	3
E15_rep1_clone00754	27	-1	26	-1	28	-1	22	-1	11	145	59	4	-1	7	-1	4	91
E15_rep1_clone00755	27	-1	26	-1	28	-1	22	-1	11	0	14	81	8	-1	7	-1	0
E15_rep1_clone00756	27	-1	26	-1	28	-1	22	-1	11	0	14	0	3	-1	3	-1	3
E15_rep1_clone00757	27	-1	26	-1	28	-1	22	-1	11	0	17	-1	36	-1	38	-1	56
E15_rep1_clone00758	27	-1	26	-1	28	-1	22	-1	11	0	29	-1	46	-1	49	-1	49
E15_rep1_clone00759	27	-1	26	-1	28	-1	22	-1	11	0	43	-1	57	-1	60	-1	64
E15_rep1_clone00760	27	-1	26	-1	28	-1	22	-1	11	0	44	-1	60	-1	62	-1	66
E15_rep1_clone00761	27	-1	26	-1	28	-1	22	-1	11	0	51	98	26	-1	29	-1	35
E15_rep1_clone00762	27	-1	26	-1	28	-1	22	-1	11	0	55	-1	3	-1	3	-1	3
E15_rep1_clone00763	27	-1	26	-1	28	-1	22	-1	11	0	56	-1	5	144	-1	145	0
E15_rep1_clone00764	27	-1	26	-1	28	-1	22	-1	11	0	57	-1	16	-1	15	-1	24
E15_rep1_clone00765	27	-1	26	-1	28	-1	22	-1	11	0	60	45	-1	50	-1	32	-1
E15_rep1_clone00766	27	-1	26	-1	28	-1	22	-1	11	0	60	102	-1	146	-1	147	-1
E15_rep1_clone00767	27	-1	26	-1	28	-1	22	-1	11	0	60	0	31	-1	34	-1	37
E15_rep1_clone00768	27	-1	26	-1	28	-1	22	-1	11	0	62	124	66	78	0	128	0
E15_rep1_clone00769	27	-1	26	-1	28	-1	22	-1	11	0	64	-1	0	0	0	0	72
E15_rep1_clone00770	27	-1	26	-1	28	-1	22	-1	11	0	74	-1	80	138	-1	141	-1
E15_rep1_clone00771	27	-1	26	-1	28	-1	22	-1	11	0	78	30	-1	34	-1	19	-1
E15_rep1_clone00772	27	-1	26	-1	28	-1	22	-1	11	0	78	106	0	123	-1	124	114
E15_rep1_clone00773	27	-1	26	-1	28	-1	22	-1	11	0	78	125	92	-1	86	136	0
E15_rep1_clone00774	27	-1	26	-1	28	-1	22	-1	11	0	78	0	0	152	-1	151	-1
E15_rep1_clone00775	27	-1	26	-1	28	-1	22	-1	11	0	79	-1	88	87	89	-1	101
E15_rep1_clone00776	27	-1	26	-1	28	-1	22	-1	11	0	80	-1	89	136	-1	139	-1
E15_rep1_clone00777	27	-1	26	-1	28	-1	22	-1	11	0	94	-1	111	-1	0	95	-1
E15_rep1_clone00778	27	-1	26	-1	28	-1	22	-1	11	0	94	-1	111	-1	0	0	0
E15_rep1_clone00779	27	-1	26	-1	28	-1	22	-1	11	0	98	0	0	125	0	0	126
E15_rep1_clone00780	27	-1	26	-1	28	-1	22	-1	11	0	0	7	-1	10	-1	6	0
E15_rep1_clone00781	27	-1	26	-1	28	-1	22	-1	11	0	0	54	86	101	0	112	-1
E15_rep1_clone00782	27	-1	26	-1	28	-1	22	-1	11	0	0	80	77	0	0	70	2
E15_rep1_clone00783	27	-1	26	-1	28	-1	22	-1	11	0	0	100	0	0	0	100	126
E15_rep1_clone00784	27	-1	26	-1	28	-1	22	-1	11	0	0	112	114	-1	101	-1	114
E15_rep1_clone00785	27	-1	26	-1	28	-1	22	-1	11	0	0	126	0	125	0	0	9
E15_rep1_clone00786	27	-1	26	-1	28	-1	22	-1	11	0	0	135	0	143	-1	144	-1
E15_rep1_clone00787	27	-1	26	-1	28	-1	22	-1	11	0	0	135	0	0	0	95	-1
E15_rep1_clone00788	27	-1	26	-1	28	-1	22	-1	11	0	0	159	0	0	82	-1	112
E15_rep1_clone00789	27	-1	26	-1	28	-1	22	-1	11	0	0	0	6	0	0	67	-1
E15_rep1_clone00790	27	-1	26	-1	28	-1	22	-1	11	0	0	0	13	-1	12	-1	19
E15_rep1_clone00791	27	-1	26	-1	28	-1	22	-1	11	0	0	0	72	0	0	0	10
E15_rep1_clone00792	27	-1	26	-1	28	-1	22	-1	11	0	0	0	87	0	0	0	2
E15_rep1_clone00793	27	-1	26	-1	28	-1	22	-1	11	0	0	0	94	0	0	0	0
E15_rep1_clone00794	27	-1	26	-1	28	-1	22	-1	11	0	0	0	123	-1	104	-1	129
E15_rep1_clone00795	27	-1	26	-1	28	-1	22	-1	11	0	0	0	0	118	0	154	0
E15_rep1_clone00796	27	-1	26	-1	28	-1	22	-1	11	0	0	0	0	138	-1	141	-1
E15_rep1_clone00797	27	-1	26	-1	28	-1	22	-1	11	0	0	0	0	0	0	100	126
E15_rep1_clone00798	27	-1	26	-1	28	-1	22	-1	11	0	0	0	0	0	0	105	-1
E15_rep1_clone00799	29	-1	31	-1	32	22	-1	27	9	52	-1	68	-1	76	-1	58	-1
E15_rep1_clone00800	29	-1	31	-1	32	22	-1	27	9	-1	-1	-1	-1	-1	-1	-1	-1
E15_rep1_clone00801	30	18	7	-1	9	-1	4	30	31	52	-1	68	-1	76	-1	58	-1
E15_rep1_clone00802	31	21	8	-1	11	-1	6	-1	6	52	-1	68	-1	76	-1	58	-1
E15_rep1_clone00803	31	22	36	-1	35	23	-1	28	14	0	95	-1	113	-1	87	101	82
E15_rep1_clone00804	36	-1	28	17	31	25	-1	29	4	52	-1	68	-1	76	-1	58	-1
E15_rep1_clone00805	36	-1	28	17	31	25	-1	29	12	52	-1	68	-1	76	-1	58	-1
E15_rep1_clone00806	39	-1	29	0	30	-1	26	26	-1	52	-1	68	-1	76	-1	58	-1
E15_rep1_clone00807	43	10	-1	9	-1	11	-1	11	20	52	-1	68	-1	76	-1	58	-1
E15_rep1_clone00808	44	21	33	-1	33	27	23	21	29	74	-1	88	-1	97	-1	78	-1
E15_rep1_clone00809	44	21	33	-1	33	27	23	21	29	-1	-1	-1	-1	-1	-1	-1	-1
E15_rep1_clone00810	46	19	-1	16	29	26	-1	31	8	-1	-1	-1	-1	-1	-1	-1	-1
E15_rep1_clone00811	47	11	-1	10	-1	12	-1	12	-1	52	-1	68	-1	76	-1	58	-1
E15_rep1_clone00812	-1	-1	-1	-1	-1	-1	-1	-1	-1	1	-1	2	-1	5	0	90	77
E15_rep1_clone00813	-1	-1	-1	-1	-1	-1	-1	-1	-1	7	-1	9	-1	12	71	100	38
E15_rep1_clone00814	-1	-1	-1	-1	-1	-1	-1	-1	-1	8	-1	10	-1	14	0	0	86
E15_rep1_clone00815	-1	-1	-1	-1	-1	-1	-1	-1	-1	12	54	-1	0	123	-1	124	85
E15_rep1_clone00816	-1	-1	-1	-1	-1	-1	-1	-1	-1	12	86	115	3	-1	3	-1	3
E15_rep1_clone00817	-1	-1	-1	-1	-1	-1	-1	-1	-1	14	-1	17	-1	20	0	0	86
E15_rep1_clone00818	-1	-1	-1	-1	-1	-1	-1	-1	-1	17	-1	21	-1	24	-1	11	126
E15_rep1_clone00819	-1	-1	-1	-1	-1	-1	-1	-1	-1	24	-1	26	-1	30	-1	0	0
E15_rep1_clone00820	-1	-1	-1	-1	-1	-1	-1	-1	-1	26	-1	31	-1	35	-1	70	86
E15_rep1_clone00821	-1	-1	-1	-1	-1	-1	-1	-1	-1	27	55	-1	0	0	0	95	-1
E15_rep1_clone00822	-1	-1	-1	-1	-1	-1	-1	-1	-1	29	21	153	-1	141	70	68	114
E15_rep1_clone00823	-1	-1	-1	-1	-1	-1	-1	-1	-1	30	22	36	-1	41	-1	24	126
E15_rep1_clone00824	-1	-1	-1	-1	-1	-1	-1	-1	-1	32	-1	47	-1	52	-1	100	114
E15_rep1_clone00825	-1	-1	-1	-1	-1	-1	-1	-1	-1	36	24	109	94	118	70	93	-1
E15_rep1_clone00826	-1	-1	-1	-1	-1	-1	-1	-1	-1	38	-1	57	-1	63	-1	45	119
E15_rep1_clone00827	-1	-1	-1	-1	-1	-1	-1	-1	-1	39	-1	59	-1	65	-1	47	115
E15_rep1_clone00828	-1	-1	-1	-1	-1	-1	-1	-1	-1	43	-1	63	-1	70	-1	52	34
E15_rep1_clone00829	-1	-1	-1	-1	-1	-1	-1	-1	-1	45	-1	65	-1	72	-1	54	61
E15_rep1_clone00830	-1	-1	-1	-1	-1	-1	-1	-1	-1	50	-1	66	-1	74	-1	56	85
E15_rep1_clone00831	-1	-1	-1	-1	-1	-1	-1	-1	-1	54	-1	71	-1	80	-1	60	-1
E15_rep1_clone00832	-1	-1	-1	-1	-1	-1	-1	-1	-1	56	-1	73	-1	82	-1	62	-1
E15_rep1_clone00833	-1	-1	-1	-1	-1	-1	-1	-1	-1	62	60	143	87	118	0	71	88
E15_rep1_clone00834	-1	-1	-1	-1	-1	-1	-1	-1	-1	63	0	49	-1	54	-1	36	-1
E15_rep1_clone00835	-1	-1	-1	-1	-1	-1	-1	-1	-1	64	26	-1	43	-1	46	-1	46
E15_rep1_clone00836	-1	-1	-1	-1	-1	-1	-1	-1	-1	64	60	27	-1	31	-1	17	-1
E15_rep1_clone00837	-1	-1	-1	-1	-1	-1	-1	-1	-1	64	0	46	-1	51	-1	33	-1
E15_rep1_clone00838	-1	-1	-1	-1	-1	-1	-1	-1	-1	64	0	0	0	123	-1	124	0
E15_rep1_clone00839	-1	-1	-1	-1	-1	-1	-1	-1	-1	69	-1	85	-1	93	-1	74	-1
E15_rep1_clone00840	-1	-1	-1	-1	-1	-1	-1	-1	-1	72	-1	100	0	0	0	129	114
E15_rep1_clone00841	-1	-1	-1	-1	-1	-1	-1	-1	-1	72	-1	119	0	138	-1	141	-1
E15_rep1_clone00842	-1	-1	-1	-1	-1	-1	-1	-1	-1	81	0	0	0	90	0	0	0
E15_rep1_clone00843	-1	-1	-1	-1	-1	-1	-1	-1	-1	84	-1	95	-1	106	-1	88	-1
E15_rep1_clone00844	-1	-1	-1	-1	-1	-1	-1	-1	-1	91	-1	0	0	0	0	0	0
E15_rep1_clone00845	-1	-1	-1	-1	-1	-1	-1	-1	-1	93	74	-1	80	29	91	-1	124
E15_rep1_clone00846	-1	-1	-1	-1	-1	-1	-1	-1	-1	94	12	-1	30	-1	33	-1	38
E15_rep1_clone00847	-1	-1	-1	-1	-1	-1	-1	-1	-1	96	12	-1	30	-1	33	-1	86
E15_rep1_clone00848	-1	-1	-1	-1	-1	-1	-1	-1	-1	96	0	0	0	0	0	0	126
E15_rep1_clone00849	-1	-1	-1	-1	-1	-1	-1	-1	-1	99	-1	29	-1	33	-1	18	-1
E15_rep1_clone00850	-1	-1	-1	-1	-1	-1	-1	-1	-1	99	-1	44	-1	49	-1	31	-1
E15_rep1_clone00851	-1	-1	-1	-1	-1	-1	-1	-1	-1	101	7	-1	22	-1	21	119	-1
E15_rep1_clone00852	-1	-1	-1	-1	-1	-1	-1	-1	-1	101	33	-1	50	-1	53	-1	53
E15_rep1_clone00853	-1	-1	-1	-1	-1	-1	-1	-1	-1	101	60	45	-1	50	-1	32	-1
E15_rep1_clone00854	-1	-1	-1	-1	-1	-1	-1	-1	-1	101	63	102	-1	0	90	-1	123
E15_rep1_clone00855	-1	-1	-1	-1	-1	-1	-1	-1	-1	102	26	-1	43	-1	46	-1	46
E15_rep1_clone00856	-1	-1	-1	-1	-1	-1	-1	-1	-1	103	87	-1	99	111	5	83	89
E15_rep1_clone00857	-1	-1	-1	-1	-1	-1	-1	-1	-1	104	-1	121	116	28	67	76	70
E15_rep1_clone00858	-1	-1	-1	-1	-1	-1	-1	-1	-1	104	-1	121	117	60	83	110	70
E15_rep1_clone00859	-1	-1	-1	-1	-1	-1	-1	-1	-1	112	2	80	0	121	-1	121	102
E15_rep1_clone00860	-1	-1	-1	-1	-1	-1	-1	-1	-1	112	2	0	87	121	-1	121	102
E15_rep1_clone00861	-1	-1	-1	-1	-1	-1	-1	-1	-1	112	2	0	0	121	-1	121	102
E15_rep1_clone00862	-1	-1	-1	-1	-1	-1	-1	-1	-1	113	-1	129	10	-1	9	-1	13
E15_rep1_clone00863	-1	-1	-1	-1	-1	-1	-1	-1	-1	113	-1	129	87	113	0	95	-1
E15_rep1_clone00864	-1	-1	-1	-1	-1	-1	-1	-1	-1	113	-1	129	87	0	0	51	0
E15_rep1_clone00865	-1	-1	-1	-1	-1	-1	-1	-1	-1	113	-1	129	0	0	0	100	86
E15_rep1_clone00866	-1	-1	-1	-1	-1	-1	-1	-1	-1	114	-1	132	3	-1	3	-1	3
E15_rep1_clone00867	-1	-1	-1	-1	-1	-1	-1	-1	-1	115	-1	133	82	-1	80	100	88
E15_rep1_clone00868	-1	-1	-1	-1	-1	-1	-1	-1	-1	117	0	0	76	-1	63	118	-1
E15_rep1_clone00869	-1	-1	-1	-1	-1	-1	-1	-1	-1	118	88	0	0	0	0	0	17
E15_rep1_clone00870	-1	-1	-1	-1	-1	-1	-1	-1	-1	119	26	-1	43	-1	46	-1	46
E15_rep1_clone00871	-1	-1	-1	-1	-1	-1	-1	-1	-1	123	-1	139	3	-1	3	-1	3
E15_rep1_clone00872	-1	-1	-1	-1	-1	-1	-1	-1	-1	130	-1	146	97	4	-1	3	-1
E15_rep1_clone00873	-1	-1	-1	-1	-1	-1	-1	-1	-1	131	-1	147	115	-1	102	-1	63
E15_rep1_clone00874	-1	-1	-1	-1	-1	-1	-1	-1	-1	133	-1	150	100	142	-1	143	43
E15_rep1_clone00875	-1	-1	-1	-1	-1	-1	-1	-1	-1	134	15	-1	34	-1	36	95	-1
E15_rep1_clone00876	-1	-1	-1	-1	-1	-1	-1	-1	-1	136	-1	152	-1	109	84	84	86
E15_rep1_clone00877	-1	-1	-1	-1	-1	-1	-1	-1	-1	137	-1	154	-1	120	-1	120	120
E15_rep1_clone00878	-1	-1	-1	-1	-1	-1	-1	-1	-1	140	0	0	41	-1	43	-1	41
E15_rep1_clone00879	-1	-1	-1	-1	-1	-1	-1	-1	-1	143	92	-1	107	-1	0	100	86
E15_rep1_clone00880	-1	-1	-1	-1	-1	-1	-1	-1	-1	144	86	115	3	-1	3	-1	3
E15_rep1_clone00881	-1	-1	-1	-1	-1	-1	-1	-1	-1	0	28	-1	45	-1	48	-1	48
E15_rep1_clone00882	-1	-1	-1	-1	-1	-1	-1	-1	-1	0	42	0	3	-1	3	-1	3
E15_rep1_clone00883	-1	-1	-1	-1	-1	-1	-1	-1	-1	0	45	102	-1	0	0	0	38
E15_rep1_clone00884	-1	-1	-1	-1	-1	-1	-1	-1	-1	0	45	118	94	0	0	0	2
E15_rep1_clone00885	-1	-1	-1	-1	-1	-1	-1	-1	-1	0	45	118	94	0	0	0	87
E15_rep1_clone00886	-1	-1	-1	-1	-1	-1	-1	-1	-1	0	45	135	9	-1	8	-1	11
E15_rep1_clone00887	-1	-1	-1	-1	-1	-1	-1	-1	-1	0	55	99	63	69	72	104	27
E15_rep1_clone00888	-1	-1	-1	-1	-1	-1	-1	-1	-1	0	56	-1	5	144	-1	145	0
E15_rep1_clone00889	-1	-1	-1	-1	-1	-1	-1	-1	-1	0	58	117	64	112	76	-1	0
E15_rep1_clone00890	-1	-1	-1	-1	-1	-1	-1	-1	-1	0	60	0	9	-1	8	-1	11
E15_rep1_clone00891	-1	-1	-1	-1	-1	-1	-1	-1	-1	0	60	0	16	-1	15	-1	24
E15_rep1_clone00892	-1	-1	-1	-1	-1	-1	-1	-1	-1	0	60	0	0	0	0	0	10
E15_rep1_clone00893	-1	-1	-1	-1	-1	-1	-1	-1	-1	0	63	107	8	-1	7	-1	76
E15_rep1_clone00894	-1	-1	-1	-1	-1	-1	-1	-1	-1	0	68	0	0	0	0	0	7
E15_rep1_clone00895	-1	-1	-1	-1	-1	-1	-1	-1	-1	0	71	102	-1	135	74	-1	103
E15_rep1_clone00896	-1	-1	-1	-1	-1	-1	-1	-1	-1	0	72	-1	78	89	0	0	86
E15_rep1_clone00897	-1	-1	-1	-1	-1	-1	-1	-1	-1	0	73	-1	79	0	0	0	0
E15_rep1_clone00898	-1	-1	-1	-1	-1	-1	-1	-1	-1	0	75	-1	83	0	0	16	128
E15_rep1_clone00899	-1	-1	-1	-1	-1	-1	-1	-1	-1	0	78	15	-1	125	79	-1	110
E15_rep1_clone00900	-1	-1	-1	-1	-1	-1	-1	-1	-1	0	78	103	71	88	73	99	100
E15_rep1_clone00901	-1	-1	-1	-1	-1	-1	-1	-1	-1	0	79	-1	88	87	89	-1	101
E15_rep1_clone00902	-1	-1	-1	-1	-1	-1	-1	-1	-1	0	98	0	0	125	0	0	126
E15_rep1_clone00903	-1	-1	-1	-1	-1	-1	-1	-1	-1	0	0	3	-1	6	-1	0	0
E15_rep1_clone00904	-1	-1	-1	-1	-1	-1	-1	-1	-1	0	0	79	0	149	95	132	-1
E15_rep1_clone00905	-1	-1	-1	-1	-1	-1	-1	-1	-1	0	0	101	-1	0	0	100	0
E15_rep1_clone00906	-1	-1	-1	-1	-1	-1	-1	-1	-1	0	0	102	-1	146	-1	147	-1
E15_rep1_clone00907	-1	-1	-1	-1	-1	-1	-1	-1	-1	0	0	108	27	-1	30	-1	36
E15_rep1_clone00908	-1	-1	-1	-1	-1	-1	-1	-1	-1	0	0	134	58	127	-1	131	114
E15_rep1_clone00909	-1	-1	-1	-1	-1	-1	-1	-1	-1	0	0	0	7	-1	6	-1	8
E15_rep1_clone00910	-1	-1	-1	-1	-1	-1	-1	-1	-1	0	0	0	62	0	0	91	131
E15_rep1_clone00911	-1	-1	-1	-1	-1	-1	-1	-1	-1	0	0	0	81	-1	0	100	86
E15_rep1_clone00912	-1	-1	-1	-1	-1	-1	-1	-1	-1	0	0	0	112	-1	100	-1	33
E15_rep1_clone00913	-1	-1	-1	-1	-1	-1	-1	-1	-1	0	0	0	0	118	0	154	0
E15_rep1_clone00914	-1	-1	-1	-1	-1	-1	-1	-1	-1	0	0	0	0	135	74	-1	103
E15_rep1_clone00915	-1	-1	-1	-1	-1	-1	-1	-1	-1	0	0	0	0	149	94	43	-1
E15_rep1_clone00916	-1	-1	-1	-1	-1	-1	-1	-1	-1	0	0	0	0	0	82	-1	112
E15_rep1_clone00917	-1	-1	-1	-1	-1	-1	-1	-1	-1	0	0	0	0	0	0	69	12
E15_rep1_clone00918	-1	-1	-1	-1	-1	-1	-1	-1	-1	0	0	0	0	0	0	0	20
E15_rep1_clone00919	0	21	27	0	5	17	5	35	18	104	-1	121	119	134	64	126	71
E15_rep1_clone00920	0	0	0	0	0	22	-1	27	0	0	0	0	0	0	0	0	15
