"gene","ou1_conv","ou1_theta","ou1_alpha","ou1_sigma_sq","ou1_gamma","ou1_loglik","ou2_conv","ou2_theta","ou2_alpha","ou2_sigma_sq","ou2_gamma","ou2_loglik","brown_conv","brown_theta","brown_sigma_sq","brown_gamma","brown_loglik","ou2_vs_bm_pvalue","ou2_vs_ou1_pvalue","qvalue","adaptive"
1,1,5.71655248864645,0.0615428116762339,1.61808726169398,3.09591151992479,-530.201431258839,1,5.45638754462267,0.0689137697590031,1.75426495447339,2.76295275312845,-529.745628903767,1,5.75230368556245,0.585902094528622,12.1938795397213,-533.030149825855,0.0374585263480516,0.0103767801201913,0.0374585263480516,"True"
1,1,5.71655248864645,0.0615428116762339,1.61808726169398,3.09591151992479,-530.201431258839,1,7.48520935403768,0.0689137697590031,1.75426495447339,2.76295275312845,-529.745628903767,1,5.75230368556245,0.585902094528622,12.1938795397213,-533.030149825855,0.0374585263480516,0.0103767801201913,0.0374585263480516,"True"
2,1,5.91565143962293,1.34924596513156e-10,0.504307301304878,7.78827780535791,-493.876114147674,1,6.42935313655367,1.22631823754927e-09,0.500598942590277,7.78831528850634,-493.160446222632,1,5.91565139948522,0.504307249879049,7.78827946514018,-493.876114359087,0.488865373877822,0.231546481810195,0.488865373877822,"False"
2,1,5.91565143962293,1.34924596513156e-10,0.504307301304878,7.78827780535791,-493.876114147674,1,-109569035.832351,1.22631823754927e-09,0.500598942590277,7.78831528850634,-493.160446222632,1,5.91565139948522,0.504307249879049,7.78827946514018,-493.876114359087,0.488865373877822,0.231546481810195,0.488865373877822,"False"
3,1,5.51511612566125,0.0151095118054773,0.685519714420615,9.83008175922475,-527.85918463095,1,5.60304147915149,0.0142308423653834,0.671110324961504,10.1059946587775,-527.834690314808,1,5.53452343550706,0.477265168155242,15.5813781134818,-527.987000945933,0.858721493683511,0.580999704107701,0.858721493683511,"False"
3,1,5.51511612566125,0.0151095118054773,0.685519714420615,9.83008175922475,-527.85918463095,1,3.72401909348743,0.0142308423653834,0.671110324961504,10.1059946587775,-527.834690314808,1,5.53452343550706,0.477265168155242,15.5813781134818,-527.987000945933,0.858721493683511,0.580999704107701,0.858721493683511,"False"
4,1,4.54098976506289,1.34924596513156e-10,0.43530421196789,7.90712459821679,-480.379353467746,1,4.96433728842732,0.00187100272273545,0.438805438999968,7.86452125409046,-479.773812121439,1,4.54098976037318,0.435302461166554,7.90718480796053,-480.379353653745,0.545778789751888,0.271117729754481,0.545778789751888,"False"
4,1,4.54098976506289,1.34924596513156e-10,0.43530421196789,7.90712459821679,-480.379353467746,1,-56.7876157796189,0.00187100272273545,0.438805438999968,7.86452125409046,-479.773812121439,1,4.54098976037318,0.435302461166554,7.90718480796053,-480.379353653745,0.545778789751888,0.271117729754481,0.545778789751888,"False"
5,1,5.32049306479693,0.035495881985404,0.985878137126846,4.7857120080832,-514.913059763874,1,5.44060884374104,0.03744079771467,1.01522656767872,4.59751444910107,-514.849087856832,1,5.2561390495071,0.498706920251705,11.8438838538291,-515.700188051323,0.426944950978023,0.192000465468328,0.426944950978023,"False"
5,1,5.32049306479693,0.035495881985404,0.985878137126846,4.7857120080832,-514.913059763874,1,4.2038678392285,0.03744079771467,1.01522656767872,4.59751444910107,-514.849087856832,1,5.2561390495071,0.498706920251705,11.8438838538291,-515.700188051323,0.426944950978023,0.192000465468328,0.426944950978023,"False"
6,1,5.27949083643055,1.78580342154601e-10,0.443974987224526,11.070339257059,-500.534737287986,1,5.50246364580257,1.24814611036999e-09,0.443292618254093,11.0702073722358,-500.384857399839,1,5.27949031906265,0.443979025125363,11.0701681556947,-500.534737419948,0.86081125026895,0.584032893101163,0.86081125026895,"False"
6,1,5.27949083643055,1.78580342154601e-10,0.443974987224526,11.070339257059,-500.534737287986,1,-46494535.6660017,1.24814611036999e-09,0.443292618254093,11.0702073722358,-500.384857399839,1,5.27949031906265,0.443979025125363,11.0701681556947,-500.534737419948,0.86081125026895,0.584032893101163,0.86081125026895,"False"
7,1,3.46352627987145,0.0248417697048657,0.62729497945799,5.65458500974965,-484.817664029777,1,3.63704873767574,0.0273319537578261,0.64794597642925,5.43293941724673,-484.654605539326,1,3.46022489830808,0.408496349953457,9.75416982443331,-485.370968675186,0.488525730773388,0.231320024347388,0.488525730773388,"False"
7,1,3.46352627987145,0.0248417697048657,0.62729497945799,5.65458500974965,-484.817664029777,1,1.34308179536468,0.0273319537578261,0.64794597642925,5.43293941724673,-484.654605539326,1,3.46022489830808,0.408496349953457,9.75416982443331,-485.370968675186,0.488525730773388,0.231320024347388,0.488525730773388,"False"
8,1,6.85486367375817,2.39698386052623e-10,0.57916264915573,16.3716208330101,-549.869240886245,1,5.77901386673526,0.00951062458553875,0.600860441169781,15.9735406011315,-547.30030298422,1,6.85486382751493,0.579169412775481,16.371327656211,-549.869240903289,0.0766168755492305,0.0234092738035651,0.0766168755492305,"False"
8,1,6.85486367375817,2.39698386052623e-10,0.57916264915573,16.3716208330101,-549.869240886245,1,37.1718568213229,0.00951062458553875,0.600860441169781,15.9735406011315,-547.30030298422,1,6.85486382751493,0.579169412775481,16.371327656211,-549.869240903289,0.0766168755492305,0.0234092738035651,0.0766168755492305,"False"
9,1,5.36203317804555,1e-10,0.625488753938178,9.84195483080505,-527.190582859373,1,4.61095726002441,2.29718251555401e-09,0.589090173005879,10.6825040899965,-525.944252914186,1,5.36203318183927,0.625488850117382,9.84195241632892,-527.190582961389,0.287558187705767,0.114378257926403,0.287558187705767,"False"
9,1,5.36203317804555,1e-10,0.625488753938178,9.84195483080505,-527.190582859373,1,85197412.9376745,2.29718251555401e-09,0.589090173005879,10.6825040899965,-525.944252914186,1,5.36203318183927,0.625488850117382,9.84195241632892,-527.190582961389,0.287558187705767,0.114378257926403,0.287558187705767,"False"
10,1,3.78346404193966,1e-10,0.417046545937766,13.5135965598127,-506.162771516446,1,3.92255700199801,2.12655827080007e-09,0.415472262671974,13.5822401212862,-506.10147820099,1,3.78346401315995,0.417046841015593,13.5135814079329,-506.162771528429,0.940547310974733,0.726245812065148,0.940547310974733,"False"
10,1,3.78346404193966,1e-10,0.417046545937766,13.5135965598127,-506.162771516446,1,-16958060.7128006,2.12655827080007e-09,0.415472262671974,13.5822401212862,-506.10147820099,1,3.78346401315995,0.417046841015593,13.5135814079329,-506.162771528429,0.940547310974733,0.726245812065148,0.940547310974733,"False"
11,1,4.18104056745609,0.00355885864259557,0.544220449921524,5.67690488961125,-483.733410962674,1,4.44364728602372,0.0061282316133015,0.565693378136441,5.3926984833754,-483.542271828531,1,4.1714824901015,0.508796735412936,6.22910073736954,-483.749217496198,0.81306382444205,0.520000995921871,0.81306382444205,"False"
11,1,4.18104056745609,0.00355885864259557,0.544220449921524,5.67690488961125,-483.733410962674,1,-7.37273804562828,0.0061282316133015,0.565693378136441,5.3926984833754,-483.542271828531,1,4.1714824901015,0.508796735412936,6.22910073736954,-483.749217496198,0.81306382444205,0.520000995921871,0.81306382444205,"False"
12,1,4.15382758083312,0.0264744933750608,1.19393474176673,1.33742070209844,-494.58036355422,1,4.09305935480794,0.0268071623701405,1.20024162202484,1.32097921562318,-494.568575499307,1,4.12723739099973,0.741140883638226,3.42974729456077,-495.114187780609,0.579486865724016,0.296200044604118,0.579486865724016,"False"
12,1,4.15382758083312,0.0264744933750608,1.19393474176673,1.33742070209844,-494.58036355422,1,4.92622424526947,0.0268071623701405,1.20024162202484,1.32097921562318,-494.568575499307,1,4.12723739099973,0.741140883638226,3.42974729456077,-495.114187780609,0.579486865724016,0.296200044604118,0.579486865724016,"False"
13,1,3.15307629270841,0.11180139926044,2.41972916610834,0.422730087655368,-491.221970155424,1,2.8379074760146,0.141737428333055,3.08227925273759,0.122690797101656,-489.504922968894,1,3.20566793012594,0.45416884587567,10.2119152956249,-498.187863267802,0.000169452094584965,3.08311247516624e-05,0.000169452094584965,"True"
13,1,3.15307629270841,0.11180139926044,2.41972916610834,0.422730087655368,-491.221970155424,1,4.85105122537688,0.141737428333055,3.08227925273759,0.122690797101656,-489.504922968894,1,3.20566793012594,0.45416884587567,10.2119152956249,-498.187863267802,0.000169452094584965,3.08311247516624e-05,0.000169452094584965,"True"
14,1,6.11509215395037,2.89396772105247e-09,0.512519015064395,13.2395503120971,-524.926974921951,1,6.51958412007028,0.00282867056703527,0.529399035869984,12.7842784872859,-524.49807309818,1,6.11509190036899,0.512516625750328,13.2396498501559,-524.926974908615,0.651223869430578,0.354354063418783,0.651223869430578,"False"
14,1,6.11509215395037,2.89396772105247e-09,0.512519015064395,13.2395503120971,-524.926974921951,1,-32.0507948284306,0.00282867056703527,0.529399035869984,12.7842784872859,-524.49807309818,1,6.11509190036899,0.512516625750328,13.2396498501559,-524.926974908615,0.651223869430578,0.354354063418783,0.651223869430578,"False"
15,1,5.00869333555537,0.0476567118976456,1.01661561666575,4.85940173931808,-512.346002767143,1,4.61003878876027,0.0662574006640517,1.3148507438577,3.37026929612745,-511.38712531653,1,5.10972296612258,0.379984632518228,17.6470776892298,-513.778640792674,0.091490926445791,0.0287414900402156,0.091490926445791,"False"
15,1,5.00869333555537,0.0476567118976456,1.01661561666575,4.85940173931808,-512.346002767143,1,7.51492088760617,0.0662574006640517,1.3148507438577,3.37026929612745,-511.38712531653,1,5.10972296612258,0.379984632518228,17.6470776892298,-513.778640792674,0.091490926445791,0.0287414900402156,0.091490926445791,"False"
16,1,5.61883903247965,0.0919002494361613,2.04337164527169,1.63551381537766,-514.499972991656,1,5.75374843681555,0.0939789493690245,2.08018800505508,1.58642434524243,-514.277265764277,1,5.70068340965553,0.4522500376848,14.5843135711453,-518.66500669818,0.0124287749540514,0.00305306492481283,0.0124287749540514,"True"
16,1,5.61883903247965,0.0919002494361613,2.04337164527169,1.63551381537766,-514.499972991656,1,4.7839649282668,0.0939789493690245,2.08018800505508,1.58642434524243,-514.277265764277,1,5.70068340965553,0.4522500376848,14.5843135711453,-518.66500669818,0.0124287749540514,0.00305306492481283,0.0124287749540514,"True"
17,1,7.65662346767663,0.0156296978787465,0.793522862963117,8.22139870239739,-531.846446923494,1,7.59863640549753,0.0157856667170801,0.795196725253365,8.20149794729947,-531.836263359651,1,7.64798130890989,0.603458063223902,11.4053110127559,-532.012089887825,0.838763472548485,0.553178863341999,0.838763472548485,"False"
17,1,7.65662346767663,0.0156296978787465,0.793522862963117,8.22139870239739,-531.846446923494,1,8.76225159742795,0.0157856667170801,0.795196725253365,8.20149794729947,-531.836263359651,1,7.64798130890989,0.603458063223902,11.4053110127559,-532.012089887825,0.838763472548485,0.553178863341999,0.838763472548485,"False"
18,1,6.9485327919852,0.0076708970637416,0.96707785073963,4.27533675616606,-524.48424404654,1,6.02622280470685,0.0219152831902769,1.15764403101408,3.31743644941054,-522.769001508622,1,6.96793456541238,0.84062167700165,5.24382480394304,-524.5728487395,0.164664166977158,0.0575127992000612,0.164664166977158,"False"
18,1,6.9485327919852,0.0076708970637416,0.96707785073963,4.27533675616606,-524.48424404654,1,19.9169927054489,0.0219152831902769,1.15764403101408,3.31743644941054,-522.769001508622,1,6.96793456541238,0.84062167700165,5.24382480394304,-524.5728487395,0.164664166977158,0.0575127992000612,0.164664166977158,"False"
19,1,5.17062574157903,0.0252838154701482,1.0170329347929,5.36617686555705,-528.927998949213,1,4.7635735373619,0.029739896620541,1.06528058604301,5.0699172738023,-528.264620211086,1,5.06305593773934,0.652642695782758,9.51367624315904,-529.454193159575,0.304351209961797,0.122964759903907,0.304351209961797,"False"
19,1,5.17062574157903,0.0252838154701482,1.0170329347929,5.36617686555705,-528.927998949213,1,10.1333270097266,0.029739896620541,1.06528058604301,5.0699172738023,-528.264620211086,1,5.06305593773934,0.652642695782758,9.51367624315904,-529.454193159575,0.304351209961797,0.122964759903907,0.304351209961797,"False"
20,1,7.73468485374993,0.0287050536349407,1.55538439329863,3.21044066812947,-545.984011422441,1,7.75823218062116,0.0287127246241207,1.55550856231653,3.21006487175198,-545.982591305753,1,7.7979437251194,0.950056047391985,6.55140618458594,-546.728897052167,0.474114821858709,0.221811713678387,0.474114821858709,"False"
20,1,7.73468485374993,0.0287050536349407,1.55538439329863,3.21044066812947,-545.984011422441,1,7.45350895478514,0.0287127246241207,1.55550856231653,3.21006487175198,-545.982591305753,1,7.7979437251194,0.950056047391985,6.55140618458594,-546.728897052167,0.474114821858709,0.221811713678387,0.474114821858709,"False"
21,1,4.93157086662573,0.032035821488084,1.01800608149804,4.3828146188784,-515.899432351711,1,4.71872090117451,0.0366954024942528,1.09152062097134,3.96853786517811,-515.689398099336,1,4.87571851838538,0.578832626395092,9.30662985088136,-516.617474951015,0.395313225773427,0.173069375163906,0.395313225773427,"False"
21,1,4.93157086662573,0.032035821488084,1.01800608149804,4.3828146188784,-515.899432351711,1,7.13237618296773,0.0366954024942528,1.09152062097134,3.96853786517811,-515.689398099336,1,4.87571851838538,0.578832626395092,9.30662985088136,-516.617474951015,0.395313225773427,0.173069375163906,0.395313225773427,"False"
22,1,5.01787287448413,0.0283385377227298,0.860763298166934,7.43780938098891,-527.705073143707,1,4.72625938178493,0.0304685140751584,0.880641072351302,7.2282146124772,-527.307158067147,1,4.9386654506583,0.517698478123322,13.7770372158453,-528.300240810395,0.370432979277262,0.158742389579914,0.370432979277262,"False"
22,1,5.01787287448413,0.0283385377227298,0.860763298166934,7.43780938098891,-527.705073143707,1,8.38295913857108,0.0304685140751584,0.880641072351302,7.2282146124772,-527.307158067147,1,4.9386654506583,0.517698478123322,13.7770372158453,-528.300240810395,0.370432979277262,0.158742389579914,0.370432979277262,"False"
23,1,6.38948075633251,1.35728547447361e-09,0.618792840696914,12.0655170734115,-537.708750269612,1,7.0576424009354,0.0041846659017561,0.64254524863874,11.5851157170945,-536.758347591344,1,6.38946269257276,0.61905577766324,12.0570104347972,-537.708748319515,0.386586076479375,0.167988638007512,0.386586076479375,"False"
23,1,6.38948075633251,1.35728547447361e-09,0.618792840696914,12.0655170734115,-537.708750269612,1,-35.5543008085777,0.0041846659017561,0.64254524863874,11.5851157170945,-536.758347591344,1,6.38946269257276,0.61905577766324,12.0570104347972,-537.708748319515,0.386586076479375,0.167988638007512,0.386586076479375,"False"
24,1,6.48307210588442,0.0304692262556941,1.22877684684665,4.01118021468295,-531.159238981584,1,6.63384292836601,0.0304935362740327,1.22673974854088,4.02030647527735,-531.081877661025,1,6.52123160475107,0.704337030113172,8.67911173734453,-531.915558142771,0.434447364612823,0.19661238479767,0.434447364612823,"False"
24,1,6.48307210588442,0.0304692262556941,1.22877684684665,4.01118021468295,-531.159238981584,1,4.76678706151503,0.0304935362740327,1.22673974854088,4.02030647527735,-531.081877661025,1,6.52123160475107,0.704337030113172,8.67911173734453,-531.915558142771,0.434447364612823,0.19661238479767,0.434447364612823,"False"
25,1,6.55206263554097,0.0460105951479477,1.84815009269815,1.14018178377763,-520.311456762328,1,6.79577597415537,0.050046022116571,1.94031447175495,1.02389437858419,-520.083166951325,1,6.51712591733403,0.898887189088105,4.26426483668404,-522.288988023654,0.110160038801971,0.0356944644282787,0.110160038801971,"False"
25,1,6.55206263554097,0.0460105951479477,1.84815009269815,1.14018178377763,-520.311456762328,1,4.56015007411458,0.050046022116571,1.94031447175495,1.02389437858419,-520.083166951325,1,6.51712591733403,0.898887189088105,4.26426483668404,-522.288988023654,0.110160038801971,0.0356944644282787,0.110160038801971,"False"
26,1,4.57807559348967,0.00708201205107309,0.81940897594621,6.11179873505994,-524.735164419343,1,4.33424092013761,0.00882684305506341,0.84257486272794,5.88594028346873,-524.600204644715,1,4.5678992687417,0.717189913556391,7.30304734566389,-524.783276509571,0.832708311124119,0.545113806143563,0.832708311124119,"False"
26,1,4.57807559348967,0.00708201205107309,0.81940897594621,6.11179873505994,-524.735164419343,1,12.5151342953305,0.00882684305506341,0.84257486272794,5.88594028346873,-524.600204644715,1,4.5678992687417,0.717189913556391,7.30304734566389,-524.783276509571,0.832708311124119,0.545113806143563,0.832708311124119,"False"
27,1,5.6430342220889,0.0860226456410916,1.41664325363417,2.46777346381127,-496.490939087435,1,5.81474332125811,0.0927194632013712,1.49761374950942,2.29464044770884,-496.065646447412,1,5.62726533174761,0.324192018635703,18.0772023873822,-499.931351117093,0.0209481557046315,0.00542683738269578,0.0209481557046315,"True"
27,1,5.6430342220889,0.0860226456410916,1.41664325363417,2.46777346381127,-496.490939087435,1,4.61532682334437,0.0927194632013712,1.49761374950942,2.29464044770884,-496.065646447412,1,5.62726533174761,0.324192018635703,18.0772023873822,-499.931351117093,0.0209481557046315,0.00542683738269578,0.0209481557046315,"True"
28,1,5.12357297600001,1.32316482889466e-08,0.587752868609183,9.19157080094484,-517.428822770007,1,5.62998919063232,0.00703414590003272,0.645440738981325,8.26574464992613,-516.829665047253,1,5.12357294729686,0.587753402952973,9.19155447361415,-517.428822767018,0.549274084015627,0.273658627770203,0.549274084015627,"False"
28,1,5.12357297600001,1.32316482889466e-08,0.587752868609183,9.19157080094484,-517.428822770007,1,-14.3626072677154,0.00703414590003272,0.645440738981325,8.26574464992613,-516.829665047253,1,5.12357294729686,0.587753402952973,9.19155447361415,-517.428822767018,0.549274084015627,0.273658627770203,0.549274084015627,"False"
29,1,4.51044431606747,2.04773789539468e-10,0.605602841057001,6.66081399977783,-503.849563781581,1,4.11492961688647,1.26124283406243e-09,0.603389239941005,6.66084793175107,-503.494606091408,1,4.51044426096697,0.605602366220111,6.66082440401178,-503.849563929983,0.701203006303484,0.399471806457441,0.701203006303484,"False"
29,1,4.51044431606747,2.04773789539468e-10,0.605602841057001,6.66081399977783,-503.849563781581,1,82169849.7754687,1.26124283406243e-09,0.603389239941005,6.66084793175107,-503.494606091408,1,4.51044426096697,0.605602366220111,6.66082440401178,-503.849563929983,0.701203006303484,0.399471806457441,0.701203006303484,"False"
30,1,6.87393493756652,0.034324045698941,1.51377787780357,3.18413610096068,-539.684979708919,1,6.91488039644362,0.0342678539968104,1.51195712594096,3.1905312514788,-539.679716513295,1,6.9723179176617,0.749276368442443,9.14246899055398,-540.691983987987,0.363394057850936,0.154776298574887,0.363394057850936,"False"
30,1,6.87393493756652,0.034324045698941,1.51377787780357,3.18413610096068,-539.684979708919,1,6.44596425634646,0.0342678539968104,1.51195712594096,3.1905312514788,-539.679716513295,1,6.9723179176617,0.749276368442443,9.14246899055398,-540.691983987987,0.363394057850936,0.154776298574887,0.363394057850936,"False"
31,1,5.01422945045169,0.112030845792734,3.72635110065199,1e-10,-517.889704486579,1,5.03228125122342,0.11195763295264,3.72468160648152,1.00004263256372e-10,-517.886172162931,1,5.18059796927423,0.505145267958686,13.1097358919519,-522.931452503512,0.00643965481420428,0.00149030753914825,0.00643965481420428,"True"
31,1,5.01422945045169,0.112030845792734,3.72635110065199,1e-10,-517.889704486579,1,4.90897592756143,0.11195763295264,3.72468160648152,1.00004263256372e-10,-517.886172162931,1,5.18059796927423,0.505145267958686,13.1097358919519,-522.931452503512,0.00643965481420428,0.00149030753914825,0.00643965481420428,"True"
32,1,6.70246916298105,0.0229722328200568,0.835200360492382,9.10399304148052,-538.671223635081,1,7.10284271451847,0.030405663272253,0.922064242289269,8.09146983382032,-537.973107088875,1,6.73399534573694,0.519306945906304,16.2862650960264,-538.957119555996,0.373808192604436,0.160657660193492,0.373808192604436,"False"
32,1,6.70246916298105,0.0229722328200568,0.835200360492382,9.10399304148052,-538.671223635081,1,1.99713090567307,0.030405663272253,0.922064242289269,8.09146983382032,-537.973107088875,1,6.73399534573694,0.519306945906304,16.2862650960264,-538.957119555996,0.373808192604436,0.160657660193492,0.373808192604436,"False"
33,1,5.24131012246102,1.16520019365125e-09,0.547341606641143,6.72882776777554,-494.530614546141,1,4.78352541295601,1.37038219816605e-09,0.544374125866036,6.72895634628939,-494.004214308727,1,5.24131015132037,0.547342368440186,6.72880897478884,-494.53061450617,0.590727649675349,0.304863011238836,0.590727649675349,"False"
33,1,5.24131012246102,1.16520019365125e-09,0.547341606641143,6.72882776777554,-494.530614546141,1,87522828.0744789,1.37038219816605e-09,0.544374125866036,6.72895634628939,-494.004214308727,1,5.24131015132037,0.547342368440186,6.72880897478884,-494.53061450617,0.590727649675349,0.304863011238836,0.590727649675349,"False"
34,1,3.19953565985678,0.0353834227510264,0.570735602410107,5.48149293538679,-468.470224827657,1,3.40070014865514,0.0408793226070781,0.615850824109117,4.95870558791751,-468.123295447446,1,3.17572621477328,0.286190349589663,13.4020895190942,-469.139519960887,0.361958934774442,0.15397232264451,0.361958934774442,"False"
34,1,3.19953565985678,0.0353834227510264,0.570735602410107,5.48149293538679,-468.470224827657,1,1.36682095387337,0.0408793226070781,0.615850824109117,4.95870558791751,-468.123295447446,1,3.17572621477328,0.286190349589663,13.4020895190942,-469.139519960887,0.361958934774442,0.15397232264451,0.361958934774442,"False"
35,1,7.815567787944,0.00271278027503596,0.567338837734796,19.2201657487946,-556.946793429684,1,7.57527350224843,0.00200639643838947,0.55268324921486,19.8300852873764,-556.804677852724,1,7.8113669802704,0.530795722817463,20.7874195309953,-556.952331507052,0.862729865958289,0.586839383965128,0.862729865958289,"False"
35,1,7.815567787944,0.00271278027503596,0.567338837734796,19.2201657487946,-556.946793429684,1,39.1045958612056,0.00200639643838947,0.55268324921486,19.8300852873764,-556.804677852724,1,7.8113669802704,0.530795722817463,20.7874195309953,-556.952331507052,0.862729865958289,0.586839383965128,0.862729865958289,"False"
36,1,5.47057624193639,1.17462298256578e-10,0.479005115442366,15.9886250655782,-529.958051929363,1,4.70152546703294,0.00133470339555928,0.443358801738555,17.6703290886292,-528.182443450752,1,5.47056332361183,0.479040904752468,15.9867835163796,-529.958051974424,0.169380346182126,0.0595017924198809,0.169380346182126,"False"
36,1,5.47057624193639,1.17462298256578e-10,0.479005115442366,15.9886250655782,-529.958051929363,1,159.021902249896,0.00133470339555928,0.443358801738555,17.6703290886292,-528.182443450752,1,5.47056332361183,0.479040904752468,15.9867835163796,-529.958051974424,0.169380346182126,0.0595017924198809,0.169380346182126,"False"
37,1,4.74458161931515,1e-10,0.493537624490042,9.32613118002421,-501.267636528846,1,4.68360220567804,2.26532498381565e-09,0.493460204553804,9.32699930843166,-501.257458475335,1,4.74458165196701,0.49353707135193,9.32615015250501,-501.267636655278,0.989873442441938,0.886546296444675,0.989873442441938,"False"
37,1,4.74458161931515,1e-10,0.493537624490042,9.32613118002421,-501.267636528846,1,7024659.86340995,2.26532498381565e-09,0.493460204553804,9.32699930843166,-501.257458475335,1,4.74458165196701,0.49353707135193,9.32615015250501,-501.267636655278,0.989873442441938,0.886546296444675,0.989873442441938,"False"
38,1,3.8689462471733,0.0299964282510875,0.724624430036012,6.55228101396516,-503.448562261616,1,3.31839599025825,0.049790018724276,0.94789623350616,4.55264284614544,-501.368064876186,1,3.88110078960755,0.348293703458933,17.2665794935719,-503.930748848801,0.0770975348284526,0.0235785712564984,0.0770975348284526,"False"
38,1,3.8689462471733,0.0299964282510875,0.724624430036012,6.55228101396516,-503.448562261616,1,8.45427874974472,0.049790018724276,0.94789623350616,4.55264284614544,-501.368064876186,1,3.88110078960755,0.348293703458933,17.2665794935719,-503.930748848801,0.0770975348284526,0.0235785712564984,0.0770975348284526,"False"
39,1,4.02224201401132,1.72154115100369e-05,0.447899037594805,10.3296379407465,-497.469211271837,1,4.16581331647253,0.000638287859653524,0.452017069007408,10.2185359025471,-497.40653554837,1,4.02226359959664,0.447848166705118,10.3298973577385,-497.469212333,0.939247003701197,0.72329911916814,0.939247003701197,"False"
39,1,4.02224201401132,1.72154115100369e-05,0.447899037594805,10.3296379407465,-497.469211271837,1,-55.1254235480668,0.000638287859653524,0.452017069007408,10.2185359025471,-497.40653554837,1,4.02226359959664,0.447848166705118,10.3298973577385,-497.469212333,0.939247003701197,0.72329911916814,0.939247003701197,"False"
40,1,4.67511381942349,0.00767507773815905,0.446169071029493,11.7861312076427,-500.567644521133,1,4.90656079128461,0.0083275670369798,0.449001246827364,11.6877537625235,-500.350777223179,1,4.69269747928072,0.37632372691087,14.529339416269,-500.605759357934,0.774930342158378,0.475154323947749,0.774930342158378,"False"
40,1,4.67511381942349,0.00767507773815905,0.446169071029493,11.7861312076427,-500.567644521133,1,-3.14497478041933,0.0083275670369798,0.449001246827364,11.6877537625235,-500.350777223179,1,4.69269747928072,0.37632372691087,14.529339416269,-500.605759357934,0.774930342158378,0.475154323947749,0.774930342158378,"False"
41,1,3.98995342491077,0.0326914955657226,1.25824341547916,0.778726040454836,-484.359401735327,1,4.28768049448395,0.0356609037810191,1.29806888940274,0.719622745380221,-484.008682535527,1,4.01734932915986,0.781562502802017,2.22673377681338,-485.840963603964,0.160048070469429,0.0555812458463997,0.160048070469429,"False"
41,1,3.98995342491077,0.0326914955657226,1.25824341547916,0.778726040454836,-484.359401735327,1,0.879542002974651,0.0356609037810191,1.29806888940274,0.719622745380221,-484.008682535527,1,4.01734932915986,0.781562502802017,2.22673377681338,-485.840963603964,0.160048070469429,0.0555812458463997,0.160048070469429,"False"
42,1,5.35655212810457,0.0188881863391396,1.00233591943813,6.9657411360524,-543.989951542761,1,5.57082284567272,0.0200944502117499,1.01903456645704,6.82303602748453,-543.869233377035,1,5.2981250081018,0.703333727778634,10.898630834412,-544.271450759687,0.668835336687364,0.369770746412088,0.668835336687364,"False"
42,1,5.35655212810457,0.0188881863391396,1.00233591943813,6.9657411360524,-543.989951542761,1,2.09118406735747,0.0200944502117499,1.01903456645704,6.82303602748453,-543.869233377035,1,5.2981250081018,0.703333727778634,10.898630834412,-544.271450759687,0.668835336687364,0.369770746412088,0.668835336687364,"False"
43,1,5.15108468554801,0.00177215813282045,0.476395418492367,8.39359742286524,-491.193412666893,1,4.66602351533578,0.00907630079808714,0.528747245689252,7.38635254586603,-490.45591526552,1,5.15407576923298,0.460477070439983,8.76221152136461,-491.196481014187,0.476844065300575,0.22359757293863,0.476844065300575,"False"
43,1,5.15108468554801,0.00177215813282045,0.476395418492367,8.39359742286524,-491.193412666893,1,19.8790286960674,0.00907630079808714,0.528747245689252,7.38635254586603,-490.45591526552,1,5.15407576923298,0.460477070439983,8.76221152136461,-491.196481014187,0.476844065300575,0.22359757293863,0.476844065300575,"False"
44,1,6.58983340203397,0.0105041408759026,0.564049553423308,10.3018239070953,-514.008774325442,1,6.71478041976283,0.0115513378358756,0.573258564142022,10.1094179432127,-513.954473237765,1,6.58700892455894,0.459689051207004,13.1793454951376,-514.101569381511,0.863210981089568,0.587546454193863,0.863210981089568,"False"
44,1,6.58983340203397,0.0105041408759026,0.564049553423308,10.3018239070953,-514.008774325442,1,3.47786106245918,0.0115513378358756,0.573258564142022,10.1094179432127,-513.954473237765,1,6.58700892455894,0.459689051207004,13.1793454951376,-514.101569381511,0.863210981089568,0.587546454193863,0.863210981089568,"False"
45,1,4.05077165875499,0.0152862421350099,0.540161942433843,6.73236590890329,-484.283180825485,1,4.30379180982398,0.0203819612218019,0.586627741067912,6.03703015380253,-483.994609223845,1,4.05611435007236,0.399906759859555,9.96378896296211,-484.48109192499,0.614784978266734,0.323941728025141,0.614784978266734,"False"
45,1,4.05077165875499,0.0152862421350099,0.540161942433843,6.73236590890329,-484.283180825485,1,0.148979748242882,0.0203819612218019,0.586627741067912,6.03703015380253,-483.994609223845,1,4.05611435007236,0.399906759859555,9.96378896296211,-484.48109192499,0.614784978266734,0.323941728025141,0.614784978266734,"False"
46,1,4.47467385162158,0.0138383492513493,0.936887762579124,4.45409440236699,-519.260063264506,1,4.88715356497734,0.0168263321327016,0.96846904419001,4.26514057405296,-518.787925958953,1,4.53383370584715,0.730442793075138,6.30592057607888,-519.405131183462,0.539449974363122,0.266551022254803,0.539449974363122,"False"
46,1,4.47467385162158,0.0138383492513493,0.936887762579124,4.45409440236699,-519.260063264506,1,-3.27644256430101,0.0168263321327016,0.96846904419001,4.26514057405296,-518.787925958953,1,4.53383370584715,0.730442793075138,6.30592057607888,-519.405131183462,0.539449974363122,0.266551022254803,0.539449974363122,"False"
47,1,4.58854575585218,0.0321449265348891,1.17449384204224,2.3484056092933,-505.352949555364,1,4.13834935939129,0.0419993018162733,1.31919882129574,1.95103905551095,-504.556489742987,1,4.61166239167806,0.707740939541453,5.07944330868057,-506.481479483866,0.145877253420899,0.0497465992848116,0.145877253420899,"False"
47,1,4.58854575585218,0.0321449265348891,1.17449384204224,2.3484056092933,-505.352949555364,1,8.62818454075811,0.0419993018162733,1.31919882129574,1.95103905551095,-504.556489742987,1,4.61166239167806,0.707740939541453,5.07944330868057,-506.481479483866,0.145877253420899,0.0497465992848116,0.145877253420899,"False"
48,1,7.68916367063197,0.0204119359002484,1.19168432654021,6.42770384409009,-555.843621533168,1,7.1025274940277,0.0281796356682664,1.31053415622646,5.70300841484323,-554.875821025267,1,7.65623148783347,0.770855502972907,11.4924718471504,-556.198410443565,0.266444471737097,0.103864468196192,0.266444471737097,"False"
48,1,7.68916367063197,0.0204119359002484,1.19168432654021,6.42770384409009,-555.843621533168,1,14.9546175125215,0.0281796356682664,1.31053415622646,5.70300841484323,-554.875821025267,1,7.65623148783347,0.770855502972907,11.4924718471504,-556.198410443565,0.266444471737097,0.103864468196192,0.266444471737097,"False"
49,1,6.87139608636995,2.39698386052623e-10,0.65536011886007,11.3675518733472,-539.824754095249,1,7.19364862422686,1.23559508349808e-09,0.653935368262987,11.3674149047807,-539.612954446984,1,6.87139612144342,0.655360376050678,11.3675442513538,-539.824754146906,0.809126749488006,0.515146456099442,0.809126749488006,"False"
49,1,6.87139608636995,2.39698386052623e-10,0.65536011886007,11.3675518733472,-539.824754095249,1,-67848886.1048118,1.23559508349808e-09,0.653935368262987,11.3674149047807,-539.612954446984,1,6.87139612144342,0.655360376050678,11.3675442513538,-539.824754146906,0.809126749488006,0.515146456099442,0.809126749488006,"False"
50,1,3.63171861695833,4.84170561644714e-10,0.519606003251066,9.08439898032141,-504.843730318961,1,3.99789686936941,1.60502830246387e-09,0.51307010330475,9.23357623363748,-504.493133895359,1,3.63171864982506,0.519605090929107,9.08442770466588,-504.843730368156,0.704267887774753,0.402383137359487,0.704267887774753,"False"
50,1,3.63171861695833,4.84170561644714e-10,0.519606003251066,9.08439898032141,-504.843730318961,1,-59511142.1315435,1.60502830246387e-09,0.51307010330475,9.23357623363748,-504.493133895359,1,3.63171864982506,0.519605090929107,9.08442770466588,-504.843730368156,0.704267887774753,0.402383137359487,0.704267887774753,"False"
51,1,5.12317609511759,1.10408214975323e-09,0.712100872368391,6.21931798856435,-516.283553456761,1,5.13380314457473,1.48279574319276e-09,0.71210112643736,6.21928475741165,-516.283335346936,1,5.12317609740336,0.712100760049392,6.21931992997223,-516.283553461924,0.999781908797229,0.983336499464793,0.999781908797229,"False"
51,1,5.12317609511759,1.10408214975323e-09,0.712100872368391,6.21931798856435,-516.283553456761,1,-1879267.65943279,1.48279574319276e-09,0.71210112643736,6.21928475741165,-516.283335346936,1,5.12317609740336,0.712100760049392,6.21931992997223,-516.283553461924,0.999781908797229,0.983336499464793,0.999781908797229,"False"
52,1,3.61026154374663,0.0393109291052543,0.801459978190975,4.62272804704087,-491.173636857481,1,3.52546609992526,0.0405465969095417,0.816379261460004,4.50664218786711,-491.129649012358,1,3.72525306984184,0.371432375308474,12.9218019338703,-492.244461653769,0.327976722399287,0.135386678518901,0.327976722399287,"False"
52,1,3.61026154374663,0.0393109291052543,0.801459978190975,4.62272804704087,-491.173636857481,1,4.35280444217921,0.0405465969095417,0.816379261460004,4.50664218786711,-491.129649012358,1,3.72525306984184,0.371432375308474,12.9218019338703,-492.244461653769,0.327976722399287,0.135386678518901,0.327976722399287,"False"
53,1,5.44201070128705,0.0078768162751934,0.660801782851385,13.8022312959043,-548.103398112593,1,5.25161965864349,0.00877297517226536,0.669416457870357,13.5986459473667,-548.003362572113,1,5.42059608830012,0.561759292246528,16.6914998102968,-548.137110757411,0.874810326970985,0.605016193998,0.874810326970985,"False"
53,1,5.44201070128705,0.0078768162751934,0.660801782851385,13.8022312959043,-548.103398112593,1,11.6035124425434,0.00877297517226536,0.669416457870357,13.5986459473667,-548.003362572113,1,5.42059608830012,0.561759292246528,16.6914998102968,-548.137110757411,0.874810326970985,0.605016193998,0.874810326970985,"False"
54,1,4.31765820244731,5.10364009029581e-10,0.50317055716939,6.94705417715733,-487.928209231362,1,4.48573713926146,1.26997398319072e-09,0.502770547693229,6.94708691569116,-487.851296585576,1,4.31765820026408,0.503170664909473,6.94705123640036,-487.928209290581,0.925970682684638,0.694906139712962,0.925970682684638,"False"
54,1,4.31765820244731,5.10364009029581e-10,0.50317055716939,6.94705417715733,-487.928209231362,1,-34663360.931494,1.26997398319072e-09,0.502770547693229,6.94708691569116,-487.851296585576,1,4.31765820026408,0.503170664909473,6.94705123640036,-487.928209290581,0.925970682684638,0.694906139712962,0.925970682684638,"False"
55,1,6.67403747344195,1e-10,0.415524676498012,19.3022474456054,-528.287683300146,1,6.81636753967248,1.31799530339631e-09,0.415229945949864,19.3041314124728,-528.225274572496,1,6.67403755012073,0.415524966294018,19.3022278573097,-528.287683406136,0.939498709586402,0.723866964436905,0.939498709586402,"False"
55,1,6.67403747344195,1e-10,0.415524676498012,19.3022474456054,-528.287683300146,1,-27783472.4350486,1.31799530339631e-09,0.415229945949864,19.3041314124728,-528.225274572496,1,6.67403755012073,0.415524966294018,19.3022278573097,-528.287683406136,0.939498709586402,0.723866964436905,0.939498709586402,"False"
56,1,4.18457742979461,1.8731149128289e-10,0.448268620547478,11.6401661305399,-504.351299668935,1,4.52098559114702,1.34387062294974e-09,0.440258882371363,11.926497759508,-504.013079001489,1,4.18457739216026,0.448268924143186,11.6401529293528,-504.351299911735,0.71303775315284,0.410814669735758,0.71303775315284,"False"
56,1,4.18457742979461,1.8731149128289e-10,0.448268620547478,11.6401661305399,-504.351299668935,1,-65002996.5030985,1.34387062294974e-09,0.440258882371363,11.926497759508,-504.013079001489,1,4.18457739216026,0.448268924143186,11.6401529293528,-504.351299911735,0.71303775315284,0.410814669735758,0.71303775315284,"False"
57,1,4.91628066027307,1.8731149128289e-10,0.626797601406766,11.5470762349417,-536.40472599178,1,4.36865795391179,1.63005973001276e-09,0.608486905610614,11.9992988610823,-535.758266382988,1,4.91628082159297,0.6268060585115,11.5468144026067,-536.40472610841,0.523897237559229,0.25551062936539,0.523897237559229,"False"
57,1,4.91628066027307,1.8731149128289e-10,0.626797601406766,11.5470762349417,-536.40472599178,1,87267881.1067654,1.63005973001276e-09,0.608486905610614,11.9992988610823,-535.758266382988,1,4.91628082159297,0.6268060585115,11.5468144026067,-536.40472610841,0.523897237559229,0.25551062936539,0.523897237559229,"False"
58,1,4.41992575751658,0.0103395761769423,0.721451657055868,5.28886983921636,-503.662704958602,1,4.78237096769096,0.0154006384550947,0.775766574925845,4.80170407847115,-503.285356537354,1,4.40950970019783,0.598778349198657,6.79958081131562,-503.752171479614,0.626996110159764,0.333921474798519,0.626996110159764,"False"
58,1,4.41992575751658,0.0103395761769423,0.721451657055868,5.28886983921636,-503.662704958602,1,-2.57300410256102,0.0154006384550947,0.775766574925845,4.80170407847115,-503.285356537354,1,4.40950970019783,0.598778349198657,6.79958081131562,-503.752171479614,0.626996110159764,0.333921474798519,0.626996110159764,"False"
59,1,5.239496097797,0.0133689631971758,0.738898012826678,6.38593771869262,-513.128896021344,1,5.63279795619153,0.0191623069755693,0.801432966229565,5.76069198164566,-512.668028805034,1,5.20997187746242,0.572352325547524,8.92818472527128,-513.292775917176,0.535396806752569,0.263649099686759,0.535396806752569,"False"
59,1,5.239496097797,0.0133689631971758,0.738898012826678,6.38593771869262,-513.128896021344,1,-0.925371115221307,0.0191623069755693,0.801432966229565,5.76069198164566,-512.668028805034,1,5.20997187746242,0.572352325547524,8.92818472527128,-513.292775917176,0.535396806752569,0.263649099686759,0.535396806752569,"False"
60,1,6.10840146245904,0.0543546608478513,1.53097390454444,2.71911825964448,-523.3944114831,1,6.06086878495077,0.0540755651426152,1.52398221756161,2.73912444457529,-523.381676632157,1,5.95080603845674,0.692911054361736,7.96283525143479,-525.831464542733,0.0863118903974094,0.0268632932446653,0.0863118903974094,"False"
60,1,6.10840146245904,0.0543546608478513,1.53097390454444,2.71911825964448,-523.3944114831,1,6.47624890151639,0.0540755651426152,1.52398221756161,2.73912444457529,-523.381676632157,1,5.95080603845674,0.692911054361736,7.96283525143479,-525.831464542733,0.0863118903974094,0.0268632932446653,0.0863118903974094,"False"
61,1,7.17933565670406,1.04365574564144e-10,0.851034146134788,7.30718119321744,-541.409394620146,1,5.21841466474825,1.4376311728288e-09,0.59458749913419,12.1613776232634,-534.301151784215,1,7.17933567362051,0.851033968884166,7.30718407009457,-541.409395037701,0.000818331330806887,0.000162936711166517,0.000818331330806887,"True"
61,1,7.17933565670406,1.04365574564144e-10,0.851034146134788,7.30718119321744,-541.409394620146,1,353554616.087021,1.4376311728288e-09,0.59458749913419,12.1613776232634,-534.301151784215,1,7.17933567362051,0.851033968884166,7.30718407009457,-541.409395037701,0.000818331330806887,0.000162936711166517,0.000818331330806887,"True"
62,1,4.71774284428509,0.0237139998310914,0.664782940348372,8.55620416412066,-512.667923602769,1,5.08993019119023,0.0349616730606484,0.794489091890539,6.82409865099535,-512.004519476843,1,4.72100416291382,0.396370747015182,16.3499396788247,-512.999763890524,0.369633090118066,0.158289777543069,0.369633090118066,"False"
62,1,4.71774284428509,0.0237139998310914,0.664782940348372,8.55620416412066,-512.667923602769,1,1.02317674249032,0.0349616730606484,0.794489091890539,6.82409865099535,-512.004519476843,1,4.72100416291382,0.396370747015182,16.3499396788247,-512.999763890524,0.369633090118066,0.158289777543069,0.369633090118066,"False"
63,1,6.29063950565417,0.024962548293886,1.22269782980784,3.34966339979014,-526.565780199238,1,6.75598476084686,0.032550336506979,1.3602553141108,2.83549838070026,-525.96850412888,1,6.23519174609174,0.751779610879553,6.97954212848574,-527.104517297855,0.321096631329222,0.131727569503856,0.321096631329222,"False"
63,1,6.29063950565417,0.024962548293886,1.22269782980784,3.34966339979014,-526.565780199238,1,1.46212076059715,0.032550336506979,1.3602553141108,2.83549838070026,-525.96850412888,1,6.23519174609174,0.751779610879553,6.97954212848574,-527.104517297855,0.321096631329222,0.131727569503856,0.321096631329222,"False"
64,1,5.0672127734191,0.0329392891347571,0.779900629331965,5.38463545432182,-499.171178240135,1,5.58447102566838,0.0548006660554012,1.02837167116803,3.73146948213167,-497.632138113517,1,5.02193893928161,0.432061853961804,11.4796514317818,-499.977660968348,0.0957971010567772,0.0303201897413545,0.0957971010567772,"False"
64,1,5.0672127734191,0.0329392891347571,0.779900629331965,5.38463545432182,-499.171178240135,1,1.36524921379397,0.0548006660554012,1.02837167116803,3.73146948213167,-497.632138113517,1,5.02193893928161,0.432061853961804,11.4796514317818,-499.977660968348,0.0957971010567772,0.0303201897413545,0.0957971010567772,"False"
65,1,3.15539212404218,0.031897868790008,0.578402688881379,5.45347151821312,-471.351462083645,1,3.20745559038218,0.032475862848621,0.584453896622217,5.37317904413123,-471.331085962811,1,3.17712725306358,0.296014078801608,13.2859851463234,-471.890641663196,0.571462908203475,0.290109872805916,0.571462908203475,"False"
65,1,3.15539212404218,0.031897868790008,0.578402688881379,5.45347151821312,-471.351462083645,1,2.58767272800405,0.032475862848621,0.584453896622217,5.37317904413123,-471.331085962811,1,3.17712725306358,0.296014078801608,13.2859851463234,-471.890641663196,0.571462908203475,0.290109872805916,0.571462908203475,"False"
66,1,7.96179246889017,0.0268836886161097,1.51734884055615,3.97271957202126,-553.294651483695,1,7.55043497133191,0.0266494677144826,1.48765059188886,4.10233086722786,-552.882427997747,1,7.82053563318022,0.905205122212773,8.34974725966588,-554.217518613626,0.263134330226938,0.102244380199285,0.263134330226938,"False"
66,1,7.96179246889017,0.0268836886161097,1.51734884055615,3.97271957202126,-553.294651483695,1,13.1241708124319,0.0266494677144826,1.48765059188886,4.10233086722786,-552.882427997747,1,7.82053563318022,0.905205122212773,8.34974725966588,-554.217518613626,0.263134330226938,0.102244380199285,0.263134330226938,"False"
67,1,3.09746076351662,0.0677014250875579,1.3903563046593,1.26089020561601,-482.110447988968,1,2.76659271098771,0.0817446470274494,1.59256576377126,0.951401101778855,-480.709138925569,1,3.0236554468531,0.468880491067104,7.65428245529546,-485.926556970037,0.00542130864927748,0.00123660521934188,0.00542130864927748,"True"
67,1,3.09746076351662,0.0677014250875579,1.3903563046593,1.26089020561601,-482.110447988968,1,5.44898006961029,0.0817446470274494,1.59256576377126,0.951401101778855,-480.709138925569,1,3.0236554468531,0.468880491067104,7.65428245529546,-485.926556970037,0.00542130864927748,0.00123660521934188,0.00542130864927748,"True"
68,1,5.53696371765441,0.0223819015917449,0.653357333685837,10.1616212435822,-521.489014430039,1,5.74314864025394,0.0256270210183656,0.686713415268242,9.5806912118319,-521.317613555289,1,5.48410686809414,0.392933901069843,19.0028331383187,-521.838960199065,0.593720479399197,0.307195910765308,0.593720479399197,"False"
68,1,5.53696371765441,0.0223819015917449,0.653357333685837,10.1616212435822,-521.489014430039,1,3.07780609343123,0.0256270210183656,0.686713415268242,9.5806912118319,-521.317613555289,1,5.48410686809414,0.392933901069843,19.0028331383187,-521.838960199065,0.593720479399197,0.307195910765308,0.593720479399197,"False"
69,1,7.63136711105352,1.17462298256578e-10,0.663149256608006,8.67468583314358,-526.043634625887,1,8.36483989391839,0.00529439656414865,0.701188451835998,8.09884163235971,-524.779027925134,1,7.63137386143789,0.663204947201626,8.67335135379618,-526.043634674142,0.282350308850384,0.111755907446836,0.282350308850384,"False"
69,1,7.63136711105352,1.17462298256578e-10,0.663149256608006,8.67468583314358,-526.043634625887,1,-31.8572040742788,0.00529439656414865,0.701188451835998,8.09884163235971,-524.779027925134,1,7.63137386143789,0.663204947201626,8.67335135379618,-526.043634674142,0.282350308850384,0.111755907446836,0.282350308850384,"False"
70,1,6.10602332108159,0.00584578510674457,0.60479974946637,10.0687538680744,-521.958950161434,1,5.1560604613033,0.0430233545909236,0.99537228659831,5.48356573232722,-518.559045098564,1,6.10719461909822,0.534832570888034,11.7436867684969,-521.990585764542,0.0323370817330452,0.00879946786315877,0.0323370817330452,"True"
70,1,6.10602332108159,0.00584578510674457,0.60479974946637,10.0687538680744,-521.958950161434,1,14.5598992829274,0.0430233545909236,0.99537228659831,5.48356573232722,-518.559045098564,1,6.10719461909822,0.534832570888034,11.7436867684969,-521.990585764542,0.0323370817330452,0.00879946786315877,0.0323370817330452,"True"
71,1,5.56971561535255,0.0170787040995643,0.931740569216167,5.67475235048035,-527.757239193455,1,6.12117224183531,0.0222371502888489,0.973816679392678,5.40566730164591,-526.778353378251,1,5.61762662269682,0.692633394711533,8.31908301627441,-528.062150387317,0.276983592038885,0.109073511212706,0.276983592038885,"False"
71,1,5.56971561535255,0.0170787040995643,0.931740569216167,5.67475235048035,-527.757239193455,1,-2.64912132164351,0.0222371502888489,0.973816679392678,5.40566730164591,-526.778353378251,1,5.61762662269682,0.692633394711533,8.31908301627441,-528.062150387317,0.276983592038885,0.109073511212706,0.276983592038885,"False"
72,1,8.08130669716812,1e-10,0.526165445577983,15.6482146230403,-537.716435320894,1,7.85305434323929,2.06226963930462e-09,0.521352224834977,15.8398120905228,-537.587741477694,1,8.08130724983578,0.526168245958176,15.6480857811192,-537.716435378972,0.879243059535484,0.611920475838143,0.879243059535484,"False"
72,1,8.08130669716812,1e-10,0.526165445577983,15.6482146230403,-537.716435320894,1,28509173.6436393,2.06226963930462e-09,0.521352224834977,15.8398120905228,-537.587741477694,1,8.08130724983578,0.526168245958176,15.6480857811192,-537.716435378972,0.879243059535484,0.611920475838143,0.879243059535484,"False"
73,1,5.97347636352144,1.07788870256394e-09,0.665116355511578,9.48815347724031,-531.144267759422,1,6.38405446288594,1.22736342547539e-09,0.654987734077132,9.68867766679342,-530.798310197236,1,5.97347635886423,0.665116212857289,9.48815700589592,-531.144267772011,0.707542504119321,0.405513730306577,0.707542504119321,"False"
73,1,5.97347636352144,1.07788870256394e-09,0.665116355511578,9.48815347724031,-531.144267759422,1,-87426157.5086345,1.22736342547539e-09,0.654987734077132,9.68867766679342,-530.798310197236,1,5.97347635886423,0.665116212857289,9.48815700589592,-531.144267772011,0.707542504119321,0.405513730306577,0.707542504119321,"False"
74,1,4.55012862422396,0.0621814238765908,1.19590118829575,3.68213763029181,-508.057975270345,1,4.74227153522385,0.0644795796223483,1.21291773707791,3.63096439955342,-507.705745275281,1,4.57229232613015,0.427359902719237,13.9575987756241,-510.488978999387,0.0618382159786702,0.0183076596576877,0.0618382159786702,"False"
74,1,4.55012862422396,0.0621814238765908,1.19590118829575,3.68213763029181,-508.057975270345,1,3.16729744301191,0.0644795796223483,1.21291773707791,3.63096439955342,-507.705745275281,1,4.57229232613015,0.427359902719237,13.9575987756241,-510.488978999387,0.0618382159786702,0.0183076596576877,0.0618382159786702,"False"
75,1,5.45807827859492,0.0665774530158108,1.86888356910179,3.87557368490171,-551.644452801372,1,5.37189510961033,0.0672964320035099,1.886399782425,3.82377039620203,-551.595884049562,1,5.48830737267037,0.621540662721075,15.5370529720183,-553.42949914359,0.159834704597005,0.0554923308608094,0.159834704597005,"False"
75,1,5.45807827859492,0.0665774530158108,1.86888356910179,3.87557368490171,-551.644452801372,1,6.05919082124345,0.0672964320035099,1.886399782425,3.82377039620203,-551.595884049562,1,5.48830737267037,0.621540662721075,15.5370529720183,-553.42949914359,0.159834704597005,0.0554923308608094,0.159834704597005,"False"
76,1,7.51188120824001,0.0282727448013039,1.09875886777401,7.72619572691744,-553.483160197933,1,7.4035244108913,0.0293266306083855,1.11977678900583,7.5372044472273,-553.444105886214,1,7.51677034966304,0.557322553030591,18.5078457317696,-554.016219353835,0.564331481135764,0.28476092336354,0.564331481135764,"False"
76,1,7.51188120824001,0.0282727448013039,1.09875886777401,7.72619572691744,-553.483160197933,1,8.76202625212177,0.0293266306083855,1.11977678900583,7.5372044472273,-553.444105886214,1,7.51677034966304,0.557322553030591,18.5078457317696,-554.016219353835,0.564331481135764,0.28476092336354,0.564331481135764,"False"
77,1,3.99653441739797,0.0264612624158724,0.647486367966002,7.4874311002074,-501.400062732326,1,3.83567563042824,0.028551594658303,0.666829114787063,7.22171883010418,-501.250691687002,1,3.95139041578973,0.399154949788325,13.4861567866252,-501.787035000616,0.584883080795096,0.300339387953346,0.584883080795096,"False"
77,1,3.99653441739797,0.0264612624158724,0.647486367966002,7.4874311002074,-501.400062732326,1,5.94447282857159,0.028551594658303,0.666829114787063,7.22171883010418,-501.250691687002,1,3.95139041578973,0.399154949788325,13.4861567866252,-501.787035000616,0.584883080795096,0.300339387953346,0.584883080795096,"False"
78,1,7.30779498174622,1.00000000737126e-10,0.597005420796536,11.329954174591,-530.588383458894,1,7.50625707145195,1.71471689191294e-09,0.59649797433697,11.3288363283162,-530.500234295657,1,7.30779459134374,0.597007085156,11.3299009144804,-530.588383688081,0.915624079205348,0.674573492643826,0.915624079205348,"False"
78,1,7.30779498174622,1.00000000737126e-10,0.597005420796536,11.329954174591,-530.588383458894,1,-30112734.0327179,1.71471689191294e-09,0.59649797433697,11.3288363283162,-530.500234295657,1,7.30779459134374,0.597007085156,11.3299009144804,-530.588383688081,0.915624079205348,0.674573492643826,0.915624079205348,"False"
79,1,4.9495450018681,0.0342739202040542,1.21223444929209,3.30363275719998,-519.61901698211,1,5.06559227638565,0.0340575628577731,1.2051198912141,3.33631839553667,-519.566528594528,1,5.01085880653158,0.640540960486025,8.31719748772881,-520.466097356079,0.406745026019933,0.179816799111878,0.406745026019933,"False"
79,1,4.9495450018681,0.0342739202040542,1.21223444929209,3.30363275719998,-519.61901698211,1,3.73212583425601,0.0340575628577731,1.2051198912141,3.33631839553667,-519.566528594528,1,5.01085880653158,0.640540960486025,8.31719748772881,-520.466097356079,0.406745026019933,0.179816799111878,0.406745026019933,"False"
80,1,5.5259548362888,0.00849545151376503,0.428593390664979,15.1685318978678,-511.708391875927,1,5.4685944360097,0.00909482749331943,0.433682800232016,14.9606925270247,-511.695663548495,1,5.54397143979518,0.344189490324611,19.8177415011413,-511.756285508335,0.941178975981391,0.727689254858799,0.941178975981391,"False"
80,1,5.5259548362888,0.00849545151376503,0.428593390664979,15.1685318978678,-511.708391875927,1,7.24385617486203,0.00909482749331943,0.433682800232016,14.9606925270247,-511.695663548495,1,5.54397143979518,0.344189490324611,19.8177415011413,-511.756285508335,0.941178975981391,0.727689254858799,0.941178975981391,"False"
81,1,2.63684981643719,0.0594863290973603,1.4696141546607,0.814062188921351,-482.598042177738,1,2.34249989453426,0.0635324666253242,1.51934921326561,0.748708947633933,-481.79828055184,1,2.4312203393832,0.541315397583629,5.76693166697903,-486.167288726403,0.0126637946148895,0.00311643358166513,0.0126637946148895,"True"
81,1,2.63684981643719,0.0594863290973603,1.4696141546607,0.814062188921351,-482.598042177738,1,4.98982152126447,0.0635324666253242,1.51934921326561,0.748708947633933,-481.79828055184,1,2.4312203393832,0.541315397583629,5.76693166697903,-486.167288726403,0.0126637946148895,0.00311643358166513,0.0126637946148895,"True"
82,1,7.29460165213956,0.0209071060552576,0.868784381043974,8.41527431453038,-539.13513389791,1,6.79344059670736,0.0307910638367608,1.02001646584227,6.8281474853188,-538.364718630186,1,7.3321337850256,0.53589553965538,15.6593743475956,-539.53843650494,0.309215178232072,0.125489278089494,0.309215178232072,"False"
82,1,7.29460165213956,0.0209071060552576,0.868784381043974,8.41527431453038,-539.13513389791,1,12.5683779214845,0.0307910638367608,1.02001646584227,6.8281474853188,-538.364718630186,1,7.3321337850256,0.53589553965538,15.6593743475956,-539.53843650494,0.309215178232072,0.125489278089494,0.309215178232072,"False"
83,1,5.76349488420908,0.0512534689234931,1.2874573036323,4.17503325112857,-526.284362406981,1,5.08863838748445,0.105628487974721,2.48994419521666,1.43679130160959,-523.29519301697,1,5.83308795232412,0.453777351621909,16.806217445258,-527.866641812428,0.0103429640180946,0.00249685371811192,0.0103429640180946,"True"
83,1,5.76349488420908,0.0512534689234931,1.2874573036323,4.17503325112857,-526.284362406981,1,9.34028191356124,0.105628487974721,2.48994419521666,1.43679130160959,-523.29519301697,1,5.83308795232412,0.453777351621909,16.806217445258,-527.866641812428,0.0103429640180946,0.00249685371811192,0.0103429640180946,"True"
84,1,5.94498196610673,0.0282042935561965,1.29693012311933,2.70904514779935,-522.361091835611,1,5.83911543137226,0.0281087989169335,1.29393928929063,2.71898657185686,-522.327101574124,1,5.95746023623159,0.831391676444967,5.18669451782077,-523.017978661701,0.501136335797352,0.239802573382277,0.501136335797352,"False"
84,1,5.94498196610673,0.0282042935561965,1.29693012311933,2.70904514779935,-522.361091835611,1,7.23098171338038,0.0281087989169335,1.29393928929063,2.71898657185686,-522.327101574124,1,5.95746023623159,0.831391676444967,5.18669451782077,-523.017978661701,0.501136335797352,0.239802573382277,0.501136335797352,"False"
85,1,5.45145946180203,0.0194317471023812,0.66778317982452,7.10897373310331,-505.353471086984,1,5.52994899390701,0.0190421332951861,0.662432340156745,7.18369178600066,-505.328552155895,1,5.45944973197304,0.460054016031698,11.4020471578081,-505.676362586949,0.706232743322383,0.404259071957066,0.706232743322383,"False"
85,1,5.45145946180203,0.0194317471023812,0.66778317982452,7.10897373310331,-505.353471086984,1,4.17954770905619,0.0190421332951861,0.662432340156745,7.18369178600066,-505.328552155895,1,5.45944973197304,0.460054016031698,11.4020471578081,-505.676362586949,0.706232743322383,0.404259071957066,0.706232743322383,"False"
86,1,5.31363144555098,1e-10,0.461351828089136,20.665212501142,-542.957398176301,1,4.3808410305485,0.0291062613996386,0.731922123847739,12.1221927860293,-540.109905989885,1,5.31363262459901,0.461348709973873,20.6654156717418,-542.957398285253,0.0579895593777755,0.0170134619215643,0.0579895593777755,"False"
86,1,5.31363144555098,1e-10,0.461351828089136,20.665212501142,-542.957398176301,1,16.0730788191648,0.0291062613996386,0.731922123847739,12.1221927860293,-540.109905989885,1,5.31363262459901,0.461348709973873,20.6654156717418,-542.957398285253,0.0579895593777755,0.0170134619215643,0.0579895593777755,"False"
87,1,5.20019886747323,0.000154941956802722,0.39998657490436,13.5234551295489,-502.074518937089,1,5.52071269854397,0.00430940213896158,0.425454601431335,12.6035724684976,-501.677075982473,1,5.2006506979209,0.398780025548365,13.571130883981,-502.074531762235,0.672027659213486,0.372619097466554,0.672027659213486,"False"
87,1,5.20019886747323,0.000154941956802722,0.39998657490436,13.5234551295489,-502.074518937089,1,-15.7846586840919,0.00430940213896158,0.425454601431335,12.6035724684976,-501.677075982473,1,5.2006506979209,0.398780025548365,13.571130883981,-502.074531762235,0.672027659213486,0.372619097466554,0.672027659213486,"False"
88,1,3.83628449908463,0.0405231408869818,0.905290486389193,4.97422617126596,-505.826471097473,1,3.53304486161534,0.0488757624695811,0.993731534726594,4.43874370120461,-505.206336893364,1,3.85571393689992,0.44995678897487,12.0635288749786,-506.793078252133,0.204591216034435,0.0748426949377428,0.204591216034435,"False"
88,1,3.83628449908463,0.0405231408869818,0.905290486389193,4.97422617126596,-505.826471097473,1,6.32681126973104,0.0488757624695811,0.993731534726594,4.43874370120461,-505.206336893364,1,3.85571393689992,0.44995678897487,12.0635288749786,-506.793078252133,0.204591216034435,0.0748426949377428,0.204591216034435,"False"
89,1,6.20239038750584,9.03265719802801e-10,0.450982731538465,15.7837393982517,-523.300555134051,1,6.67457928555875,1.61436691715858e-09,0.432100083556694,16.6814533178033,-522.64446241565,1,6.20239037970559,0.450982072636078,15.7837749429703,-523.300555128371,0.518874771636885,0.251999353110185,0.518874771636885,"False"
89,1,6.20239038750584,9.03265719802801e-10,0.450982731538465,15.7837393982517,-523.300555134051,1,-75547446.9010889,1.61436691715858e-09,0.432100083556694,16.6814533178033,-522.64446241565,1,6.20239037970559,0.450982072636078,15.7837749429703,-523.300555128371,0.518874771636885,0.251999353110185,0.518874771636885,"False"
90,1,7.29318866127553,6.76255842467072e-10,0.526705811907117,12.8335719673814,-525.716559166071,1,7.55842037260306,1.38784449642262e-09,0.52573519599442,12.8339743900646,-525.539505643863,1,7.29318999956827,0.526688527420105,12.8342592101363,-525.716559163697,0.837734947888425,0.551797391525848,0.837734947888425,"False"
90,1,7.29318866127553,6.76255842467072e-10,0.526705811907117,12.8335719673814,-525.716559166071,1,-49610716.3903568,1.38784449642262e-09,0.52573519599442,12.8339743900646,-525.539505643863,1,7.29318999956827,0.526688527420105,12.8342592101363,-525.716559163697,0.837734947888425,0.551797391525848,0.837734947888425,"False"
91,1,5.07888875894147,0.0199793637804547,0.612876747755414,12.0252236095752,-526.518933352892,1,4.99724593600589,0.0197433859922293,0.609441944746816,12.1052323573604,-526.490254376948,1,5.05681505387912,0.402280103447871,19.7912699437889,-526.795628069157,0.736847968591376,0.434506545416533,0.736847968591376,"False"
91,1,5.07888875894147,0.0199793637804547,0.612876747755414,12.0252236095752,-526.518933352892,1,6.34596617578308,0.0197433859922293,0.609441944746816,12.1052323573604,-526.490254376948,1,5.05681505387912,0.402280103447871,19.7912699437889,-526.795628069157,0.736847968591376,0.434506545416533,0.736847968591376,"False"
92,1,4.99852051477314,1e-10,0.369775695691286,11.7106491872716,-486.028722672699,1,4.84977871231945,1.53190845703939e-09,0.369471304779701,11.7106727410823,-485.948956211837,1,4.99852050927855,0.369776045687162,11.7106309102154,-486.028722882362,0.923331761769422,0.689586522081066,0.923331761769422,"False"
92,1,4.99852051477314,1e-10,0.369775695691286,11.7106491872716,-486.028722672699,1,25246694.0791322,1.53190845703939e-09,0.369471304779701,11.7106727410823,-485.948956211837,1,4.99852050927855,0.369776045687162,11.7106309102154,-486.028722882362,0.923331761769422,0.689586522081066,0.923331761769422,"False"
93,1,3.9526644352831,0.050889401729612,0.953979124498103,3.38200431045324,-488.113995429872,1,3.79366768071174,0.0539823472835796,0.985493759385546,3.24221263807527,-487.883304894868,1,3.87490508245274,0.421362779827066,10.0258012914436,-489.893859778909,0.133914347115092,0.0449341370300713,0.133914347115092,"False"
93,1,3.9526644352831,0.050889401729612,0.953979124498103,3.38200431045324,-488.113995429872,1,5.24267781665847,0.0539823472835796,0.985493759385546,3.24221263807527,-487.883304894868,1,3.87490508245274,0.421362779827066,10.0258012914436,-489.893859778909,0.133914347115092,0.0449341370300713,0.133914347115092,"False"
94,1,4.40384328424291,0.0156959439539393,0.613560491807335,8.1263086859155,-506.234447101229,1,4.55177186506273,0.01504935323274,0.603297886335526,8.31004119866555,-506.153122547817,1,4.46272576799754,0.459597579125221,11.5701169193109,-506.423392280946,0.763173613364333,0.462209240116335,0.763173613364333,"False"
94,1,4.40384328424291,0.0156959439539393,0.613560491807335,8.1263086859155,-506.234447101229,1,1.52527852508005,0.01504935323274,0.603297886335526,8.31004119866555,-506.153122547817,1,4.46272576799754,0.459597579125221,11.5701169193109,-506.423392280946,0.763173613364333,0.462209240116335,0.763173613364333,"False"
95,1,3.52955763026999,7.28642737236805e-10,0.378379406938866,11.575477384646,-487.588119557269,1,3.55177270483455,1.35728547447362e-09,0.37837296560032,11.5754598176746,-487.586380149515,1,3.52955757907537,0.378379718124528,11.5754613673471,-487.588119563066,0.99826209835198,0.952966777417633,0.99826209835198,"False"
95,1,3.52955763026999,7.28642737236805e-10,0.378379406938866,11.575477384646,-487.588119557269,1,-4256646.1958756,1.35728547447362e-09,0.37837296560032,11.5754598176746,-487.586380149515,1,3.52955757907537,0.378379718124528,11.5754613673471,-487.588119563066,0.99826209835198,0.952966777417633,0.99826209835198,"False"
96,1,6.31147363455213,0.0277235529377947,1.14791010946027,3.92510593175939,-525.22698014723,1,6.79606871392728,0.0371278149552509,1.29060148011024,3.34078851067716,-524.49206756613,1,6.22943236508387,0.714605520346995,7.53269158470046,-525.989342734547,0.223738981346871,0.0835451030873386,0.223738981346871,"False"
96,1,6.31147363455213,0.0277235529377947,1.14791010946027,3.92510593175939,-525.22698014723,1,1.83458266301922,0.0371278149552509,1.29060148011024,3.34078851067716,-524.49206756613,1,6.22943236508387,0.714605520346995,7.53269158470046,-525.989342734547,0.223738981346871,0.0835451030873386,0.223738981346871,"False"
97,1,7.73366310268285,0.0112555207667138,0.905908239082619,8.39908057323532,-548.219783892872,1,7.74642485041652,0.0112918394406072,0.906542519996922,8.39154202767959,-548.219418132069,1,7.72963433215308,0.730202242011973,10.9858221100904,-548.360855211885,0.868109795495084,0.594823549070175,0.868109795495084,"False"
97,1,7.73366310268285,0.0112555207667138,0.905908239082619,8.39908057323532,-548.219783892872,1,7.40790052267411,0.0112918394406072,0.906542519996922,8.39154202767959,-548.219418132069,1,7.72963433215308,0.730202242011973,10.9858221100904,-548.360855211885,0.868109795495084,0.594823549070175,0.868109795495084,"False"
98,1,4.48988045223214,0.0181973579699542,0.839938198311091,6.36748113560941,-522.673756141734,1,4.8026915934698,0.0224482609405613,0.893682018603077,5.88097912422549,-522.389960514749,1,4.41812604526685,0.593075032148885,10.0021380855797,-522.920237563377,0.588441920066571,0.303088842252325,0.588441920066571,"False"
98,1,4.48988045223214,0.0181973579699542,0.839938198311091,6.36748113560941,-522.673756141734,1,0.304058869147003,0.0224482609405613,0.893682018603077,5.88097912422549,-522.389960514749,1,4.41812604526685,0.593075032148885,10.0021380855797,-522.920237563377,0.588441920066571,0.303088842252325,0.588441920066571,"False"
99,1,6.55642284637068,0.120750764601894,4.7070078932761,0.031758575390027,-537.190972269102,1,6.21960829672481,0.133070821705517,5.01886173543832,1.00003410605098e-10,-535.813390940969,1,6.30606069147606,0.551537451695458,15.6641365774674,-542.348206641112,0.00145199660586071,0.000300122188757634,0.00145199660586071,"True"
99,1,6.55642284637068,0.120750764601894,4.7070078932761,0.031758575390027,-537.190972269102,1,8.5407442252491,0.133070821705517,5.01886173543832,1.00003410605098e-10,-535.813390940969,1,6.30606069147606,0.551537451695458,15.6641365774674,-542.348206641112,0.00145199660586071,0.000300122188757634,0.00145199660586071,"True"
100,1,6.5085208957502,0.0481416174827116,2.00617310136439,1.29006454923524,-529.871017291811,1,6.13950707948259,0.053731760278764,2.13230995926886,1.14008152394879,-529.349722098806,1,6.5454127833462,0.865749986753764,5.81126155774056,-532.070042925773,0.0658536234186072,0.0196734409651435,0.0658536234186072,"False"
100,1,6.5085208957502,0.0481416174827116,2.00617310136439,1.29006454923524,-529.871017291811,1,9.37489649343519,0.053731760278764,2.13230995926886,1.14008152394879,-529.349722098806,1,6.5454127833462,0.865749986753764,5.81126155774056,-532.070042925773,0.0658536234186072,0.0196734409651435,0.0658536234186072,"False"
