"gene","OUM_loglik","OUM_AICc","OUM_delta_aicc","OUM_aicc_weight","OUM_alpha","OUM_sigma_sq"
"1",-173.413666440965,355.038973093571,0,0.996612,0.172888919400803,0.146501007591954
"2",-179.900292694286,368.012225600213,0,0.996608,0.256578075066618,0.213029319518692
"3",-175.324532269152,358.860704749943,0,0.95139,0.118996385066325,0.115883158366345
"4",-168.865852505107,345.943345221854,0,0.957656,0.121067509258878,0.109593078033724
"5",-168.392142304293,344.995924820226,0,0.999997,0.230696239742093,0.173551973699165
"6",-163.108979020083,334.429598251806,0,0.999999,0.230054511439577,0.163969932456854
"7",-176.209640680643,360.630921572925,0,1,0.494155306819864,0.365714747051071
"8",-157.178528815669,322.568697842977,0,0.993213,0.17470078847784,0.124867490562652
"9",-184.848155573495,377.907951358631,0.339985084097862,0.457604,0.99430297474535,0.785162051015374
"10",-176.886926495414,361.985493202468,1.24215429083256,0.349537,0.265122817825196,0.212159857673104
"11",-179.302738697977,366.817117607595,0,0.684164,0.144664001063224,0.137222958972332
"12",-140.511639276755,289.23491876515,0,0.999999,0.355408231344167,0.187513507477942
"13",-171.629739720997,351.471119653634,0,0.999848,0.252628475791819,0.193094450364314
"14",-175.34550630512,358.90265282188,2.07639178758325,0.261498,0.157907081825204,0.140077905404843
"15",-173.524647631874,355.260935475388,1.64846803571476,0.304866,0.2889694481735,0.220370527298771
"16",-185.504850090856,379.221340393352,1.82802147470272,0.28618,0.172650955961009,0.165765855274164
"17",-188.332255804032,384.876151819704,0,0.996371,0.200682813993408,0.191095687367192
"18",-180.872903026823,369.957446265287,0,0.679946,0.143610119034645,0.13878449718238
"19",-177.75473245748,363.721105126601,0,0.986944,0.270050129266745,0.217373224803096
"20",-172.658873304377,353.529386820395,0,0.995947,0.35366168429168,0.260154159080757
"21",-165.988526528424,340.188693268487,0,0.802454,0.242184374463162,0.176023965230238
"22",-170.530404416877,349.272449045394,0,0.577774,0.257630466002841,0.194049077030167
"23",-173.21652782475,354.64469586114,0,0.99692,0.294654439522096,0.223248736735953
"24",-154.966732442843,318.145105097325,0,0.99992,0.193292885176061,0.131625617841819
"25",-166.673790369857,341.559220951354,0,0.997517,0.27495990157393,0.19684813914159
"26",-183.581370502434,375.374381216509,2.02774108035123,0.266223,0.139815948604902,0.140131515897827
"27",-155.046177265201,318.303994742042,0,0.999997,0.214750609433976,0.142883669661044
"28",-138.228094539154,284.667829289948,0,1,0.20170684481293,0.114423251102201
"29",-172.136071800384,352.483783812408,0,0.716698,0.181275860836538,0.149749096110561
"30",-168.810233443923,345.832107099486,0,0.951398,0.184041401151364,0.146323219927572
"31",-178.951239486544,366.114119184728,0,0.525595,0.264652865821928,0.216409332291479
"32",-166.169092597779,340.549825407199,0.584621709633836,0.427438,0.365019649157236,0.250143811019338
"33",-154.856486024892,317.924612261425,0,0.999997,0.216504977515745,0.143529445294216
"34",-173.134163163647,354.479966538935,0,0.959312,0.227747775363145,0.180368157627452
"35",-181.900915927347,372.013472066334,0,0.875412,0.130425561467772,0.131412920185865
"36",-185.170434125638,378.552508462915,0,0.993831,0.414503927850414,0.341114977514001
"37",-176.744463582306,361.700567376251,0,0.717656,0.243977148533683,0.197873649133606
"38",-178.956772858206,366.125185928052,1.81367772256277,0.287647,0.251108335816914,0.207234721833941
"39",-169.977629045329,348.166898302298,0,0.973467,0.165849897104463,0.137192780061617
"40",-173.126371163638,354.464382538916,0,0.999882,0.267114581609547,0.205374223745437
"41",-158.02292305748,324.257486326601,0,0.591583,0.221860771432901,0.151146283053953
"42",-182.96056801098,374.1327762336,0,0.993085,0.214681532506577,0.190487116687805
"43",-159.115532979531,326.442706170703,0,0.548811,0.142630271255979,0.110365761302024
"44",-171.084988662643,350.381617536926,0,0.767526,0.318565116659341,0.23349749970398
"45",-164.87208331917,337.955806849981,0,0.999993,0.167964964183912,0.131357703112934
"46",-166.132283155408,340.476206522456,0,0.948176,0.170369795680482,0.134462536778582
"47",-181.717844877592,371.647329966825,0,0.673878,0.229955999698853,0.198645356895747
"48",-165.56940879192,339.350457795481,0,0.999876,0.173312583349647,0.135354668274035
"49",-173.40172017812,355.01508056788,0,0.999984,0.467951978059678,0.337799076292422
"50",-152.821551926805,313.85474406525,0,1,0.310495189127804,0.18920840263636
"51",-183.41461702646,375.04087426456,0,0.99996,0.403992532708657,0.327329174928287
"52",-176.909930094208,362.031500400056,0,0.986369,0.143829630684261,0.133376372973385
"53",-166.550568968181,341.312778148003,0,1,0.361882809034004,0.249238336802905
"54",-179.309477714644,366.830595640929,0,0.906789,0.161611362389435,0.148236422297596
"55",-178.173360981034,364.558362173709,0.277058923135087,0.465423,0.182582018843757,0.160164716148385
"56",-181.302382892593,370.816405996826,0,0.995473,0.321756072174423,0.261720245573552
"57",-158.435235476824,325.082111165289,1.05103356717143,0.371563,0.184439784718914,0.131695705701549
"58",-174.008962649728,356.229565511095,1.57067831780148,0.31317,0.5911395309734,0.423343709605989
"59",-191.74979831857,391.711236848781,0,0.997284,0.249939301677967,0.236113315527207
"60",-166.000224405336,340.212089022312,0,0.985041,0.212541748872361,0.158688152467377
"61",-171.98276800254,352.17717621672,0,0.993735,0.254179580935906,0.194800454794337
"62",-187.154918780466,382.521477772572,0,0.939293,0.275342542897678,0.243394318224469
"63",-150.221841089931,308.655322391502,1.48951272128215,0.321965,0.518188750929795,0.29247532599671
"64",-177.618684552053,363.449009315747,1.26250661016661,0.347226,0.251573522207086,0.204719667711398
"65",-171.975671546861,352.162983305363,0,0.999356,0.264250968750066,0.201143911928867
"66",-179.073142013401,366.357924238443,0,0.724866,0.2268182829965,0.191105399149743
"67",-180.668196405239,369.548033022118,0,0.96736,0.199444710484744,0.175415797556896
"68",-173.465647927761,355.142936067163,0,1,0.29746387319638,0.225630001057768
"69",-167.589772723299,343.391185658238,0,0.678179,0.178207991621849,0.14107276680347
"70",-178.142964285754,364.497568783149,0,0.868715,0.148799810512214,0.138254807197214
"71",-177.747285848135,363.706211907911,0,0.997512,0.197677416739316,0.169346394899371
"72",-178.200430816888,364.612501845417,0,0.995895,0.162543113854624,0.147197732004795
"73",-168.045262220091,344.302164651822,0,0.917805,0.170954122423346,0.137407973136345
"74",-194.313118310771,396.837876833183,0.695543059671934,0.413923,0.403074943573583,0.365453944239734
"75",-172.620523403091,353.452687017823,0,0.683274,0.156860578560867,0.135481099509205
"76",-168.149567103037,344.510774417713,0,0.999916,0.175983915962912,0.140589858730818
"77",-168.880514757193,345.972669726026,0,0.999542,0.225776871320854,0.171429803208263
"78",-176.016878065923,360.245396343487,0,0.960596,0.340914098384288,0.260688333826326
"79",-167.300168725779,342.811977663198,0.330188266341906,0.45882,0.20435005053241,0.155985475149402
"80",-182.426575831261,373.064791874163,0,0.805412,0.305702382445039,0.253301283054957
"81",-175.644640900371,359.500922012382,0,0.999949,0.398796986349357,0.298659140560609
"82",-180.10815777815,368.427955767941,0,0.828029,0.291735808414746,0.237659796530757
"83",-189.913926755055,388.03949372175,0.595203242202956,0.426144,0.286488135874218,0.258942415405239
"84",-178.933082484451,366.077805180542,0,0.991722,0.994304569538509,0.738709349278792
"85",-177.809595012224,363.830830236088,1.69722596445206,0.299724,0.322974515493826,0.253285757102905
"86",-168.538752286834,345.289144785308,0,0.976777,0.255790972695666,0.188989888651453
"87",-182.624903014489,373.461446240619,0,0.995609,0.204808909320679,0.18285929434933
"88",-184.824997978179,377.861636167998,0,0.649621,0.164344279200607,0.158588570704837
"89",-171.582455890645,351.376551992929,0,0.881643,0.223752539523464,0.174944337472588
"90",-174.44016224855,357.09196470874,1.20261030158736,0.354045,0.235690866361189,0.187900135714957
"91",-174.393900904941,356.999442021523,0,0.993933,0.292123875864991,0.224477259753123
"92",-189.393262152177,386.998164515995,0,0.9496,0.260546806784267,0.237900890095649
"93",-180.475450426389,369.162541064419,0,0.981833,0.24175549678412,0.204111076161296
"94",-175.416103493639,359.043847198919,0,0.997865,0.266666801826829,0.209995033279146
"95",-161.191297389525,330.59423499069,0,0.999993,0.218308677963167,0.154202726176115
"96",-183.59518468242,375.40200957648,0,0.981705,0.255820253675645,0.220746236338812
"97",-187.468932309369,383.149504830379,1.22757818328671,0.351195,0.329265233816689,0.284506731918879
"98",-194.843302720766,397.898245653172,2.00323080681898,0.268624,0.204907086121362,0.207633821263536
"99",-183.680321811334,375.572283834308,0,0.933775,0.319438403094021,0.266541969011769
"100",-170.746696885557,349.705033982754,0,0.549926,0.173749389249497,0.142894305841481
"101",-175.88543034321,359.98250089806,0,0.797351,0.256345284454447,0.20408901940673
"102",-174.25943504912,356.730510309879,0,0.99845,0.220342436597592,0.17773477177917
"103",-184.886096584689,377.983833381019,0,0.981712,0.179611072293987,0.169581969329681
"104",-176.473651092108,361.158942395855,0.695639842187688,0.413911,0.215014251475532,0.178366058677358
"105",-181.319286968853,370.850214149347,0,1,0.592128438104413,0.457158239524678
"106",-189.280693471022,386.773027153684,0,0.995,0.30908168546317,0.274413796697868
"107",-171.873445502167,351.958531215973,0,0.99993,0.213733277378223,0.169341741928411
"108",-190.768462189101,389.748564589842,0,0.999284,0.357209154432064,0.31623267248222
"109",-182.207042403264,372.625725018169,0,0.986352,0.162047139685905,0.153067816707004
"110",-169.47596381607,347.16356784378,0,0.891809,0.14084060841088,0.121764955875486
"111",-159.160681078313,326.533002368266,0,0.996142,0.292640305212124,0.192015986141793
"112",-185.356253550089,378.924147311819,0,0.925668,0.31743664911374,0.269727799973161
"113",-190.153317461502,388.518275134645,0,0.986843,0.178562505943277,0.178282413735114
"114",-185.89884624257,380.00933269678,0,0.615518,0.200948541686413,0.186519233529048
"115",-163.870428736874,335.952497685389,0,0.878197,0.307953950669974,0.210550245411977
"116",-161.771619410959,331.754879033558,0,0.998369,0.268249120902573,0.183331702597681
"117",-177.19686573804,362.605371687721,0,0.757303,0.219159635408211,0.182311866056127
"118",-138.191226403545,284.594093018731,0,0.556642,0.166045846472829,0.0989638452028825
"119",-170.403254848948,349.018149909537,0,0.999909,0.223733039949867,0.172906707081078
"120",-179.321866704877,366.855373621394,0,0.98995,0.212103278681509,0.181739438982716
"121",-157.277544584801,322.766729381241,0,1,0.341673514582229,0.215262713569142
"122",-176.629419316709,361.470478845057,1.48022027145134,0.32298,0.184860145642477,0.15913392955036
"123",-174.432190035251,357.076020282143,0,0.66932,0.273246934343353,0.212109750421507
"124",-170.413553555176,349.038747321993,0,0.998027,0.261412905901185,0.196155131013958
"125",-137.333922777267,282.879485766174,0,0.998199,0.162898507024027,0.0967433893209688
"126",-182.854562051537,373.920764314714,0,0.974867,0.237795319911613,0.206401034858287
"127",-177.538531110848,363.288702433335,0,0.911749,0.136991832374488,0.12986764235848
"128",-172.442763599385,353.09716741041,0,0.753401,0.167811365524774,0.141929076481672
"129",-189.473309269766,387.158258751172,0,0.720135,0.237265711554374,0.220592648168775
"130",-176.955843687849,362.123327587338,0.473581861206469,0.441077,0.186898138742175,0.16098065067553
"131",-182.140016217694,372.491672647029,0,0.999657,0.204067322000056,0.181565549298135
"132",-158.502298782912,325.216237777464,0,0.97735,0.177001070153753,0.127805268918774
"133",-184.374205844136,376.960051899913,0,0.99704,0.305112909584038,0.258025574608919
"134",-174.892106144191,357.995852500023,0,0.99994,0.290688884309026,0.224553685393895
"135",-176.257898889345,360.727437990331,0,0.999707,0.436393347302139,0.326165570691792
"136",-165.61128688513,339.4342139819,0,0.999922,0.29712517434689,0.20787754388731
"137",-171.595957317709,351.403554847058,0,0.85851,0.118145381409885,0.110995332265645
"138",-182.060021386056,372.331682983751,0,0.965644,0.358173940733535,0.289781135637504
"139",-177.575754710372,363.363149632384,0,0.999995,0.534464259561237,0.399211900348092
"140",-173.389787725242,354.991215662123,0,0.997928,0.202988930348184,0.165219318037842
"141",-176.963011511042,362.137663233724,1.75134202234221,0.294076,0.178569802279576,0.155601477406384
"142",-152.192761723627,312.597163658895,0,0.999324,0.217483157780151,0.140132654313804
"143",-181.091471273122,370.394582757885,0,1,0.371531175494456,0.296464086864065
"144",-179.149060749352,366.509761710345,0,0.958621,0.173201111928385,0.155633645466307
"145",-171.244879453085,350.701399117809,0,0.999983,0.328207521572973,0.240048564545764
"146",-186.902932784634,382.017505780909,0,0.996935,0.211894797812083,0.19635952403717
"147",-193.144110698264,394.499861608169,0,0.534585,0.226376152371852,0.220640572521103
"148",-181.287485400368,370.786611012377,0,0.999989,0.29415000202344,0.242269310652225
"149",-180.415419016662,369.042478244964,0,0.999763,0.247249912049295,0.207745003919753
"150",-173.431528968,355.074698147641,0,1,0.344976719139191,0.256491615293956
"151",-174.220014761929,356.651669735498,0,1,0.308618528809314,0.234688997823288
"152",-164.498654788404,337.208949788448,0,0.77393,0.186639143999342,0.141430815994747
"153",-180.580608918308,369.372858048257,0,0.998411,0.212957412833348,0.184700732367318
"154",-181.943365410712,372.098371033064,0,0.652013,0.191327552539945,0.172484085350548
"155",-169.956064651475,348.123769514589,1.110611398424,0.364634,0.179818106030871,0.145524195565957
"156",-180.345440776356,368.902521764352,0,0.592533,0.229625215937039,0.195560375633813
"157",-189.44184173068,387.095323673,0.323093437365685,0.459701,0.376018086465002,0.326495981730185
"158",-177.039378374799,362.290396961239,0.497320291602762,0.438153,0.405134645578474,0.307249163056855
"159",-172.32591643564,352.863473082921,0,0.993877,0.210610581716434,0.168169477590106
"160",-177.121521656918,362.454683525475,0,0.947416,0.236027214209697,0.193386459711938
"161",-175.361711878791,358.935063969222,0,0.999707,0.21724375356631,0.177882143882066
"162",-183.439703953148,375.091048117936,1.92071812794069,0.276806,0.171343276392794,0.161393156271599
"163",-163.194741616583,334.601123444806,0,1,0.461109929600055,0.299870004368501
"164",-184.887077128801,377.985794469242,0,0.997008,0.386728916324123,0.319468607664756
"165",-169.221338485986,346.654317183613,1.45092699419985,0.326191,0.202732471117137,0.15814012623333
"166",-176.776698723138,361.765037657916,0,0.999189,0.253697391874495,0.204336487068591
"167",-173.031020603841,354.273681419323,0,0.714717,0.200786719545048,0.163249901843514
"168",-168.669022876372,345.549685964384,0,0.950728,0.276464240222669,0.201847289855272
"169",-176.736757554377,361.685155320394,0,0.939513,0.238200262584149,0.194050697504854
"170",-142.791127608719,293.793895429078,0,0.649563,0.272727961195249,0.152847611822343
"171",-182.770672491159,373.752985193958,0,1,0.319646714732965,0.264175782278614
"172",-172.199121977988,352.609884167616,0,0.989119,0.272977125872984,0.207148829816003
"173",-174.628342889672,357.468325990985,0,0.945522,0.315124098206878,0.239944282337958
"174",-179.555875460868,367.323391133376,2.01889636269806,0.267088,0.132419068685692,0.129549912908078
"175",-181.543228092349,371.298096396339,0,0.999863,0.507108773890059,0.395859532231968
"176",-177.897725666675,364.00709154499,0,0.999847,0.208573496431924,0.176777734468929
"177",-174.082390892148,356.376421995936,0,0.999995,0.259249572859788,0.202328762916425
"178",-181.462588124458,371.136816460556,0,0.99986,0.240824032279885,0.205550697587287
"179",-155.778569220846,319.768778653333,0,0.908733,0.160141404968859,0.115581805239428
"180",-145.344740600691,298.901121413023,0,1,0.281528479278217,0.161154151359539
"181",-178.315689942192,364.843020096025,1.3166103676927,0.34112,0.135407348604947,0.129912302766907
"182",-166.806964915751,341.825570043142,0,0.999979,0.234855959769912,0.173195906409663
"183",-178.732342205959,365.676324623558,0,0.990362,0.243546375560562,0.201671232344424
"184",-180.817830278534,369.847300768708,0,0.63261,0.362081117038893,0.288637437127424
"185",-178.180203244932,364.572046701504,0,0.999017,0.239905790423139,0.198108627343033
"186",-174.285055176967,356.781750565573,0,0.870371,0.182775705645142,0.15401880124875
"187",-189.986415081928,388.184470375497,0,0.932389,0.22872762023091,0.21531950993579
"188",-180.832648814992,369.876937841623,1.90466312193678,0.278416,0.141697593047503,0.137454756683819
"189",-175.556702170107,359.325044551853,0,0.996258,0.198258652334701,0.165934260127581
"190",-174.131953582337,356.475547376315,0,0.832387,0.269357607469197,0.208973044989402
"191",-163.754382895254,335.720406002148,0,0.601757,0.309229940738895,0.211058690522777
"192",-178.275859354948,364.763358921535,0,0.999969,0.553504109090026,0.415625134228439
"193",-168.468677629326,345.148995470292,1.06859342963196,0.369515,0.231807289559685,0.17433467164115
"194",-171.006080813278,350.223801838195,0,0.999994,0.274587805538083,0.20560937935395
"195",-161.125949728451,330.463539668543,0,0.995782,0.146473181043696,0.114748491090501
"196",-182.582435453224,373.376511118089,0,0.999293,0.219124886951208,0.192825577811388
"197",-185.300582529822,378.812805271283,0,0.913709,0.334788353060327,0.282311249382844
"198",-187.070410174836,382.352460561312,0.528235684590015,0.434352,0.340456777691052,0.291792919413469
"199",-163.565497659792,335.342635531224,0,0.996013,0.177497501721215,0.134931621534219
"200",-179.546226186257,367.304092584154,0,0.560254,0.234335202902461,0.19714469165923
"201",-153.658027141652,315.527694494944,0,1,0.31050046956961,0.190851605476875
"202",-183.165306329313,374.542252870266,0,0.756133,0.168814117320787,0.159204171552331
"203",-188.87325601724,385.95815224612,0,0.822934,0.156749550424477,0.160111273008374
"204",-164.729149671491,337.669939554622,0,0.981815,0.2421235269473,0.173737028373801
"205",-165.190595403679,338.592831018997,0,0.740074,0.163021416311752,0.129316323274416
"206",-183.197688171399,374.607016554438,0,0.715917,0.300631948942529,0.251720728807267
"207",-166.220693723238,340.653027658116,0,0.999859,0.218097806500269,0.162301909774811
"208",-179.309033229457,366.829706670554,0,0.997081,0.284466804744194,0.230763474706089
"209",-174.99044876485,358.192537741341,0,0.986346,0.226071633273056,0.182820357992773
"210",-179.334793788597,366.881227788834,0,0.988567,0.177733796115753,0.15891686469329
"211",-170.180652583479,348.572945378598,0,0.751084,0.158794670806969,0.133280928062375
"212",-170.335212534854,348.882065281348,0,0.97838,0.150736804233076,0.128588629114443
"213",-181.392488396455,370.996617004551,0,0.999505,0.221684011805663,0.192228173643451
"214",-182.472169846733,373.155979905107,0,0.999963,0.426839477309807,0.340764726267965
"215",-178.094219705656,364.400079622952,0,0.996938,0.248044379235385,0.203026323450875
"216",-172.867138670361,353.945917552363,0,0.753603,0.15393942304381,0.134055457596399
"217",-174.938861501661,358.089363214963,0,0.999808,0.228836733986862,0.184453884630722
"218",-162.995673925096,334.202988061831,0,0.999658,0.201843406946304,0.147804930522392
"219",-169.192833611358,346.597307434357,1.94569524065116,0.274313,0.237091272456858,0.1788602573936
"220",-168.461940095617,345.135520402874,0,0.907689,0.322722137134118,0.229877378952602
"221",-185.536870884615,379.285381980871,0,0.999441,0.37956961589392,0.316266507167693
"222",-177.204902653873,362.621445519386,0,0.999999,0.204406352587073,0.172792699832631
"223",-186.3225669226,380.85677405684,1.75200486953065,0.294007,0.169103244077374,0.164667189407868
"224",-168.307954938768,344.827550089176,0,1,0.406111395082996,0.281423952232084
"225",-170.909532638408,350.030705488456,0,0.969205,0.310518857228003,0.228017609254155
"226",-164.897364952783,338.006370117205,0,0.99878,0.171091631570231,0.133163649896683
"227",-160.368820435016,328.949281081672,1.8270901771848,0.286275,0.137537224985991,0.109124090150723
"228",-180.852918462345,369.91747713633,0,0.9775,0.261570859433383,0.218527061335454
"229",-165.634918082615,339.48147637687,0,0.999974,0.277308706172014,0.196115429244305
"230",-184.483075174601,377.177790560842,0,0.998737,0.222216044132499,0.198836875591186
"231",-184.874547252523,377.960734716687,0,0.987708,0.175703132569663,0.166827583062457
"232",-193.537996992251,395.287634196143,0,0.509477,0.243188827281548,0.234684447816887
"233",-180.355312943171,368.922266097982,0,0.973773,0.387298896256065,0.305315765689672
"234",-179.500175231646,367.211990674932,0,1,0.35466903354301,0.279761091878284
"235",-189.336932195263,386.885504602167,0,0.999597,0.257985491747226,0.235837517656378
"236",-158.353417009046,324.918474229732,0,0.999985,0.235823834311128,0.159262455282317
"237",-169.631440241501,347.474520694643,0,0.998934,0.197694966217004,0.155769219547998
"238",-177.148436224659,362.508512660959,0,1,0.308568598101035,0.241859848093684
"239",-182.594320613572,373.400281438784,0,0.967992,0.332220912658384,0.272717717975175
"240",-178.831847290022,365.875334791683,0,0.946074,0.116478090868896,0.118519297183426
"241",-168.271472061073,344.754584333786,0,0.998719,0.229630174372406,0.172682034752327
"242",-186.311073733185,380.83378767801,1.40273560440818,0.331509,0.238604069428529,0.214460623773523
"243",-179.770607138843,367.752854489327,0,0.998349,0.297938281401522,0.241113191273951
"244",-165.517306448377,339.246253108395,0,0.998736,0.170389527610544,0.133606131171192
"245",-162.432343150782,333.076326513204,0,0.961963,0.371511403919088,0.24453564177397
"246",-173.020190893212,354.252021998065,0,0.99999,0.227861102810661,0.180292219040827
"247",-188.222109977756,384.655860167153,0.0155131643418827,0.498061,0.668461187069471,0.551463476347886
"248",-161.816301693334,331.844243598309,0,0.999546,0.248475399693475,0.172192861720082
"249",-185.302160564571,378.815961340781,0,0.765473,0.282478248849493,0.243969148923163
"250",-160.401562962716,329.014766137073,0,0.956947,0.436545778352845,0.27706135735773
"251",-158.935516653843,326.082673519326,0,1,0.212643736287622,0.147594499366526
"252",-169.961591494982,348.134823201604,1.8284863901323,0.286132,0.10856569972902,0.103360292177065
"253",-157.638329240818,323.488298693277,0.83188663193198,0.397488,0.170297799539415,0.123129787853681
"254",-176.115531064585,360.442702340811,2.08716601006432,0.260459,0.171476871684356,0.149739860339724
"255",-175.797254704196,359.806149620032,0,0.591327,0.127427612669948,0.121651626102601
"256",-170.223211453836,348.658063119313,0,0.997427,0.306192877179911,0.223679114393137
"257",-173.507944795492,355.227529802623,0,0.920168,0.217518935347675,0.174594645436066
"258",-176.282470797527,360.776581806694,0,0.992631,0.219117476862324,0.180688393939402
"259",-170.717653604424,349.646947420489,0,0.999923,0.290084892894166,0.214671516980442
"260",-165.082786087397,338.377212386434,0,0.994852,0.13925027356804,0.115492622518067
"261",-187.947265831543,384.106171874726,0,0.999703,0.208685284580898,0.196143330052339
"262",-176.283415674352,360.778471560344,0,0.91978,0.185366239712356,0.158881448004926
"263",-176.130712642302,360.473065496244,0,0.801182,0.414453200003498,0.310723938890458
"264",-185.893899215001,379.999438641641,0,0.724535,0.185013351973928,0.175207027390413
"265",-162.543004428018,333.297649067676,0,0.981793,0.210765878452156,0.152100713141891
"266",-179.826568243789,367.864776699219,0.840134309920757,0.396501,0.237114300262082,0.199592250267643
"267",-185.318070311999,378.847780835639,0,0.999964,0.380541729272952,0.316296878103648
"268",-173.317321243445,354.846282698531,0,0.625142,0.125754787865389,0.117551454686696
"269",-162.534978443753,333.281597099147,0,0.999999,0.296787039300724,0.201166470180851
"270",-180.720090863988,369.651821939616,0,0.988101,0.321401097026518,0.259896071381816
"271",-179.55715686913,367.3259539499,1.41965038733088,0.329637,0.277469651320854,0.226538110229412
"272",-154.512322134981,317.236284481602,0,0.99999,0.197797854328367,0.133335706579444
"273",-182.200482745952,372.612605703545,0,0.946009,0.191858177163218,0.173262187333437
"274",-182.708032348442,373.627704908525,0,0.991056,0.232089142205683,0.202103298139456
"275",-170.427835073917,349.067310359473,0,1,0.397262613925113,0.28199588712659
"276",-177.171265203425,362.55417061849,0,0.762472,0.176987536116735,0.154936650585646
"277",-167.628937203791,343.469514619221,0,0.907876,0.133179788068212,0.11508220644102
"278",-170.451479418956,349.114599049553,0,0.990859,0.361801116935172,0.259397552285591
"279",-185.220498849292,378.652637910224,0,0.987001,0.227507946754578,0.204133094134983
"280",-165.608446469256,339.428533150152,0,0.992683,0.12345856357395,0.107297791723682
"281",-152.864845302986,313.941330817612,0,1,0.365936558019643,0.218598954860881
"282",-179.332880129659,366.877400470958,0.113687406653526,0.485793,0.219278397556426,0.186582793995342
"283",-189.249273526827,386.710187265295,0,0.991684,0.227374025763178,0.212673158704197
"284",-152.288176905085,312.78799402181,0,1,0.270881727381776,0.167628026862986
"285",-190.173409399098,388.558459009837,0,0.902732,0.211954930210326,0.203157457121501
"286",-174.824768314243,357.861176840127,0,0.999991,0.283503748790817,0.219681588103627
"287",-173.797627569491,355.806895350622,0,0.873986,0.223506683629653,0.178849003397994
"288",-186.176397890256,380.564435992152,0,0.718567,0.203322366065244,0.188761619850405
"289",-188.750832986336,385.713306184312,0,0.662177,0.20415620091866,0.194441640494136
"290",-173.503249243009,355.218138697657,0,0.999993,0.485483475313276,0.349816197778538
"291",-172.192398906159,352.596438023958,0,0.999839,0.174976824771355,0.145933071807675
"292",-167.780563425318,343.772767062275,0,1,0.305439319495197,0.217680744444414
"293",-169.038518834008,346.288677879657,0,0.529272,0.615183420314879,0.417822451911378
"294",-173.294011636231,354.799663484103,0,0.943599,0.256060996639135,0.198621648277363
"295",-158.282339833308,324.776319878256,0,0.999859,0.148709367586948,0.112608274741076
"296",-177.229971831315,362.671583874271,0,0.999954,0.270268469933991,0.216345853041897
"297",-171.795521554598,351.802683320836,0,0.999082,0.238365749702806,0.184522208450465
"298",-172.351044016523,352.913728244687,0,0.999999,0.333972338810651,0.246511328714801
"299",-182.82414907568,373.859938362999,1.57548182085117,0.312654,0.366195410263608,0.297852426620039
"300",-169.595910931174,347.403462073987,0,0.999633,0.242021858651875,0.18263776931239
"301",-176.407000696859,361.025641605359,0,0.999507,0.305617100720663,0.238026915223634
"302",-167.515816696323,343.243273604286,0,0.876466,0.13639888857073,0.116779345949167
"303",-175.976387296374,360.164414804389,0,0.999991,0.292065184987863,0.227972466051093
"304",-165.780898244995,339.77343670163,1.75649692202495,0.293541,0.186270827142514,0.143123871786291
"305",-183.56248649317,375.33661319798,0,0.998283,0.194131391247829,0.177347900757628
"306",-157.612931804881,323.437503821402,0,0.999999,0.402528314229363,0.250010997630045
"307",-166.558356171198,341.328352554036,0,0.960957,0.208523222848795,0.157244332416459
"308",-174.07463458717,356.36090938598,0,0.986338,0.142350595546573,0.128612330265094
"309",-169.555166904021,347.321974019682,0,1,0.397941100620772,0.27988337300102
"310",-195.712856932044,399.637354075729,0,0.976452,0.226424945433348,0.226799325188041
"311",-195.871900743319,399.955441698278,0,0.902115,0.188919304866942,0.197220939146796
"312",-178.265183095908,364.742006403457,0,0.998257,0.224820330276397,0.188213826924699
"313",-169.772065832962,347.755771877564,0,0.999466,0.204149396602095,0.159899564660132
"314",-188.073503340524,384.358646892688,0.845285907087714,0.395884,0.221621559247966,0.205889749884387
"315",-159.685052693813,327.581745599266,0,0.999716,0.286864071873052,0.189830210993865
"316",-164.729225104811,337.670090421262,1.6341983453691,0.30638,0.21267935994728,0.156700931556267
"317",-182.453127091178,373.117894393996,0,0.506157,0.207793876363328,0.185042886444976
"318",-184.113407613898,376.438455439436,0.901072695641744,0.389233,0.370408680366287,0.304933152377052
"319",-178.941444432712,366.094529077064,0,0.996823,0.289807258089976,0.233500170451475
"320",-175.072747996725,358.35713620509,0,0.936213,0.13559550384942,0.125744854838572
"321",-179.166380274749,366.544400761138,0,0.999833,0.499257354778513,0.380683864443964
"322",-172.939984101555,354.09160841475,0,0.999863,0.321505057137103,0.239940001329799
"323",-157.975912758999,324.163465729638,0,1,0.627824931232466,0.380084064583959
"324",-177.185881292442,362.583402796523,0,0.999903,0.243883630138171,0.198705862414321
"325",-167.40343521088,343.018510633401,0.984373527877324,0.379379,0.360804831177263,0.250752755234638
"326",-167.844892373756,343.901424959152,0,1,0.384453985207857,0.26659181273621
"327",-181.700879637447,371.613399486535,0,0.999749,0.206946829757678,0.182704172722491
"328",-168.523064634261,345.257769480162,0,0.999927,0.222764283892628,0.169006390263174
"329",-171.583556014201,351.378752240043,0,0.999821,0.180231594868997,0.148276605622168
"330",-184.197557016695,376.60675424503,0,0.99964,0.308664464614906,0.260138783768563
"331",-182.665606553821,373.542853319282,0,0.992137,0.192929276174594,0.174889069908941
"332",-178.471970319471,365.155580850582,0,0.996997,0.205365778646884,0.17569617050133
"333",-172.668270837098,353.548181885835,1.84898773656124,0.284043,0.119595810511264,0.11310624623245
"334",-178.152838148479,364.517316508598,0,0.834877,0.194110367557674,0.167700893013103
"335",-178.588586888161,365.388813987962,0,0.97888,0.197058028653895,0.170400483326249
"336",-166.404878356656,341.021396924952,0,0.999999,0.303507386126556,0.213488164370193
"337",-169.770575433091,347.752791077822,0,0.999974,0.299237699830467,0.218314282529699
"338",-177.365713724824,362.943067661288,0,0.948531,0.220134041614086,0.183393476522629
"339",-164.834365562028,337.880371335696,0,1,0.366130190804496,0.247385972901966
"340",-176.29698266166,360.805605534959,0,0.672418,0.689968126992954,0.502792086088451
"341",-179.928749987214,368.069140186068,0,0.703867,0.166987891495167,0.152779651747081
"342",-185.884174261311,379.979988734261,2.08315476096419,0.260846,0.339627842434168,0.287686628076619
"343",-174.80880880945,357.82925783054,0,0.69928,0.324503971302173,0.246549607048951
"344",-185.499023576119,379.209687363878,0.387363587749519,0.45173,0.50217859711786,0.408561465296888
"345",-179.354459847395,366.92055990643,0,0.942625,0.453330635746842,0.348738016908283
"346",-179.009855968625,366.231352148891,0,0.882183,0.145224091571326,0.137178587874341
"347",-177.904172704111,364.019985619863,0,1,0.38335827314159,0.294944081501388
"348",-181.687440789411,371.586521790463,0,0.677383,0.258882895404503,0.218568577440775
"349",-161.542242340724,331.296124893089,0,0.999834,0.220828063829988,0.156171796381238
"350",-175.834497132893,359.880634477426,0,0.999906,0.21782943658848,0.179028143248772
"351",-174.820649899295,357.85294001023,0,0.99998,0.293830321272917,0.226429894342951
"352",-179.399321335619,367.010282882879,0.0773263956045298,0.490335,0.148079099906263,0.13958735767432
"353",-174.948374491484,358.108389194607,0,1,0.393248995241416,0.292738119242026
"354",-144.405582565229,297.022805342099,0,1,0.26525781278818,0.151866826650847
"355",-165.194100678579,338.599841568798,0,0.999961,0.280615427332711,0.197207841050439
"356",-163.332474950609,334.876590112857,0,0.999993,0.226263417252007,0.162185349145194
"357",-178.598995302109,365.409630815857,0,1,0.25975615831515,0.212298756288221
"358",-184.02548903885,376.26261828934,0,0.999486,0.206405579122577,0.186779324252988
"359",-176.110807212699,360.433254637038,0,0.91957,0.158587997459597,0.141554966056154
"360",-162.814906405046,333.841453021731,0,0.992191,0.123033221978926,0.104023626397642
"361",-168.136637332235,344.48491487611,0.185554675760727,0.476822,0.15944999432297,0.13087636768654
"362",-191.957616441223,392.126873094087,0,0.780193,0.379936571048344,0.338173774181337
"363",-174.232777459265,356.67719513017,0,0.986318,0.168600180830633,0.145258343909869
"364",-171.56608327952,351.343806770679,0,1,0.396285771921299,0.284602208257776
"365",-164.319737784343,336.851115780325,0.274671961559704,0.46572,0.261578991134264,0.184329236247786
"366",-179.296505426677,366.804651064994,1.76800266479023,0.292349,0.124097057228183,0.123997775262497
"367",-171.379661650167,350.970963511974,0,0.980665,0.243142549196475,0.186694429842018
"368",-183.737659718695,375.686959649029,0,0.999726,0.363373566180089,0.298559302115478
"369",-187.364293979835,382.940228171311,0,0.991949,0.589555613792326,0.48458710081407
"370",-164.354706129072,336.921052469785,0.259873109667808,0.467561,0.135138386757877,0.112343721407978
"371",-189.945330428127,388.102301067895,0,0.975341,0.390191710745869,0.339319030466715
"372",-173.984279538377,356.180199288394,0,0.999998,0.659511577430278,0.470059645881534
"373",-169.392652189074,346.996944589788,0,1,0.293560254974626,0.213914018444726
"374",-169.625475224449,347.462590660538,0,1,0.278431592688595,0.205067634034434
"375",-172.364246216724,352.940132645088,0,0.996368,0.276835493039003,0.20993789158854
"376",-177.933004299462,364.077648810564,0,0.952187,0.235792290739428,0.19485860463122
"377",-151.065315733727,310.342271679094,0,0.758176,0.164942810309334,0.112440829094325
"378",-178.236988244377,364.685616700394,2.03538324023555,0.265477,0.204787819073808,0.17488901781269
"379",-179.584771820203,367.381183852046,0,0.885863,0.294751301945943,0.238462295983426
"380",-188.487793252949,385.187226717538,0,0.999945,0.255344212841822,0.23182802242424
"381",-160.788259740801,329.788159693242,0,0.999139,0.26825905161521,0.181505520611182
"382",-173.765741078188,355.743122368016,0,0.97322,0.24471272201912,0.192371532507134
"383",-176.467290487596,361.146221186832,0,0.999922,0.221108472082701,0.182434114482941
"384",-183.062575345196,374.336790902033,0,0.999893,0.267306785073618,0.227660129979455
"385",-182.682224160255,373.57608853215,0,0.99819,0.337565728032707,0.27677474441038
"386",-164.415759168781,337.043158549201,0,0.983767,0.205513639006991,0.152528375316568
"387",-187.134683301137,382.481006813914,0,0.86009,0.282766787532117,0.248845767658626
"388",-175.142427566981,358.496495345603,0,0.721464,0.12886653844129,0.121704086030915
"389",-187.674772668658,383.561185548956,0,0.957567,0.248911090965083,0.225091676345628
"390",-176.567056458466,361.345753128573,0,0.999791,0.273179463111559,0.216809975823852
"391",-146.209902212073,300.631444635786,0,0.514939,0.167375762218848,0.108102419433447
"392",-179.304491854231,366.820623920103,0,0.940145,0.241890860579824,0.201752504365955
"393",-176.899856955229,362.011354122098,0,0.999925,0.513313246458176,0.381607194211807
"394",-193.399377648911,395.010395509463,0.343307841369381,0.457192,0.15480852173642,0.166302820269495
"395",-167.533667006692,343.278974225025,0,0.998411,0.244792722075308,0.180431645832476
"396",-163.092751371842,334.397142955324,0,0.998032,0.246683004683452,0.173441808881312
"397",-170.991904102037,350.195448415713,0,0.999085,0.195113162273822,0.156388226944408
"398",-178.491670710289,365.194981632219,0,0.945045,0.233798707727764,0.194667677675888
"399",-166.139619762956,340.490879737553,0,0.997615,0.652328690591086,0.428956195837817
"400",-169.582184024685,347.376008261011,0,1,0.277114991004067,0.20416743163321
"401",-165.565932500671,339.343505212982,0,1,0.33503606787178,0.230502166881729
"402",-184.049400383676,376.310440978993,0,0.997234,0.192851700131603,0.177344439314283
"403",-161.510471803575,331.23258381879,0,0.608621,0.174353526380701,0.130383755449472
"404",-175.785579005499,359.782798222638,0,0.999924,0.480865435442901,0.355036282669064
"405",-180.5478528415,369.307345894641,2.04864752139417,0.264186,0.206370491573104,0.180186508094563
"406",-171.069884859715,350.351409931071,0,0.999463,0.235772346829205,0.18153384532482
"407",-183.459852043495,375.131344298631,0,0.6635,0.126830066196133,0.131235892326637
"408",-181.684864443267,371.581369098175,0,0.989969,0.156599176884234,0.148609979271411
"409",-159.413063327734,327.037766867109,0,0.996759,0.181546867551699,0.131467224581676
"410",-180.812685865184,369.837011942009,0,0.999815,0.36403217604438,0.290201432721535
"411",-159.391164921931,326.993970055503,0,0.999997,0.228280671587591,0.156846396535836
"412",-166.514641270494,341.240922752629,0,0.546804,0.208803099768216,0.157354303904053
"413",-168.835571354621,345.882782920882,2.03486824657847,0.265528,0.162334926107561,0.133515453419426
"414",-183.416277900123,375.044196011887,0,0.691112,0.328442063803794,0.272379953592915
"415",-174.727721806158,357.667083823956,0,0.950671,0.296624476781225,0.228019223751604
"416",-178.206404682554,364.624449576748,0,0.98787,0.347805781922524,0.271356906322672
"417",-166.011985745499,340.235611702639,0,0.994346,0.251330662041668,0.181489223598619
"418",-174.227539961094,356.666720133829,0,0.602483,0.229555016749564,0.183567744509038
"419",-188.574070497619,385.359781206877,0,0.999039,0.255859408548871,0.232402702653452
"420",-181.072232121137,370.356104453915,0,0.945115,0.178007801681802,0.161965022587949
"421",-166.474043928739,341.159728069118,0,0.987647,0.191177124465574,0.146984651777626
"422",-175.477163384931,359.165966981503,0,0.9485,0.385247756302476,0.288962086299342
"423",-174.887770000648,357.987180212936,0,0.999986,0.206303715446708,0.169918937519972
"424",-180.104356101315,368.42035241427,0,0.999987,0.391169418512788,0.307245974600651
"425",-195.617300820734,399.446241853108,0,0.614624,0.242258749825086,0.239004330081035
"426",-170.204248095204,348.620136402048,0,0.908397,0.345837688257929,0.248617099898599
"427",-185.575354387573,379.362348986785,0,0.974104,0.212450833764705,0.194098279548705
"428",-164.244663034675,336.70096628099,0,0.994971,0.196993129272797,0.146943717811846
"429",-182.355439877128,372.922519965897,0,0.999906,0.238796458660929,0.206021936372799
"430",-170.065801054342,348.343242320324,0,0.999724,0.150214110904082,0.128040424844313
"431",-159.930052880643,328.071745972927,0,0.639909,0.185452827426917,0.134277484133087
"432",-192.676465549815,393.56457131127,0,0.996377,0.23308545005873,0.224755787270852
"433",-157.051292086609,322.314224384857,0,0.999996,0.301414743398131,0.192664783620584
"434",-163.715903545157,335.643447301954,0,1,0.295842243670658,0.203094914049763
"435",-173.069039791765,354.349719795171,2.00439178531138,0.26851,0.164501014073933,0.140822911014816
"436",-182.342534069842,372.896708351324,0,0.989172,0.258145196586853,0.219200748207467
"437",-181.941275701033,372.094191613706,0,0.999996,0.258968586109983,0.21921865019442
"438",-171.71199875196,351.635637715561,0,0.936389,0.177551408156723,0.146791038674897
"439",-164.286011067091,336.783662345821,0,0.995519,0.17543135800717,0.134797752457108
"440",-178.972138769959,366.155917751559,1.4518308948015,0.326092,0.143195339721782,0.135784483731817
"441",-177.799666216577,363.810972644794,0.509885115802433,0.436607,0.276210826252949,0.221627587254695
"442",-175.043529609821,358.298699431282,0,0.999567,0.232905431571215,0.187276176286432
"443",-154.015011981681,316.241664175002,0,0.999893,0.366080091000082,0.22126744656057
"444",-169.685107966147,347.581856143934,0,1,0.429632038990928,0.30045412819413
"445",-181.702797414731,371.617235041103,0,0.976011,0.229108064813152,0.197958762466965
"446",-184.199978379663,376.611596970967,0,0.998888,0.240111973793907,0.210945857505263
"447",-167.789102745963,343.789845703566,0,0.94172,0.252472678358755,0.185390840192492
"448",-179.990499064872,368.192638341385,1.54025098631814,0.316452,0.293127289940933,0.238339724993501
"449",-170.828337745945,349.868315703531,0,0.999994,0.350582222922085,0.253227952380422
"450",-190.355170609278,388.921981430196,0,0.929808,0.249209539988925,0.231645352650056
"451",-182.955628512714,374.122897237068,1.14760175316212,0.36036,0.531669182109623,0.41988155803233
"452",-177.12214125987,362.45592273138,0,0.999997,0.280048238863644,0.222645507080972
"453",-177.636964920241,363.485570052122,1.68036145264762,0.301497,0.176538896414484,0.155381918813998
"454",-154.408907940576,317.029456092793,0,0.998421,0.172506812619469,0.120230171776276
"455",-166.82486470679,341.86136962522,1.92528708612969,0.276349,0.168230614064243,0.13426869082722
"456",-163.210698283783,334.633036779206,0,1,0.994307404762309,0.628176712017784
"457",-199.384513247312,406.980666706264,0.469179980320291,0.44162,0.219398835899489,0.229516295698598
"458",-173.820610510096,355.852861231832,0,1,0.462767508540366,0.33571158794678
"459",-172.175208781959,352.562057775557,0,0.999999,0.422708047297825,0.303807027001599
"460",-161.190974776954,330.593589765549,0,1,0.493641274274304,0.31294038320399
"461",-159.125462686728,326.462565585096,0,0.998862,0.240777716144268,0.163257265217801
"462",-172.335210736752,352.882061685144,0,0.97457,0.186759624578609,0.153398354981583
"463",-175.630368886827,359.472377985295,0,0.979957,0.181959511997193,0.15564651266783
"464",-166.679378692055,341.570397595749,0,0.999978,0.181144296474741,0.141469162223791
"465",-187.779458620118,383.770557451876,0,0.73926,0.237944982716195,0.217267692075709
"466",-172.413322339595,353.03828489083,0,0.999769,0.313939007744545,0.233831866330316
"467",-179.360072805506,366.931785822652,0,0.999672,0.162839602949227,0.149146833654143
"468",-177.813374164376,363.838388540392,0,0.99837,0.217405400957021,0.182434929768584
"469",-179.212877680849,366.637395573338,0,0.991858,0.242731530677564,0.202154675682138
"470",-174.924720056572,358.061080324784,0,0.995599,0.30381999681019,0.233216622619629
"471",-162.923967020703,334.059574253046,0,1,0.41084900317731,0.269045554795777
"472",-173.494484658912,355.200609529465,0,0.978573,0.136341166029264,0.124185741753269
"473",-164.394522314973,337.000684841585,0,0.965575,0.237334927543508,0.17036589412461
"474",-176.519177673616,361.249995558873,0,0.99083,0.19262963586057,0.163952813853558
"475",-171.905975392801,352.023590997241,0,0.999994,0.292003805232839,0.218609006555343
"476",-176.604564119292,361.420768450225,0,0.999987,0.380226233272498,0.288896626513522
"477",-174.345869668711,356.903379549063,0,0.996532,0.274580792892084,0.212619668984404
"478",-169.04925882662,346.31015786488,0,0.941814,0.184988466926203,0.147240072163873
"479",-151.197718921923,310.607078055487,0,0.999942,0.211404738442703,0.135656573679563
"480",-183.506672330247,375.224984872135,0,0.939076,0.209642617996434,0.188036079560602
"481",-161.376853777623,330.965347766886,0,0.721111,0.204400982705884,0.146764778712849
"482",-183.843228940329,375.898098092299,0,1,0.337895756392054,0.280348683411805
"483",-178.945323236131,366.102286683902,0,0.791159,0.384376312721019,0.298864245731227
"484",-183.046033802624,374.303707816888,0.487608915060264,0.439349,0.285334640220715,0.240412644324329
"485",-148.107215390946,304.426070993532,0,0.999968,0.28724891716304,0.168657159252774
"486",-179.32049095072,366.852622113081,0,1,0.471430833017614,0.361473408847195
"487",-171.876338306266,351.964316824172,0,1,0.454989198175393,0.323908408528068
"488",-173.071677572411,354.354995356462,0,0.916479,0.124727867639525,0.116642582161602
"489",-176.313062416761,360.837765045163,1.39924185067161,0.331896,0.341672736750761,0.261972542755728
"490",-166.848241811657,341.908123834954,0,0.999241,0.206767772635268,0.156675221707545
"491",-181.268094875992,370.747829963625,0,0.928182,0.473645350636713,0.370387640248096
"492",-158.969053711815,326.149747635271,0,0.815434,0.128826169486066,0.102988485804586
"493",-178.207103864029,364.625847939698,0.808907937857214,0.400243,0.219563287932345,0.184605698383874
"494",-167.832250165025,343.876140541691,0,0.982821,0.180535672112867,0.142800382367018
"495",-185.514433313515,379.240506838671,0,0.998877,0.191380280278159,0.179017141689776
"496",-161.156242641269,330.524125494179,0,0.879319,0.191206704425397,0.139152824198654
"497",-182.587727101079,373.387094413798,0.590477393334595,0.426722,0.30150243289826,0.2507782881825
"498",-181.014073232058,370.239786675756,0,0.921099,0.220360649107523,0.190595924010036
"499",-183.624165827565,375.45997186677,1.71586813672849,0.297771,0.261994602368076,0.225226752357858
"500",-181.776048160956,371.763736533552,0,0.999525,0.236062183681905,0.202923691649566
